Name,Place ID,On Saved List,Food Place,Business Status,Website,Outcome,Verified Emails,Cached Emails,Checked At,Pages Checked,Failed Pages,Contact Forms
12 Matcha,ChIJYQM4uYJZwokRtU7IAZdSHZ0,True,True,OPERATIONAL,https://12matcha.com/,found,info@12matcha.com,info@12matcha.com,2026-10-03T21:59:53.830329+00:00,4,,https://www.12matcha.com/ | https://www.12matcha.com/contact | https://www.12matcha.com/support | https://www.12matcha.com/faq
1 golden pancake,ChIJX3bYWgBhwokRD581_oUOa5k,True,True,CLOSED_PERMANENTLY,,no_website,,,2026-10-03T21:48:03.204684+00:00,0,,
2 Bros Pizza,ChIJ1x6n_axZwokRwVtestFkcV0,True,True,OPERATIONAL,https://www.2brospizza.com/,incomplete_lookup,,,2026-10-03T22:07:07.163683+00:00,9,,https://www.2brospizza.com/ | https://www.2brospizza.com/contact/ | https://www.2brospizza.com/Locations2/ | https://www.2brospizza.com/private-events/ | https://www.2brospizza.com/location/755-6th-ave-new-york-ny-10010/ | https://www.2brospizza.com/location/542-9th-ave-new-york-ny-10018/
303 In the Cut,ChIJl1ffnv1GrY0RQ0w6WLGQWG0,True,True,OPERATIONAL,http://303inthecut.com/,found,303inthecut@gmail.com info@303inthecut.com,303inthecut@gmail.com info@303inthecut.com,2026-10-03T21:48:03.205316+00:00,4,,https://303inthecut.com/contact-us | https://303inthecut.com/hours-%2B-location
375° Chicken 'n Fries,ChIJ4VMjWotZwokRnkSXezyMBgc,True,True,OPERATIONAL,https://www.375chicken.com/,incomplete_lookup,,,2026-10-03T22:07:08.357434+00:00,9,,https://www.375chicken.com/contact
969 NYC Coffee,ChIJpVgwCalfwokREU6kmsyAqG8,True,True,OPERATIONAL,https://969nyccoffee.shop/,incomplete_lookup,,,2026-10-03T22:07:10.539362+00:00,2,SSLError: https://969nyccoffee.shop/,
A&A Bake Doubles and Roti,ChIJhZ5AnJpbwokR8xu2jnQDqP0,True,True,OPERATIONAL,https://aabakedoublesandroti.shop/,not_found_on_checked_pages,,,2026-10-03T22:07:12.873445+00:00,3,,
Abuqir,ChIJLfbhP2pfwokRvwGbpdfqH8Q,True,True,OPERATIONAL,,no_website,,,2026-10-03T21:48:03.414226+00:00,0,,
ad hoc : cafe,ChIJNUwuoJZZwokR-ngPjYTmepc,True,True,CLOSED_PERMANENTLY,http://www.adhoccollective.com/,not_found_on_checked_pages,,,2026-10-03T21:48:03.414235+00:00,1,,
Adel's Famous Halal Food,ChIJNRe1Mf9YwokRvxBdos5UEY4,True,True,OPERATIONAL,http://adelsfamousnyc.com/,found,adelsfamoushalalfood@gmail.com,adelsfamoushalalfood@gmail.com,2026-10-03T21:48:04.096065+00:00,3,,https://www.adelsfamousnyc.com/ | https://www.adelsfamousnyc.com/contact/ | https://www.adelsfamousnyc.com/location/adels-famous-halal-food/
Akino,ChIJc6fmxaxfwokRnKatMHUC1PA,True,True,OPERATIONAL,https://www.akinonewyork.com/,contact_form_only,,,2026-10-03T22:07:15.014538+00:00,4,,https://www.akinonyc.com/ | https://www.akinonyc.com
Alabaster Bookshop,ChIJpTRUPJlZwokRtFv10EUtj-k,False,False,OPERATIONAL,,no_website,,,2026-10-03T21:48:05.209453+00:00,0,,
Alive & Kicking Lobsters,ChIJP5j-lVh344kRMmtLTr13V5Q,True,True,OPERATIONAL,https://aliveandkickinglobster.com/,not_found_on_checked_pages,,,2026-10-03T22:07:17.356131+00:00,2,,
All'Antico Vinaio,ChIJAaxcldRZwokRj1hYrfy09Fg,True,True,OPERATIONAL,https://www.allanticovinaiousa.com/,found,info@allanticovinaionyc.com press@allanticovinaiousa.com,info@allanticovinaionyc.com press@allanticovinaiousa.com,2026-10-03T21:48:05.209465+00:00,6,HTTP_404: https://www.allanticovinaiousa.com/washington-st-boston/,https://www.allanticovinaiousa.com/ | https://www.allanticovinaiousa.com/contact/ | https://www.allanticovinaiousa.com/about-us/ | https://www.allanticovinaiousa.com/store-locator/ | https://www.allanticovinaiousa.com/private-events/
Ama’Gees Jamaican Cuisine,ChIJJxTLMcflrIkRkm2wS8WglaM,True,True,OPERATIONAL,http://amagees.com/,found,amageesjafood@gmail.com,amageesjafood@gmail.com,2026-10-03T21:48:05.247387+00:00,4,,https://www.amagees.com/ | https://www.amagees.com/contact-us | https://www.amagees.com/blank | https://www.amagees.com/about-me
Amor y Amargo,ChIJObMZS51ZwokR0ffmCsI0qFQ,True,True,OPERATIONAL,https://www.overthrowhospitality.com/,found,events@overthrowhospitality.com press@overthrowhospitality.com reservations@overthrowhospitality.com speakup@overthrowhospitality.com,events@overthrowhospitality.com press@overthrowhospitality.com reservations@overthrowhospitality.com speakup@overthrowhospitality.com,2026-10-03T21:48:05.731250+00:00,6,,https://www.overthrowhospitality.com/ | https://www.overthrowhospitality.com/contact | https://www.overthrowhospitality.com/private-events | https://www.overthrowhospitality.com/team | https://www.overthrowhospitality.com/story | https://www.overthrowhospitality.com/careers
ANDO patisserie,ChIJIUflsoxZwokRjZOVMKRhjWc,True,True,OPERATIONAL,https://www.andopatisserie-official.com/,not_found_on_checked_pages,,,2026-10-03T22:07:17.835446+00:00,2,,
Angel,ChIJ1wuWgyxfwokRsawxQvB8hMo,False,True,OPERATIONAL,https://angelindianqueens.com/,incomplete_lookup,,,2026-10-03T21:48:06.373463+00:00,1,SSLError: https://angelindianqueens.com/,
Appas Pizza,ChIJI-B3_8FZwokR8zdG-UWfmrk,False,True,CLOSED_PERMANENTLY,https://appaspizza.com/?utm_source=google,not_found_on_checked_pages,,hello@appaspizza.com,2026-10-03T21:48:06.570670+00:00,1,,
Arepa Lady Astoria,ChIJcdMQQARfwokRxCUc7yEQZP8,False,True,OPERATIONAL,https://www.thearepalady.com/,incomplete_lookup,,,2026-10-03T21:48:07.164944+00:00,1,ValueError: https://www.thearepalady.com/,
ARIARI,ChIJhUDJFUVZwokRkNERZsyOxWo,True,True,OPERATIONAL,https://ariarinyc.com/,found,info@ariarinyc.com,info@ariarinyc.com,2026-10-03T21:48:07.199695+00:00,3,,
Aroma Latin American Cocina,ChIJbxfwGlPRyIARf4iuW6CUVfc,False,True,OPERATIONAL,https://aromacocinalv.com/,incomplete_lookup,,,2026-10-03T21:48:07.533526+00:00,1,robots_disallowed: https://aromacocinalv.com/,
Astoria Bagel Shop,ChIJUyVxHFxfwokR1IlQnzpuDUc,True,True,OPERATIONAL,,no_website,,,2026-10-03T21:59:53.833099+00:00,0,,
ATOMIX,ChIJ3bmAHghZwokRRXYO57yLuss,True,True,OPERATIONAL,http://www.atomixnyc.com/,found,career@atomixnyc.com info@atomixnyc.com naeun@hellobecca.com,career@atomixnyc.com info@atomixnyc.com naeun@hellobecca.com,2026-10-03T21:48:07.960017+00:00,2,,https://www.atomixnyc.com/about
Ayat Astoria,ChIJN1WcdwBfwokRt42atleHGwI,True,True,OPERATIONAL,https://www.ayatnyc.com/location/astoria/?utm_source=google&utm_medium=organic&utm_campaign=gbp-profile%20&utm_content=ast,incomplete_lookup,,,2026-10-03T22:07:18.647588+00:00,9,,https://www.ayatnyc.com/location/astoria/?utm_source=google&utm_medium=organic&utm_campaign=gbp-profile%20&utm_content=ast | https://www.ayatnyc.com/contact/ | https://www.ayatnyc.com/about/ | https://www.ayatnyc.com/location/DC/ | https://www.ayatnyc.com/reservation/ | https://www.ayatnyc.com/location/dallas/
B & B,ChIJ9WbzQ6VZwokRJ_qUroHyl6Y,True,True,OPERATIONAL,,no_website,,,2026-10-03T21:48:08.301152+00:00,0,,
Ba Xuyên,ChIJr42oxs5awokRzyJdj2zfdIc,True,True,OPERATIONAL,https://orderbaxuyen.com/,not_found_on_checked_pages,,,2026-10-03T22:07:20.592045+00:00,2,,
Bajeko Sekuwa,ChIJcbpWrW5fwokRu5R0WlKyVgk,True,True,OPERATIONAL,https://bajekosekuwaus.com/sunnyside?utm_source=google,found,bajekosekuwa2019@gmail.com myofficecolorado@gmail.com namastenepalbajeko@gmail.com,bajekosekuwa2019@gmail.com myofficecolorado@gmail.com namastenepalbajeko@gmail.com,2026-10-03T21:59:54.265282+00:00,4,,https://bajekosekuwaus.com/catering | https://bajekosekuwaus.com/page/contact-us
Bark Barbecue,ChIJ051SSnpbwokRRHizOSfAQjA,True,True,OPERATIONAL,http://barkbarbecueny.com/,found,info@barkbarbecueny.com,info@barkbarbecueny.com,2026-10-03T21:59:55.717249+00:00,3,,
Barkada Social Club,ChIJT1BhMQpfwokRi3rOsB0QErg,True,True,OPERATIONAL,https://barkadasocialclub.com/,found,support@spoton.com,contact@barkadasocialclub.com support@spoton.com,2026-10-03T21:48:08.444807+00:00,3,,https://www.barkadasocialclub.com/
Beacon,ChIJcV1uwFQz3YkRW1hFAG6ib7I,True,False,,http://www.cityofbeacon.org/,not_found_on_checked_pages,,,2026-10-03T21:48:08.456286+00:00,1,,
Bengal Tiger,ChIJXzb29flYwokR_lqUiFOLRBI,True,True,OPERATIONAL,http://www.bengaltigerindianfood.com/,found,bengaltigerindianfood@gmail.com,bengaltigerindianfood@gmail.com,2026-10-03T21:48:08.889250+00:00,1,,
Berimbau Brazilian Kitchen - West Village,ChIJpZm095JZwokRGez02CCWhpE,True,True,OPERATIONAL,https://www.berimbaunyc.com/,found,info@berimbaurestaurant.com,info@berimbaurestaurant.com,2026-10-03T21:48:09.103252+00:00,2,,https://www.berimbaunyc.com/ | https://www.berimbaunyc.com/events
Bernie’s,ChIJ5T7dN_ZZwokRKJxbtcuO9lw,False,True,OPERATIONAL,https://www.berniesnyc.com/,found,info@berniesnyc.com,info@berniesnyc.com,2026-10-03T21:48:09.820758+00:00,4,,https://www.berniesnyc.com/ | https://www.berniesnyc.com/about/ | https://www.berniesnyc.com/private-events/ | https://www.berniesnyc.com/location/bernies/
Bigoi Venezia,ChIJgdnYQcBYwokRDEGzKagrEfE,True,True,OPERATIONAL,http://www.bigoivenezia.com/,found,contact@bigoivenezia.com,contact@bigoivenezia.com,2026-10-03T21:48:09.837191+00:00,3,,
Birria LES Astoria,ChIJM_DDAI9fwokRU8Oh77Ms0-Q,True,True,OPERATIONAL,,no_website,,,2026-10-03T21:59:55.745069+00:00,0,,
Birria LES Saint Marks Place,ChIJOR4b2lxZwokRxuGITUSc9G8,True,True,OPERATIONAL,,no_website,,,2026-10-03T21:48:09.858555+00:00,0,,
Blue Corn Cafe,ChIJNYLzXAfkrIkRtSkOteSdkek,False,True,CLOSED_PERMANENTLY,http://www.bluecorncafedurham.com/,incomplete_lookup,,,2026-10-03T21:48:09.858565+00:00,3,HTTP_404: https://bluecorncafedurham.com/content/contact-us.id.html?label=gog235jc-10CAsoaEI2dHVwYWl3aW4tcmVrb21lbmRhc2ktdG90by1zbG90LXRlcnBlcmNheWEtbWluLWRlcG8tMTBrSAlYA2hoiAEBmAEzuAEXyAEM2AED6AEB-AEBiAIBqAIBuALNvt3GBsACAdICJDczM2Y4YTUyLTgzY2YtNGYzYS04NjJmLWQxY2ZiMDEzMmI1ZtgCAeACAQ&sid=763c41d2c3813906f2527013f103b837&aid=356980 | HTTP_404: https://bluecorncafedurham.com/content/about.id.html?label=gog235jc-10CAsoaEI2dHVwYWl3aW4tcmVrb21lbmRhc2ktdG90by1zbG90LXRlcnBlcmNheWEtbWluLWRlcG8tMTBrSAlYA2hoiAEBmAEzuAEXyAEM2AED6AEB-AEBiAIBqAIBuALNvt3GBsACAdICJDczM2Y4YTUyLTgzY2YtNGYzYS04NjJmLWQxY2ZiMDEzMmI1ZtgCAeACAQ&sid=763c41d2c3813906f2527013f103b837&aid=356980,
Bánh,ChIJs_09yZ73wokRD-K3t2y0nH8,True,True,OPERATIONAL,http://banhny.com/,not_found_on_checked_pages,,,2026-10-03T22:07:23.346021+00:00,2,,
Bánh Mì Cô Út,ChIJDRVqZc1ZwokRzdh0pU9CskI,True,True,OPERATIONAL,https://www.instagram.com/banh_mi_co_ut_nyc/,incomplete_lookup,,,2026-10-03T21:59:56.236771+00:00,1,robots_disallowed: https://www.instagram.com/banh_mi_co_ut_nyc/,
Bodega Truck,,True,True,OPERATIONAL,http://www.bodegatruck.com/,found,bodegacity@icloud.com,bodegacity@icloud.com,2026-10-03T22:07:05.134719+00:00,4,non_restaurant_email_excluded: https://www.bodegacity.com/contact,https://www.bodegacity.com/ | https://www.bodegacity.com/contact | https://www.bodegacity.com/about-5
Bolivian Llama Party,ChIJ4T48ovNfwokRzcUcEojz55M,True,True,OPERATIONAL,http://www.blp.nyc/,incomplete_lookup,,,2026-10-03T22:07:25.363827+00:00,9,,https://www.blp.nyc/contact-us
Bonjour Banh Mi & Tea,ChIJi5F3d5n6rIkR-ncYfJLmBNk,True,True,OPERATIONAL,https://www.bonjourbanhmi-tea.com/,found,bonjourbanhmi@gmail.com,bonjourbanhmi@gmail.com,2026-10-03T21:48:10.291866+00:00,1,,https://www.bonjourbanhmi-tea.com/
Boris & Horton,ChIJG6_BbHZZwokRS6lKU3rCUtk,True,True,OPERATIONAL,http://www.borisandhorton.com/,incomplete_lookup,,user@domain.com,2026-10-03T22:07:27.100734+00:00,9,,
Broad Nosh Bagels Deli & Catering 58th Street,ChIJbVtD_4BZwokRVJcC9hll1l8,True,True,OPERATIONAL,https://broadnosh.com/,not_found_on_checked_pages,,,2026-10-03T22:07:29.998199+00:00,2,,
Brodo - East Village,ChIJJfnw-51ZwokRBvuXgU0uhMo,True,True,OPERATIONAL,http://brodo.com/,not_found_on_checked_pages,,,2026-10-03T22:07:45.085972+00:00,7,,
Brooklyn Ball Factory,ChIJqybi5fxbwokR3x90J-l6QaM,True,True,OPERATIONAL,https://www.brooklynballfactory.com/,not_found_on_checked_pages,,,2026-10-03T22:07:49.038514+00:00,4,,
Bullock's Bar-B-Cue,ChIJiRAsO0_hrIkRWyMHMgN5-vE,True,True,OPERATIONAL,http://www.bullocks-bbq.com/,not_found_on_checked_pages,,,2026-10-03T22:07:53.463168+00:00,4,,
Bund Dumpling House,ChIJ11vP79RfwokROtPouzSpSIE,True,True,OPERATIONAL,https://order.toasttab.com/online/bunddumplinghouse,incomplete_lookup,,,2026-10-03T21:48:14.155711+00:00,1,robots_disallowed: https://order.toasttab.com/online/bunddumplinghouse,
Bunlicious,ChIJCfAKUH9fwokR03bDGv0g6tM,False,True,CLOSED_PERMANENTLY,https://www.bunliciousny.com/,incomplete_lookup,,,2026-10-03T21:48:14.224867+00:00,1,ValueError: https://www.bunliciousny.com/,
Bushwick,ChIJU4RFqhFcwokRfMbASZnIKYs,False,False,,,no_website,,,2026-10-03T21:48:14.281278+00:00,0,,
C as in Charlie,ChIJx-bMHr1ZwokRd3i_y7F3VlE,True,True,OPERATIONAL,http://c-asincharlie.com/,found,charlie@c-asincharlie.com,CASINCHARLIE@BECCAPR.COM CHARLIE@C-ASINCHARLIE.COM charlie@c-asincharlie.com,2026-10-03T21:48:14.281287+00:00,3,,
Café China,ChIJhXTKrQBZwokRDA7Vijnq1AE,True,True,OPERATIONAL,http://cafechina.nyc/,found,cafechina.nyc@gmail.com,cafechina.nyc@gmail.com,2026-10-03T21:59:56.906615+00:00,3,,
CAFE 2BY2,ChIJsQRP-h5ZwokRDlo_A3pfjCg,True,True,OPERATIONAL,,no_website,,,2026-10-03T21:48:14.426328+00:00,0,,
Cafe W & Bakery / Dessert,ChIJNcVSuBphwokRjS7aZH-RGdk,True,True,OPERATIONAL,https://cafew.com/,found,management@cafew.com order@cafew.com,management@cafew.com order@cafew.com,2026-10-03T21:48:14.426338+00:00,4,,
Calabash African Kitchen,ChIJ93aBhkfByIARIJtrekZ7l2Q,True,True,OPERATIONAL,http://www.calabashafricankitchen.com/,found,calabashlv@gmail.com,calabashlv@gmail.com,2026-10-03T21:48:15.792884+00:00,4,,https://www.calabashafricankitchen.com/ | https://www.calabashafricankitchen.com/contact-us/ | https://www.calabashafricankitchen.com/about-us/ | https://www.calabashafricankitchen.com/reservations/
Calle Dao,ChIJnYkfZqpZwokRLxGbURXlMfQ,True,True,OPERATIONAL,https://www.calledao.com/location/calle-dao-bryant-park/,contact_form_only,,,2026-10-03T22:07:54.622595+00:00,9,,https://www.calledao.com/location/calle-dao-bryant-park/ | https://www.calledao.com/contact/ | https://www.calledao.com/reservations/ | https://www.calledao.com/holiday-party/ | https://www.calledao.com/private-dining/ | https://www.calledao.com/about-bryant-park/
Caravan Chicken,ChIJWxsEMDpfwokRFmKpXBvEaWI,True,True,OPERATIONAL,,no_website,,,2026-10-03T21:48:18.904850+00:00,0,,
Casa Adela,ChIJ5xneO3FZwokRyyN-P0ch-Wo,True,True,OPERATIONAL,https://casa-adela.shop/,unverified_only,,casa-adela@gmail.com,2026-10-03T21:48:18.904863+00:00,2,non_restaurant_email_excluded: https://casa-adela.placejoys.com/,
Cask Bar & Kitchen,ChIJF1VpOwZZwokR5vv-tQNGG0o,False,True,CLOSED_PERMANENTLY,http://casknyc.com/,incomplete_lookup,,info@casknyc.com,2026-10-03T21:48:19.112683+00:00,1,robots_disallowed: http://casknyc.com/,
cat cafe Mocha Lounge Shibuya Koen-dori Store,ChIJUWW7YKuNGGARuO9bPcMZWWE,True,True,OPERATIONAL,http://catmocha.jp/shibuyakoendori/,contact_form_only,,,2026-10-03T22:07:56.507711+00:00,6,,https://catmocha.jp/contact/
Cauldron Chicken,ChIJiaRkEmtZwokRnUTrANZtOyE,True,True,OPERATIONAL,,no_website,,,2026-10-03T21:48:20.134165+00:00,0,,
Chalong Southern Thai,ChIJhwCMNh5ZwokROomRErlMEpk,False,True,OPERATIONAL,http://www.chalongnyc.com/,found,chalong@chalongnyc.com,CHALONG@CHALONGNYC.COM chalong@chalongnyc.com,2026-10-03T21:48:20.134177+00:00,3,,
Charles Pan-Fried Chicken,ChIJS-MJVjL3wokRP38a58MePpQ,False,True,CLOSED_PERMANENTLY,https://www.charlespanfriedchicken.com/,contact_form_only,,qslobert@charlespanfriedchicken.com,2026-10-03T21:48:20.845126+00:00,5,,https://www.charlespanfriedchicken.com/guest-chef-series
Charles Pan-Fried Chicken,ChIJgZ9BHmX3wokRbTO_1t6253k,True,True,OPERATIONAL,http://charlespanfriedchicken.com/,contact_form_only,,,2026-10-03T22:08:05.859805+00:00,8,,https://www.charlespanfriedchicken.com/guest-chef-series
Chavela's,ChIJJ5J8yJ9bwokRjpOkpYgii5k,True,True,OPERATIONAL,http://chavelasnyc.com/,not_found_on_checked_pages,,,2026-10-03T22:08:07.307580+00:00,4,,
Chef Papa Vietnamese Kitchen,ChIJgYndA8phwokRgjxSQGi_Ruk,True,True,OPERATIONAL,,no_website,,,2026-10-03T21:48:21.636373+00:00,0,,
CHELI MANHATTAN 浙里,ChIJn7k4jxlZwokRhDkNH9383-o,True,True,OPERATIONAL,http://www.che-li.com/,found,cheli.press@gmail.com,cheli.press@gmail.com,2026-10-03T22:08:11.448154+00:00,8,,https://www.che-li.com/ | https://www.che-li.com/contact/ | https://www.che-li.com/location/che-li-flushing/ | https://www.che-li.com/private-events-and-catering/ | https://www.che-li.com/location/che-li-east-village/
ChiChicken 吃鸡,ChIJoSrPE3dZwokReX5_-Up2Ek0,True,True,OPERATIONAL,http://www.chichicken.food/,not_found_on_checked_pages,,,2026-10-03T22:08:13.464455+00:00,4,,
"Chick It Out "" Khao Man Gai""",ChIJ00jGAthfwokR3HvrYGSZqqM,True,True,OPERATIONAL,http://www.chickitoutastoria.com/,incomplete_lookup,,,2026-10-03T22:08:14.251084+00:00,3,TimeoutError: http://www.chickitoutastoria.com/,
Chick Rocks Inc,ChIJo0N1P69hwokRrkN0pexhRgs,True,True,OPERATIONAL,,no_website,,,2026-10-03T21:48:22.650782+00:00,0,,
CHILI,ChIJJS3mqONZwokR9KlP3H_7MNg,True,True,OPERATIONAL,https://www.chilinyc.com/,found,operation@chilinyc.com,operation@chilinyc.com,2026-10-03T21:48:22.650798+00:00,3,,
China Palace Restaurant,ChIJH3Gy9jXmrIkRBgYfpKcTx44,False,True,CLOSED_PERMANENTLY,https://chinapalacenc.com/,not_found_on_checked_pages,,,2026-10-03T21:48:23.822871+00:00,1,,
Chongqing Lao Zao,ChIJu4mR1fFhwokR94Uup8tbWZE,True,True,OPERATIONAL,https://www.chongqinglaozao.com/,found,chongqinglaozao.media@gmail.com,chongqinglaozao.media@gmail.com,2026-10-03T22:08:16.159852+00:00,2,,
Chubby Cattle BBQ | New York,ChIJ82C5uURZwokRgCm9U5LSEjk,True,True,OPERATIONAL,https://www.chubbycattle.com/project/chubby-cattle-new-york/,incomplete_lookup,,,2026-10-03T22:08:18.898323+00:00,9,,https://www.chubbycattle.com/contact-us/
Chubby Skewers｜Authentic Chinese BBQ,ChIJj3Cr2TJZwokRtK4-af0SWEo,False,True,OPERATIONAL,https://chubbyskewers.com/locations/chubby-skewers-manhattan/,incomplete_lookup,,,2026-10-03T21:48:23.946591+00:00,6,HTTP_404: https://chubbyskewers.com/contact-us/,https://chubbyskewers.com/locations/chubby-skewers-manhattan/ | https://chubbyskewers.com/contact/ | https://chubbyskewers.com/events/ | https://chubbyskewers.com/locations/ | https://chubbyskewers.com/locations/chubby-skewers-mesa/
Chubby TAN｜New York,ChIJLzF4vNlZwokRnPwpmyeZM1s,True,True,OPERATIONAL,https://www.chubbytan.com/,incomplete_lookup,,,2026-10-03T22:08:21.830319+00:00,8,HTTP_404: https://chubbytan.com/events,https://chubbytan.com/ | https://chubbytan.com/contact-us/ | https://chubbytan.com/about-us/ | https://chubbytan.com/locations/
CHUNKY BOSS,ChIJC-BCoxhZwokRsbNxpspwAAk,False,True,OPERATIONAL,https://chunkyboss.co/,incomplete_lookup,,,2026-10-03T21:48:24.240418+00:00,2,robots_disallowed: https://www.instagram.com/explore/locations/,
Churrascaria Plataforma,ChIJP9idxlZYwokRLH-I1mNfzYQ,True,True,OPERATIONAL,https://plataformaonline.com/,incomplete_lookup,,info@plataformanyc.com,2026-10-03T21:48:24.568734+00:00,1,robots_disallowed: https://plataformaonline.com/,
Cơm Tấm Ninh Kiều,ChIJyVMezoXzwokR2PdSFyth8jU,True,True,OPERATIONAL,http://toasttab.com/com-tam-ninh-kieu-2641-jerome-ave,incomplete_lookup,,,2026-10-03T21:48:24.711950+00:00,1,HTTP_403: http://toasttab.com/com-tam-ninh-kieu-2641-jerome-ave,
Cocoron,ChIJqYLInohZwokRyVt0R66Ws5Q,True,True,OPERATIONAL,https://www.cocoronandgoemon.com/,not_found_on_checked_pages,,goemoncurry@gmail.com,2026-10-03T22:08:25.570660+00:00,6,,
Coffee Project New York | Chelsea,ChIJjdjCLlJZwokR-qJu3EjlDEg,True,True,OPERATIONAL,https://coffeeprojectny.com/?utm_source=google&utm_medium=organic&utm_campaign=gmb_ch,incomplete_lookup,,,2026-10-03T21:48:25.351133+00:00,1,robots_disallowed: https://coffeeprojectny.com/?utm_source=google&utm_medium=organic&utm_campaign=gmb_ch,
Coffee Project New York | Hell's Kitchen,ChIJfe_2P1NZwokR6CnObz22-7M,True,True,OPERATIONAL,http://www.coffeeprojectny.com/,incomplete_lookup,,,2026-10-03T21:48:25.496380+00:00,1,robots_disallowed: http://www.coffeeprojectny.com/,
Consuelo,ChIJjzfZ3Vj3wokRuEIdA0m8EX8,True,True,OPERATIONAL,https://www.cocinaconsuelonyc.com/consuelouws,not_found_on_checked_pages,,,2026-10-03T22:08:27.052589+00:00,2,,
Copacabana,ChIJxaf4Ey5fwokR_cgU3o8Eo0c,True,True,OPERATIONAL,http://www.copacabanabraziliangrill.com/index.html,contact_form_only,,,2026-10-03T22:08:27.621143+00:00,6,,https://www.copacabanabraziliangrill.com/contact.html
Corgi Jianbing LIC 可吉煎饼,,True,True,OPERATIONAL,,no_website,,,2026-10-03T22:07:05.138881+00:00,0,,
Corima,ChIJgaiXlpNbwokRN0vlYTshs-c,True,True,OPERATIONAL,http://www.corimanyc.com/,found,info@corimanyc.com,info@corimanyc.com,2026-10-03T21:48:26.010324+00:00,2,,
Corner 28,ChIJuRovhwxgwokRkZOs5i8xGtM,True,True,OPERATIONAL,,no_website,,,2026-10-03T21:48:26.208189+00:00,0,,
Cosme,ChIJT-gYZKFZwokR7O8LLYuYMjU,True,True,OPERATIONAL,http://www.cosmenyc.com/,found,info@casamata.com info@cosmenyc.com maya@casamata.com,Presspress@casamata.comEventsprivatedining info@casamata.com info@cosmenyc.com maya@casamata.com,2026-10-03T21:48:26.208202+00:00,1,,
Cozy Royale,ChIJcUYuBjVZwokR0hbpWj6d6X4,True,True,OPERATIONAL,http://cozyroyale.com/,found,hello@cozyroyale.com,hello@cozyroyale.com,2026-10-03T21:59:59.121800+00:00,3,,
Cucciolo Osteria Durham,ChIJB1ezo-LlrIkRpA1ptS3kt4k,True,True,OPERATIONAL,http://www.cucciolodurham.com/,incomplete_lookup,,,2026-10-03T22:08:31.418614+00:00,9,,https://cucciolonc.com/osteria/contact/ | https://cucciolonc.com/famiglia/contact/ | https://cucciolonc.com/terrazza/contact/
cutes house,ChIJda5oAz_1wokRmI78xUwg67o,False,False,OPERATIONAL,,no_website,,,2026-10-03T21:48:27.082127+00:00,0,,
Daesung korean Noodle,ChIJ9eM_7DBgwokRj-RfOwEixog,True,True,OPERATIONAL,https://daesungkoreannoodle.site/,not_found_on_checked_pages,,,2026-10-03T22:08:34.378084+00:00,5,,
Dallas BBQ Times Square,ChIJn5a71FRYwokRGB7grb84QaI,True,True,OPERATIONAL,https://dallasbbq.com/,found,collabs@dallasbbq.com hello@dallasbbq.com marketing@dallasbbq.com rosa@dallasbbq.com saha@dallasbbq.com,collabs@dallasbbq.com hello@dallasbbq.com marketing@dallasbbq.com rosa@dallasbbq.com saha@dallasbbq.com,2026-10-03T21:48:27.255015+00:00,6,,https://www.dallasbbq.com/ | https://www.dallasbbq.com/contact | https://www.dallasbbq.com/events | https://www.dallasbbq.com/reservations | https://www.dallasbbq.com/special-events | https://www.dallasbbq.com/times-square
Davelle,ChIJk1s5AIFZwokRymNr0rhKWFE,True,True,OPERATIONAL,http://davellenewyork.com/,not_found_on_checked_pages,,,2026-10-03T22:08:42.490755+00:00,2,,
Dialogue Coffee & Flowers,ChIJj1_yRahZwokRr6Ktp4IQ4Ew,True,True,OPERATIONAL,https://dialogue.nyc/,found,dialogue@idleflora.com hi@dialogue.nyc,dialogue@idleflora.com hi@dialogue.nyc,2026-10-03T21:48:29.906148+00:00,2,,
Dim Sum Palace,ChIJm6U7h4VbwokRGhi7qBdh2Yg,True,True,OPERATIONAL,http://www.dimsumpalace.com/,incomplete_lookup,,,2026-10-03T21:48:30.169582+00:00,1,robots_disallowed: http://www.dimsumpalace.com/,
Dim Sum Palace,ChIJg5jn8FNYwokRwH-IWxB2gb8,False,True,OPERATIONAL,https://www.dimsumpalace.com/,incomplete_lookup,,,2026-10-03T21:48:30.295121+00:00,1,robots_disallowed: https://www.dimsumpalace.com/,
District Saigon,ChIJVeu9vztfwokRjvnSb6ovSn8,True,True,OPERATIONAL,http://www.districtsaigonnyc.com/,found,districtmotnyc@gmail.com,districtmotnyc@gmail.com,2026-10-03T21:48:30.376955+00:00,2,,
Döner Haus,ChIJRRfRarNZwokRIEr7WGDqMq0,True,True,OPERATIONAL,https://www.doner.haus/,found,info@doner.haus,info@doner.haus,2026-10-03T21:48:30.837253+00:00,2,,
Dominique Ansel Workshop,ChIJo7FBbQdZwokR923ixkRp0xQ,True,True,OPERATIONAL,http://dominiqueanselworkshop.com/,found,info@dominiqueanselworkshop.com,info@dominiqueanselworkshop.com,2026-10-03T21:48:30.970041+00:00,3,,https://www.dominiqueanselworkshop.com/ | https://www.dominiqueanselworkshop.com/catering/ | https://www.dominiqueanselworkshop.com/about-dominique/
Donovan's Pub,ChIJa5DECx5fwokRnuzeOoYBvbQ,True,True,OPERATIONAL,http://donovansny.com/,found,info@donovansny.com,info@divicocktailbar.com info@donovansny.com,2026-10-03T21:48:31.253690+00:00,5,,
Double Chicken Please,ChIJI25hF09ZwokRnmmiXXONRf4,False,True,OPERATIONAL,http://www.doublechickenplease.com/,found,info@doublechickenplease.com takochang@doublechickenplease.com,info@doublechickenplease.com takochang@doublechickenplease.com,2026-10-03T21:48:33.052954+00:00,1,,
dùndú,ChIJ6fVE7-dZwokRs36v832cIoc,True,True,OPERATIONAL,http://www.eatdundu.com/,incomplete_lookup,,info@eatdundu.com,2026-10-03T21:48:34.183085+00:00,1,robots_disallowed: http://www.eatdundu.com/,
Duo Cafe,ChIJ7WHiw8NZwokRcBER8ZksOJk,True,True,OPERATIONAL,,no_website,,,2026-10-03T21:48:34.277161+00:00,0,,
Durham Food Hall,ChIJM5mle8PlrIkRiVJVIhrzwHM,True,True,OPERATIONAL,http://durhamfoodhall.com/,found,events@durhamfoodhall.com info@durhamfoodhall.com,events@durhamfoodhall.com info@durhamfoodhall.com,2026-10-03T21:48:34.277172+00:00,3,,
Economy Candy,ChIJNdebOIFZwokR0JEfqeQONrQ,True,True,OPERATIONAL,https://www.economycandy.com/,found,help@economycandy.com,help@economycandy.com,2026-10-03T21:48:35.392940+00:00,6,,https://economycandy.com/ | https://economycandy.com/contact-us/ | https://economycandy.com/product-category/all-products/allergy-friendly/ | https://economycandy.com/faqs/ | https://economycandy.com/about-economy-candy/ | https://economycandy.com/product-category/all-products/allergy-friendly/page/2/
Eight Jane,ChIJMY6fzw9gwokRX7-iYzxPwEI,True,True,OPERATIONAL,,no_website,,,2026-10-03T21:48:35.552326+00:00,0,,
Ekhaya,ChIJQdCMCEnlrIkReatrqOC1jek,True,True,OPERATIONAL,https://zwelisekhaya.com/,found,info@zwelis.com,info@zwelis.com,2026-10-03T21:48:35.552337+00:00,2,,
El Castillo De Jagua,ChIJB1mzOIFZwokRkElevjezXJw,True,True,OPERATIONAL,https://www.castillodejagua2.com/,not_found_on_checked_pages,,,2026-10-03T22:08:42.986175+00:00,2,,
Elsewhere,ChIJrVAECUhfwokRsoEFM0dN67Q,False,True,OPERATIONAL,http://www.elsewherebrooklyn.com/?utm_source=google-my-business&utm_medium=organic,found,events@elsewhere.club info@elsewhere.club ismystuff@elsewhere.club members@elsewhere.club sponsorships@elsewhere.club ticketing@elsewhere.club,care@elsewherebrooklyn.com events@elsewhere.club info@elsewhere.club ismystuff@elsewhere.club members@elsewhere.club sponsorships@elsewhere.club ticketing@elsewhere.club,2026-10-03T21:48:36.682728+00:00,6,,https://www.elsewhere.club/help
Emily,ChIJYeJEs6RbwokRI9OjBP6hYG8,True,True,OPERATIONAL,https://www.pizzalovesemily.com/location/brooklyn/,found,catering@pizzalovesemily.com hello@emilybrooklyn.com,Hello@EmilyBrooklyn.com catering@pizzalovesemily.com hello@emilybrooklyn.com,2026-10-03T21:48:39.379469+00:00,6,,https://www.pizzalovesemily.com/location/brooklyn/ | https://www.pizzalovesemily.com/contact/ | https://www.pizzalovesemily.com/about-us/ | https://www.pizzalovesemily.com/private-events-west-village/ | https://www.pizzalovesemily.com/private-events-venue/brooklyn/ | https://www.pizzalovesemily.com/team-member/matt/
Empanadas Cafe,ChIJJyc8c9JfwokRv5fvVApxk0M,True,True,OPERATIONAL,http://www.empanadascafe.com/,found,infoempanadascafe@gmail.com,infoempanadascafe@gmail.com,2026-10-03T21:48:40.325703+00:00,2,,
Esse Taco,ChIJNcghJthZwokRbXz53Nk9gU4,True,True,OPERATIONAL,http://essetaco.com/,found,info@essetaco.com,info@essetaco.com,2026-10-03T21:59:59.978587+00:00,3,,https://www.essetaco.com/ | https://www.essetaco.com/about/ | https://www.essetaco.com/location/esse-taco/
Essex Pearl,ChIJYdd30IBZwokRls-AuPkdmsM,True,True,OPERATIONAL,https://www.essexpearl.com/,incomplete_lookup,,info@EssexPearl.com,2026-10-03T22:08:43.714412+00:00,2,SSLError: https://www.essexpearl.com/ | browser_load_error: https://www.essexpearl.com/,
Everlane,ChIJrU_vV49ZwokRwuh0E7Gf1uo,False,False,OPERATIONAL,https://everlane.com/,contact_form_only,,,2026-10-03T21:48:41.724977+00:00,2,,https://www.everlane.com/ | https://www.everlane.com/pages/about
Eyval,ChIJR9OEk_BdwokR9Qxlpi3I1ro,False,True,OPERATIONAL,http://www.eyvalnyc.com/,found,events@eyvalnyc.com info@eyvalnyc.com reservations@eyvalnyc.com,events@eyvalnyc.com info@evyalnyc.com info@eyvalnyc.com reservations@eyvalnyc.com,2026-10-03T21:48:44.259086+00:00,3,,
Falafel Tanami,ChIJVYUouLhEwokR0P6kpq9x2pk,True,True,OPERATIONAL,http://www.falafeltanami.getsauce.com/?utm_source=GMB&utm_medium=Website%20button&utm_id=Falafel%20Tanami,not_found_on_checked_pages,,,2026-10-03T22:08:44.049529+00:00,4,,
Falu House,ChIJbwTrdABZwokRJBMnW6dXFoM,True,True,OPERATIONAL,http://faluhouse.com/,incomplete_lookup,,,2026-10-03T22:08:47.644058+00:00,9,,
Fat Cat Flatbread,ChIJ18yL0p9hwokRiyGHnhPBmAM,True,True,OPERATIONAL,,no_website,,,2026-10-03T21:48:46.163844+00:00,0,,
Fay Da Bakery,ChIJcZSxyJNZwokRE_3Snje_so4,True,True,OPERATIONAL,http://www.fayda.com/,not_found_on_checked_pages,,info@fayda.com info@stagheaddesigns.com ninfo@fayda.com orders@fayda.com,2026-10-03T22:08:49.169228+00:00,7,,
Fette Sau,ChIJ5-1kAF9ZwokRxy_sb_0_IJ8,False,True,CLOSED_PERMANENTLY,http://www.fettesaubbq.com/,incomplete_lookup,,fettesaubbq@gmail.com,2026-10-03T21:48:48.730986+00:00,1,robots_disallowed: http://www.fettesaubbq.com/,
Fish Cheeks,ChIJgc7fPIVZwokRQMnqTxTf_Qk,True,True,OPERATIONAL,https://www.fishcheeksnyc.com/,found,info@fishcheeksnyc.com reservation@fishcheeksbk.com reservation@fishcheeksnyc.com,info@fishcheeksnyc.com reservation@fishcheeksbk.com reservation@fishcheeksnyc.com,2026-10-03T22:00:01.823713+00:00,6,,https://www.fishcheeksnyc.com/ | https://www.fishcheeksnyc.com/about/ | https://www.fishcheeksnyc.com/reservations/ | https://www.fishcheeksnyc.com/location/fish-cheeks/ | https://www.fishcheeksnyc.com/large-parties-and-private-events/ | https://www.fishcheeksnyc.com/location/fish-cheeks-williamsburg/
Flushing Ice Cream Factory,ChIJCTk1m41hwokRJ6qIo3-fFRc,False,True,CLOSED_PERMANENTLY,http://www.flushingicecreamfactory.com/,incomplete_lookup,,,2026-10-03T21:48:48.839775+00:00,1,robots_disallowed: http://www.flushingicecreamfactory.com/,
For All Things Good Bed-Stuy,ChIJpRiQFlFbwokRZjSvEE0BXc0,True,True,OPERATIONAL,http://forallthingsgoodbk.com/,incomplete_lookup,,,2026-10-03T22:08:51.573611+00:00,9,,
Forsythia NYC,ChIJ6Xa02cFZwokRv_5HQ3fHoHk,True,True,OPERATIONAL,http://forsythianyc.com/,found,info@forsythianyc.com,info@forsythianyc.com,2026-10-03T22:00:04.300944+00:00,5,,
Foxface Natural,ChIJ-9FmcbhZwokR_2n_KX31fUI,True,True,CLOSED_TEMPORARILY,http://foxface.nyc/,found,info@foxface.nyc resy@foxface.nyc,henry.june@gmail.com info@foxface.nyc resy@foxface.nyc,2026-10-03T21:48:49.022203+00:00,3,,
French Louie,ChIJgRjO3E1awokRoC9SdsHbe-w,True,True,OPERATIONAL,http://frenchlouienyc.com/,incomplete_lookup,,info@frenchlouienyc.com john@frenchlouienyc.com,2026-10-03T21:48:50.080007+00:00,1,robots_disallowed: http://frenchlouienyc.com/,
Friendship BBQ,ChIJtwnTmxpgwokRdQokoSPg5Lk,True,True,OPERATIONAL,https://www.friendshipbbq.com/,found,yangsong1201@gmail.com,yangsong1201@gmail.com,2026-10-03T21:48:50.684370+00:00,3,,
From Lucie,ChIJFylaePFZwokRfRdNdH7ujXI,True,True,OPERATIONAL,http://www.fromlucie.com/,found,orders@fromlucie.com,orders@fromlucie.com,2026-10-03T22:00:04.572675+00:00,4,,
Fu Yuan,ChIJfQvyIw5gwokRYrRfuRZrDCQ,True,True,OPERATIONAL,,no_website,,,2026-10-03T21:48:51.838690+00:00,0,,
Fu Zhou Wei Zhong Wei Jia Xiang Feng Wei,ChIJq3ALmyhawokR_HZZ8u-kUK0,True,True,OPERATIONAL,,no_website,,,2026-10-03T21:48:51.838707+00:00,0,,
Gai Kitchen,ChIJT_0oqlpbwokR6wjYsXzMWL8,True,True,OPERATIONAL,https://www.grubhub.com/restaurant/gai-kitchen-51-mott-street-new-york/4611272,not_found_on_checked_pages,,,2026-10-03T21:48:51.838715+00:00,1,,
Gaia Masala & Burger New York,ChIJk6U4fq1fwokRzFzfiyyikPo,True,True,OPERATIONAL,https://gaiamasalaandburger.com/,contact_form_only,,,2026-10-03T22:08:52.769984+00:00,7,,https://gaiamasalaandburger.com/ | https://gaiamasalaandburger.com/contact | https://gaiamasalaandburger.com/locations | https://gaiamasalaandburger.com/order-online?l=dHJ1ZQ==
GanBlaze,ChIJP8DBhlFhwokRNYw10D3xX8w,True,True,OPERATIONAL,,no_website,,,2026-10-03T22:00:06.205663+00:00,0,,
Gangnam Box,ChIJ172bjGVZwokRZCFp3PjHEd8,True,True,CLOSED_PERMANENTLY,http://www.gangnambox.nyc/,incomplete_lookup,,,2026-10-03T22:00:06.205682+00:00,1,robots_disallowed: http://www.gangnambox.nyc/,
Gazala’s Mediterranean Restaurant,ChIJzTGU4GxZwokRi7JGJTqGBtw,True,True,OPERATIONAL,http://gazalasnyc.com/,found,gazalasrestaurant@gmail.com,gazalasrestaurant@gmail.com,2026-10-03T21:48:51.924661+00:00,3,,
Genesis,ChIJWfhuH95gwokRY__oqutnc_w,True,True,OPERATIONAL,http://www.genesis1restaurant.com/,found,genesis1rest@gmail.com,genesis1rest@gmail.com,2026-10-03T21:48:52.023517+00:00,3,,
Gennaro Restaurant,ChIJgZf5t4JYwokREzCI3PUjwvY,True,True,OPERATIONAL,https://www.gennaronyc.com/,found,gennaro@gennaronyc.com,gennaro@gennaronyc.com,2026-10-03T22:00:06.463413+00:00,1,,https://www.gennaronyc.com/
Gloucester Street Dock on the Esplanade,ChIJ1YORCKN744kR3BDJeyunSNY,True,False,OPERATIONAL,,no_website,,,2026-10-03T22:00:06.909620+00:00,0,,
Go Nonna,ChIJWXJ-2MhZwokRsTD37pczIVg,True,True,OPERATIONAL,http://gononna.com/,found,gononnalic@gmail.com,gononnalic@gmail.com,2026-10-03T21:48:52.223229+00:00,1,,
Golden Diner,ChIJ1-mW-LhbwokR7Ryv5ha-gzc,True,True,OPERATIONAL,http://www.goldendinerny.com/,found,talkto@goldendinerny.com,talkto@goldendinerny.com,2026-10-03T21:48:53.771700+00:00,5,HTTP_404: https://www.goldendinerny.com/parties-and-events,
Golden HOF - Korean Bar & Grill,ChIJc6vecABZwokRBHqMFj4UsbY,True,True,OPERATIONAL,https://www.goldenhof.com/,found,talkto@goldenhof.com,talkto@goldenhof.com,2026-10-03T22:00:06.909639+00:00,3,,
Golden Steamer,ChIJpWd1R4hZwokRqZIYQCRHjkE,False,True,OPERATIONAL,,no_website,,,2026-10-03T21:48:54.879881+00:00,0,,
Good Time Country Buffet,ChIJLyAweABZwokRUplPxH-_6ZM,True,True,OPERATIONAL,http://www.goodtimebuffet.com/,found,contact@goodtimebuffet.com goodtime@hellobecca.com,contact@goodtimebuffet.com goodtime@hellobecca.com,2026-10-03T22:00:07.192811+00:00,1,,
Grand Street Skewer Cart,ChIJ2Yua64dZwokRcRfpZvPnxg8,True,True,OPERATIONAL,,no_website,,,2026-10-03T21:48:54.879897+00:00,0,,
Gulp,ChIJzdIV2eNZwokRxSJvbX8IIZ0,False,True,OPERATIONAL,https://www.gulpjiabun.com/,found,contact@gulpjiabun.com jerseycity@gulpjiabun.com,contact@gulpjiabun.com jerseycity@gulpjiabun.com,2026-10-03T21:48:54.879904+00:00,2,,
Hady's Restaurant International Cuisine,ChIJYZC8dOpfrIkRdT9stANRzWA,True,True,OPERATIONAL,https://hadyinternational.com/,found,info@hadyinternational.com,info@hadyinternational.com,2026-10-03T22:08:54.113018+00:00,2,HTTP_403: https://hadyinternational.com/,
HAGS,ChIJp0ha1dFZwokRK9WxgN9HVuY,True,True,OPERATIONAL,https://hagsnyc.com/,found,info@hagsnyc.com,edu@readymag.com hello@readymag.com info@hagsnyc.com support@readymag.com,2026-10-03T22:09:01.282212+00:00,2,,
Haile,ChIJ6V1F-3ZZwokRzgGGwicZh88,True,True,OPERATIONAL,http://hailecuisine.com/,not_found_on_checked_pages,,,2026-10-03T22:09:03.017051+00:00,2,,
Hainan,ChIJ86jijMhhwokRItWSGT6dpW8,True,True,OPERATIONAL,https://hainannyc.com/,found,hainanflushing@gmail.com,hainanflushing@gmail.com,2026-10-03T22:00:07.753581+00:00,1,,
Hanamizuki Cafe,ChIJhfKwda9ZwokRoibXlAvU0Ig,True,True,OPERATIONAL,http://www.hanamizukinyc.com/,found,info@hanamizukinyc.com,info@hanamizukinyc.com,2026-10-03T21:48:56.197445+00:00,2,,
Handsome Rice,ChIJPYZsDhFZwokRMMRoYT7c2Uk,True,True,OPERATIONAL,http://www.handsomerice.com/,found,handsomericenyc@gmail.com hello@handsomerice.com,handsomericenyc@gmail.com hello@handsomerice.com,2026-10-03T21:48:57.064497+00:00,2,,https://www.handsomerice.com/
Hani’s bakery + café,ChIJByiSaABZwokRGipTzKceyiI,True,True,OPERATIONAL,https://hanisnyc.com/,contact_form_only,,,2026-10-03T22:09:03.561817+00:00,4,,https://www.hanisnyc.com/ | https://www.hanisnyc.com/story
Happy Zoe Vegan Bakery,ChIJTSX5qcdZwokRfVmgTWBDxZI,True,True,OPERATIONAL,https://www.happyzoeveganbakery.com/,found,happyzoeveganbakery@gmail.com,happyzoeveganbakery@gmail.com,2026-10-03T22:09:06.310842+00:00,2,SSLError: https://www.happyzoeveganbakery.com/,
Hashi Market,ChIJI_a-KgBZwokRIW5rtu3J4_M,True,True,OPERATIONAL,http://www.hashimarket.com/,found,info@hashimarket.com,info@hashimarket.com,2026-10-03T21:48:57.311390+00:00,4,,https://www.hashimarket.com/blank-3
heytea (Prince Street),ChIJD1o2Jm1hwokR-i1CJRvJzIc,True,True,OPERATIONAL,https://www.heytea.com/,not_found_on_checked_pages,,,2026-10-03T22:09:06.993897+00:00,2,,
Hi Sunny Restaurant Salad&Dimsum 花园轻食,ChIJDXAddMlZwokRzNN6hu7bENc,True,True,OPERATIONAL,https://www.hisunnyrestaurantny.com/,not_found_on_checked_pages,,,2026-10-03T22:09:08.637720+00:00,4,,
Hinatomaru Asakusa main store,ChIJh2nYzsCOGGAR-uyXwK0Kamk,True,True,OPERATIONAL,https://tabelog.com/tokyo/A1311/A131102/13075573/table/,incomplete_lookup,,,2026-10-03T22:09:09.406811+00:00,4,HTTP_403: https://tabelog.com/tokyo/A1311/A131102/13075573/table/,
Hispanic Society Museum & Library,ChIJv9uJC4b2wokRI7r1wOp3AHw,True,False,OPERATIONAL,http://www.hispanicsociety.org/,found,books@hispanicsociety.org info@hispanicsociety.org,books@hispanicsociety.org info@hispanicsociety.org,2026-10-03T22:00:08.197206+00:00,6,HTTP_404: https://hispanicsociety.org/?page_id=24,https://hispanicsociety.org/ | https://hispanicsociety.org/about/contact-us/ | https://hispanicsociety.org/visit/ | https://hispanicsociety.org/about/ | https://hispanicsociety.org/about/people/
HOJOKBAN NYC,ChIJ92UIyldZwokRj4AVxzDTXgU,True,True,OPERATIONAL,https://www.hojokbannyc.com/,incomplete_lookup,,hojokban@handhospitality.com,2026-10-03T22:09:15.252015+00:00,2,ValueError: https://www.hojokbannyc.com/ | browser_unsafe_or_unresolvable: https://www.hojokbannyc.com/,
Homemade Dumpling,ChIJefeh7ylawokRwwdaDQ5wPOc,True,True,OPERATIONAL,,no_website,,,2026-10-03T21:48:58.157911+00:00,0,,
Hometown Bar-B-Que,ChIJ0VWwJI9awokRoiFWFqYZMQ8,True,True,OPERATIONAL,http://www.hometownbarbque.com/,found,info@hometownbarbque.com info@hometownbbq.com,info@hometownbarbque.com info@hometownbbq.com,2026-10-03T21:48:58.157929+00:00,3,,
Hou Yi Hot Pot,ChIJt4HiLyhawokRhJ8I8nMsxZg,False,True,CLOSED_PERMANENTLY,https://houyihotpotnewyork.mybistro.online/,not_found_on_checked_pages,,,2026-10-03T21:48:58.335561+00:00,1,,
Housing Works Thrift Shops - Chelsea,ChIJC_KG-7xZwokR26JhV6PKUps,False,False,OPERATIONAL,https://www.housingworks.org/locations/chelsea-thrift-shop,found,auction@housingworks.org bookstoreevents@housingworks.org donate@housingworks.org eshop@housingworks.org hrintern@housingworks.org info@housingworks.org inkind@housingworks.org membership@housingworks.org tanenbaum@housingworks.org volunteer@housingworks.org,auction@housingworks.org bookstoreevents@housingworks.org donate@housingworks.org eshop@housingworks.org hrintern@housingworks.org info@housingworks.org inkind@housingworks.org membership@housingworks.org tanenbaum@housingworks.org volunteer@housingworks.org,2026-10-03T21:48:59.023287+00:00,6,,
Housing Works Thrift Shops - West Village,ChIJo_reqJRZwokRAHCtJNsmaXM,False,False,OPERATIONAL,https://www.housingworks.org/locations/west-village-thrift-shop,found,auction@housingworks.org bookstoreevents@housingworks.org donate@housingworks.org eshop@housingworks.org hrintern@housingworks.org info@housingworks.org inkind@housingworks.org membership@housingworks.org tanenbaum@housingworks.org volunteer@housingworks.org,auction@housingworks.org bookstoreevents@housingworks.org donate@housingworks.org eshop@housingworks.org hrintern@housingworks.org info@housingworks.org inkind@housingworks.org membership@housingworks.org tanenbaum@housingworks.org volunteer@housingworks.org,2026-10-03T21:48:59.209685+00:00,6,,
Hug Esan,ChIJNQQa86pfwokRObYWOXqAYIg,True,True,OPERATIONAL,http://www.hugesannyc.net/,found,hugesannyc@gmail.com,Hugesannyc@gmail.com hugesannyc@gmail.com,2026-10-03T21:48:59.430057+00:00,3,,https://www.hugesannyc.net/catering-inquiry
Hungry Thirsty,ChIJMRzjDuVbwokRXPeo4rKGGjQ,True,True,OPERATIONAL,https://www.hungrythirstynyc.com/,found,info@hungrythirstynyc.com,info@hungrythirstynyc.com,2026-10-03T22:00:08.668933+00:00,4,,https://www.hungrythirstynyc.com/ | https://www.hungrythirstynyc.com/contact
HYDERABADI ZAIQA,ChIJjV-YTgBZwokRVeWJgF_z7eE,True,True,OPERATIONAL,https://hyderabadizaiqalexington.com/,incomplete_lookup,,,2026-10-03T22:09:15.294406+00:00,2,browser_blocked: https://hyderabadizaiqalexington.com/,
I Love Paraguay Restaurant,ChIJ2YiAK9pewokRNHMumPYb3EU,True,True,OPERATIONAL,http://www.ilovepy.com/,found,info@ilovepy.com,info@ilovepy.com,2026-10-03T22:00:09.483845+00:00,6,,https://www.ilovepy.com/ | https://www.ilovepy.com/pages/contact-us | https://www.ilovepy.com/pages/about-us | https://www.ilovepy.com/pages/reservation | https://www.ilovepy.com/pages/join-our-team | https://www.ilovepy.com/pages/hours-location
IBN Hamido Seafood,ChIJV6G4us9fwokRy4GOF89i6nE,True,True,OPERATIONAL,http://hamidoseafood.com/,not_found_on_checked_pages,,,2026-10-03T22:09:15.704072+00:00,4,,
Ichibantei,ChIJ5dru_nVZwokRarWwk6cjQZk,True,True,OPERATIONAL,https://ichibanteiny.com/?utm_source=google&utm_medium=organic&utm_campaign=gbp,found,info@ichibanteiny.com,info@ichibanteiny.com,2026-10-03T22:00:10.680849+00:00,3,,https://ichibanteiny.com/private-event/ | https://ichibanteiny.com/corporate-event-space-near-union-square-nyc/
Iki,ChIJrXWjZg5gwokRW_QM1gYAXyc,True,True,OPERATIONAL,http://ikirestaurant.com/,found,info@ikicuisine.com,info@ikicuisine.com,2026-10-03T21:49:01.543770+00:00,1,,
Il Nonno Ristorante,ChIJPQSqAQBfwokRkCRWBn84M4Q,True,True,OPERATIONAL,,no_website,,,2026-10-03T21:49:01.974513+00:00,0,,
ILIS,ChIJHZyajD1ZwokREWLihHYSryQ,False,True,CLOSED_PERMANENTLY,https://ilisnyc.com/,found,events@ilisnyc.com hello@ilisnyc.com press@ilisnyc.com reservations@ilisnyc.com,events@ilisnyc.com hello@ilisnyc.com press@ilisnyc.com reservations@ilisnyc.com,2026-10-03T21:49:01.974528+00:00,4,,https://www.ilisnyc.com/ | https://www.ilisnyc.com/events | https://www.ilisnyc.com/details-1 | https://www.ilisnyc.com/menus
Industry City,ChIJBzJseMBawokRVfGOLobHpJc,False,False,OPERATIONAL,https://industrycity.com/,found,hello@industrycity.com ic-events@industrycity.com lease@industrycity.com,hello@industrycity.com ic-events@industrycity.com lease@industrycity.com,2026-10-03T21:49:03.416961+00:00,6,,https://industrycity.com/ | https://industrycity.com/faq/ | https://industrycity.com/events/ | https://industrycity.com/about-us/ | https://industrycity.com/host-an-event/ | https://industrycity.com/event/spirited-away-psychic-paranormal-night/2026-10-13/
Izakaya Juraku,ChIJKWcwq0FZwokRaLzSIo7SMXI,True,True,OPERATIONAL,http://www.izakayajuraku.com/,found,hello@izakayajuraku.com,hello@izakayajuraku.co hello@izakayajuraku.com,2026-10-03T21:49:03.687089+00:00,6,,
Izakaya MEW,ChIJh_4leqlZwokRJxjh98xRrd4,True,True,OPERATIONAL,http://mewnyc.com/,found,mew.manhattan@handhospitality.com,mew.manhattan@handhospitality.com,2026-10-03T21:49:05.857452+00:00,3,,
Jakaru Bar & Restaurant,ChIJR34FpRFfwokR-a7L1v4R5fw,True,True,OPERATIONAL,https://jakarumenu.my.canva.site/,not_found_on_checked_pages,,,2026-10-03T22:09:17.134256+00:00,2,,
JG Melon,ChIJORutA8BYwokR6obC5YpaamM,False,True,OPERATIONAL,http://jgmelon-nyc.com/,not_found_on_checked_pages,,,2026-10-03T21:49:05.967133+00:00,1,,
Jing Feng Fish Ball Inc.,ChIJz3rpERJgwokRsX811uqBsrc,True,True,OPERATIONAL,,no_website,,,2026-10-03T21:49:06.430230+00:00,0,,
Jora,ChIJMRDMWiRZwokRclRF5GXOLKM,True,True,OPERATIONAL,http://www.jorany.com/,found,reservations@jorany.com,reservations@jorany.com,2026-10-03T21:49:06.430246+00:00,3,,
Jua,ChIJfTgbIE9ZwokRdRjFE2OMZN8,True,True,OPERATIONAL,http://www.juanyc.com/,found,info@juanyc.com,info@juanyc.com,2026-10-03T21:49:06.542798+00:00,4,,
Jurin Sushi,ChIJgce8EwpZwokRywLhI2aUuTE,True,True,OPERATIONAL,https://order.toasttab.com/online/jurinsushi,incomplete_lookup,,,2026-10-03T22:00:11.248571+00:00,1,robots_disallowed: https://order.toasttab.com/online/jurinsushi,
Çka Ka Qëllue,ChIJJa93rKRZwokRPoOmc_ta6DU,True,True,OPERATIONAL,https://ckakaqellue.com/,found,info@ckakaqellu.com,info@ckakaqellu.com,2026-10-03T21:49:06.947022+00:00,1,,
Kabab Cafe,ChIJR3kMeWpfwokRhQMUqlJb9jE,True,True,OPERATIONAL,http://www.kababcafenyc.com/,found,kababcafe@hotmail.com,kababcafe@hotmail.com,2026-10-03T22:00:11.329043+00:00,2,,
Kaikagetsu NYC,ChIJSb_BknFZwokRyUcMziCnxTE,False,True,CLOSED_PERMANENTLY,http://www.kaikagetsunyc.com/,incomplete_lookup,,,2026-10-03T21:49:06.983842+00:00,1,HTTP_404: http://www.kaikagetsunyc.com/,
Kaki,ChIJlYnmS69ZwokR8tL10tG3b6Q,True,True,OPERATIONAL,,no_website,,,2026-10-03T21:49:07.354707+00:00,0,,
Kalye Broome,ChIJj4yA4zJZwokRtQObXxWzxhc,False,True,CLOSED_PERMANENTLY,https://www.kalye.com/,found,info@kalyenyc.com,info@kalyenyc.com,2026-10-03T21:49:07.354718+00:00,3,,
Kalye Rivington,ChIJzxi2CEFZwokRGLb3H5aeHDU,True,True,OPERATIONAL,https://kalye.com/,found,info@kalyenyc.com,info@kalyenyc.com,2026-10-03T21:49:07.685323+00:00,3,,
Karczma,ChIJ9d0I6kBZwokRHVwTlrpWxss,True,True,OPERATIONAL,http://karczmabrooklyn.com/en/,found,info@karczmabrooklyn.com,info@karczmabrooklyn.com,2026-10-03T21:49:08.224962+00:00,2,,https://karczmabrooklyn.com/en/contact/
Kashin Japanese Restaurant,ChIJB0rwLpr0rIkRoXPNr5zMd5I,True,True,OPERATIONAL,http://www.kashin.com/,incomplete_lookup,,,2026-10-03T21:49:08.607570+00:00,1,robots_disallowed: http://www.kashin.com/,
Katsu-Hama,ChIJSVkuev5YwokRxnzx9D9JB5c,True,True,OPERATIONAL,https://katsuhamanewyork.com/,contact_form_only,,,2026-10-03T22:09:17.573354+00:00,8,,https://katsuhamanewyork.com/contact/
Kemo's Hot Kitchen Bites,ChIJM_8k-PpbwokRHosHIiSEajY,True,True,OPERATIONAL,https://www.kemoshotkitchen.com/,found,kemo.hotkitchen@gmail.com,kemo.hotkitchen@gmail.com,2026-10-03T21:49:08.674697+00:00,2,,https://kemoshotkitchen.com/page/contact-us
KIMCHI RED - ALPHARETTA,ChIJpy06gX2f9YgRQEbNsauGzC0,True,True,OPERATIONAL,https://kimchiredusa.com/,found,forum@kimchiredusa.com johnscreek@kimchiredusa.com krx@kimchiredusa.com,forum@kimchiredusa.com johnscreek@kimchiredusa.com kimchired.alpharetta@gmail.com kimchired.johnscreek@gmail.com krx@kimchiredusa.com,2026-10-03T21:49:09.240722+00:00,2,,
Kimura,ChIJR6LukiNZwokR-MTHVUbu4q8,True,True,OPERATIONAL,https://www.kimuranyc.com/,not_found_on_checked_pages,,Kimura.press@gmail.com,2026-10-03T22:09:19.389714+00:00,2,,
King Dumplings,ChIJwUWtpVNbwokRFXYqGsP5tyQ,False,True,OPERATIONAL,https://kingdumplings.site/,incomplete_lookup,,support@sushionme.site,2026-10-03T21:49:09.898581+00:00,4,non_restaurant_email_excluded: https://kingdumplings.forumdas.com.tr/,
King's Sandwich Shop,ChIJ03gwMXTkrIkRs6xXvLt8Yj4,True,True,OPERATIONAL,https://kingssandwichshop.com/index.html,not_found_on_checked_pages,,,2026-10-03T22:09:19.774257+00:00,2,,
Kinokuniya New York,ChIJn0BhwP5YwokRTZw5De7Ti20,False,False,OPERATIONAL,https://usa.kinokuniya.com/,found,atlanta@apps.kinokuniya.com austin@kinokuniya.com beaverton@kinokuniya.com carrollton@kinokuniya.com chicago@kinokuniya.com cm-stationery@apps.kinokuniya.com fortworth@apps.kinokuniya.com katy@kinokuniya.com los_angeles@kinokuniya.com nj@kinokuniya.com nyinfo@kinokuniya.com plano@kinokuniya.com portland_downtown@kinokuniya.com san_francisco@kinokuniya.com san_jose@kinokuniya.com santaanita@apps.kinokuniya.com santamonica@kinokuniya.com santanarow@apps.kinokuniya.com seattle@kinokuniya.com torrance@kinokuniya.com,atlanta@apps.kinokuniya.com austin@kinokuniya.com beaverton@kinokuniya.com carrollton@kinokuniya.com chicago@kinokuniya.com cm-stationery@apps.kinokuniya.com fortworth@apps.kinokuniya.com katy@kinokuniya.com los_angeles@kinokuniya.com nj@kinokuniya.com nyinfo@kinokuniya.com plano@kinokuniya.com portland_downtown@kinokuniya.com san_francisco@kinokuniya.com san_jose@kinokuniya.com santaanita@apps.kinokuniya.com santamonica@kinokuniya.com santanarow@apps.kinokuniya.com seattle@kinokuniya.com torrance@kinokuniya.com,2026-10-03T21:49:10.009517+00:00,6,,https://usa.kinokuniya.com/pages/contact
K.O. Burger,ChIJm4yElBpbwokRySmxMRM14O4,True,True,OPERATIONAL,https://www.koburger.com/,incomplete_lookup,,,2026-10-03T22:09:20.824783+00:00,9,,https://www.koburger.com/contact | https://www.koburger.com/fr/contact
KoFoo,ChIJpVwii6RZwokRPhCANQzwQnA,True,True,OPERATIONAL,http://www.kofoony.com/,not_found_on_checked_pages,,,2026-10-03T22:09:23.063984+00:00,2,,
KOHOKU-KU RAMEN,ChIJa4wrRr1ZwokR3_aPEcYpvNA,True,True,OPERATIONAL,https://www.kohoku-kuramen.com/%E3%83%8B%E3%83%A5%E3%83%BC%E3%83%A8%E3%83%BC%E3%82%AF-new-york,not_found_on_checked_pages,,,2026-10-03T22:09:23.566054+00:00,6,,
Koi Omakase,ChIJSWqCsoJbwokR4sr-BlYWi08,True,True,OPERATIONAL,https://koiomakase.square.site/,incomplete_lookup,,Koiomakase@gmail.com,2026-10-03T22:09:24.321726+00:00,2,HTTP_404: https://koiomakase.square.site/,
Koliba,ChIJh9_0AmhfwokRnt4e6aYwMwk,True,True,OPERATIONAL,https://www.kolibarestaurant.com/,not_found_on_checked_pages,,,2026-10-03T22:09:24.652527+00:00,2,,
konban NYC,ChIJvWTRis1ZwokRTT9Et9dTcLE,True,True,OPERATIONAL,https://www.konbannyc.com/,found,hello@konbannyc.com,hello@konbannyc.com,2026-10-03T21:49:10.895374+00:00,2,,
Kong Sihk Tong,ChIJ1V_Xi5hbwokRV7A_UcnBKZU,True,True,OPERATIONAL,https://kongsihktong.com/,unverified_only,,,2026-10-03T22:09:25.181756+00:00,7,non_restaurant_email_excluded: https://kongsihktong.com/,https://kongsihktong.com/ | https://kongsihktong.com/contact
Kopitiam,ChIJCSo-rSlawokRXSVW0IKZ3vQ,True,True,OPERATIONAL,https://www.kopitiamnyc.com/,found,email@email.com hello@kopitiamnyc.com,email@email.com hello@kopitiamnyc.com,2026-10-03T21:49:11.646526+00:00,3,,
Kuku Korean Cuisine LIC,ChIJx9WY5JtZwokR68C8WLI5KsY,True,True,OPERATIONAL,https://eatkuku.com/,found,info@eatkuku.com,info@eatkuku.com,2026-10-03T21:49:12.894023+00:00,3,,
Kung Fu Little Steamed Buns Ramen,ChIJC8BYk-RYwokR6opRG65OAUM,True,True,OPERATIONAL,https://kungfutogo.com/,not_found_on_checked_pages,,,2026-10-03T22:09:31.778425+00:00,2,,
Kyma,ChIJq6pu4qJZwokRARFMcQsmd6Y,True,True,OPERATIONAL,https://kymarestaurants.com/,incomplete_lookup,,,2026-10-03T22:09:32.666358+00:00,9,,https://www.kymarestaurants.com/ | https://www.kymarestaurants.com/hours-and-location/ | https://www.kymarestaurants.com/about/ | https://www.kymarestaurants.com/reservations/ | https://www.kymarestaurants.com/roslyn-events/ | https://www.kymarestaurants.com/flatiron-events/
L.A. Burdick Handmade Chocolates,ChIJZb4iO2h344kRYlGCFOd866I,True,True,OPERATIONAL,https://www.burdickchocolate.com/,found,burdick@burdickchocolate.com press@burdickchocolate.com,burdick@burdickchocolate.com press@burdickchocolate.com,2026-10-03T22:00:13.710830+00:00,6,,https://www.burdickchocolate.com/ | https://www.burdickchocolate.com/pages/contact | https://www.burdickchocolate.com/pages/faq | https://www.burdickchocolate.com/pages/store-locations | https://www.burdickchocolate.com/pages/location/boston | https://www.burdickchocolate.com/pages/location/chicago
La Dong,ChIJzRCbxRVZwokRDAzYpDpbyG4,True,True,OPERATIONAL,http://www.ladongnyc.com/,found,reservation@ladongnyc.com,reservation@ladongnyc.com,2026-10-03T22:00:14.134165+00:00,2,,
La Mala Mexican Inspired Cocktails,ChIJm5kmBKvlrIkRaQ7FjwiWnd0,True,True,CLOSED_PERMANENTLY,https://lamalamx.com/home/,found,lamalaraleighmanagement@gmail.com,Lamalaraleighmanagement@gmail.com lamalaraleighmanagement@gmail.com,2026-10-03T21:49:14.004612+00:00,1,,
La Nueva Victoria,ChIJt5zmDyj2wokRzdvzO4aq9Es,True,True,OPERATIONAL,,no_website,,,2026-10-03T21:49:14.693137+00:00,0,,
Laghman Express,ChIJS4XlsltFwokRi2JwjMocEAI,True,True,OPERATIONAL,http://laghmanexpress.com/,not_found_on_checked_pages,,laghmanexpress@gmail.com,2026-10-03T22:09:34.729056+00:00,6,,
Lao Bei Fang Dumpling House,ChIJ_yd-Jq1fwokRfBaaRGQbTz8,True,True,OPERATIONAL,https://northerndumplinghouse.shop/,incomplete_lookup,,,2026-10-03T22:09:35.790780+00:00,3,non_restaurant_email_excluded: https://www.totalav.com/deal,https://northerndumplinghouse.shop/
LaRina Pastificio & Vino,ChIJweAtELhbwokRO1AexCvuRo0,True,True,OPERATIONAL,http://larinabk.com/,found,larinabrooklyn@gmail.com,larinabrooklyn@gmail.com,2026-10-03T21:49:16.033847+00:00,4,,https://larinabrooklyn.com/
Little Branch,ChIJjY7y6ZJZwokRXF5CA_X4l-I,True,True,OPERATIONAL,,no_website,,,2026-10-03T21:49:16.038973+00:00,0,,
Le Sia,ChIJq2WjhLVZwokRBNFohweL-NA,True,True,OPERATIONAL,http://lesianyc.com/,found,lesiahellskitchen@gmail.com,lesiahellskitchen@gmail.com,2026-10-03T21:49:16.038986+00:00,2,,
Lena's Italian Kitchen (UES),ChIJBTSGOAdZwokRQriZNbOP4u4,True,True,OPERATIONAL,https://www.lenasitaliankitchen.com/,contact_form_only,,,2026-10-03T22:09:42.148308+00:00,5,,https://www.lenasitaliankitchen.com/contact-us/
Lhasa,ChIJ44SZj09ZwokRqIeN6EEd_VQ,True,True,OPERATIONAL,,no_website,,,2026-10-03T21:49:17.091745+00:00,0,,
Librae Bakery,ChIJDyCs8UNZwokRaNcdvn_c6jU,True,True,OPERATIONAL,http://libraebakery.com/,incomplete_lookup,,,2026-10-03T22:09:45.403730+00:00,9,,https://www.libraebakery.com/ | https://www.libraebakery.com/contact/ | https://www.libraebakery.com/catering/ | https://www.libraebakery.com/about/ | https://www.libraebakery.com/location/librae-bakery/ | https://www.libraebakery.com/team-member/rebeca-newman/
Little Bull,ChIJt1-VgdLlrIkRTwobcHHBJNQ,True,True,OPERATIONAL,http://littlebullnc.com/,found,info@littlebullnc.com,info@littlebullnc.com,2026-10-03T21:49:17.091760+00:00,3,,
Liuyishou Hot Pot,ChIJ62AfMHthwokRSGIcc5pKSDQ,True,True,CLOSED_TEMPORARILY,https://www.liuyishouna.com/flushing,contact_form_only,,,2026-10-03T21:49:17.642913+00:00,3,,https://www.liuyishouna.com/joininourteam
Loopy's Eatery,ChIJHy30AiW0t4kRn50ZBb8bGQA,True,True,OPERATIONAL,https://loopyseatery.com/,found,contact@loopyseatery.com,contact@loopyseatery.com,2026-10-03T21:49:18.248751+00:00,2,,
Lucia Pizza,ChIJ05JUTBBgwokR5r9N-VKn6Rg,True,True,OPERATIONAL,https://www.luciapizzany.com/,found,myluciapizza@aol.com,myluciapizza@aol.com,2026-10-03T21:49:18.830890+00:00,2,,
Lulu and Dino Cafe Bakery,ChIJD0Nq6y5hwokRvcc2c-GhBjM,True,True,OPERATIONAL,http://luludinocafe.com/,found,info@luludinocafe.com,Info@luludinocafe.com info@luludinocafe.com,2026-10-03T22:09:47.288968+00:00,2,,
LumLum,ChIJeQxW7xZZwokRh32rrkOgatw,False,True,OPERATIONAL,http://www.lumlumnyc.com/,found,info@lumlumnyc.com,INFO@LUMLUMNYC.COM info@lumlumnyc.com,2026-10-03T21:49:19.029703+00:00,2,,https://www.lumlumnyc.com/contact-5
Luna Rotisserie and Empanadas,ChIJP59o423krIkRSMWfvuK7-GY,True,True,OPERATIONAL,http://www.lunarotisserie.com/,found,infodurham@lunarotisserie.com,infocarrboro@lunarotisserie.com infodurham@lunarotisserie.com,2026-10-03T21:49:19.081847+00:00,3,HTTP_404: https://www.lunarotisserie.com/location,https://www.lunarotisserie.com/
Madame Vo,ChIJqRaETJxZwokRik6wrAXTOd4,True,True,OPERATIONAL,http://www.madamevo.com/,found,hello@madamevonyc.com yen@madamevonyc.com,hello@madamevonyc.com yen@madamevonyc.com,2026-10-03T21:49:19.660144+00:00,4,,
Mahmoud's Corner Halal Food Cart,ChIJL1PlJTtfwokRVCmRHapdH4E,True,True,OPERATIONAL,http://mahmouds34thavecorner.weebly.com/,not_found_on_checked_pages,,,2026-10-03T22:09:49.474434+00:00,6,,
Maiko Matcha Cafe,ChIJA6bMzWxhwokRTqfgaCZfK_4,True,True,OPERATIONAL,https://www.matchacafe-maiko.com/eng/,contact_form_only,,,2026-10-03T22:09:52.564822+00:00,8,,https://www.matchacafe-maiko.com/eng/contact/
Maison de Manee,ChIJpwTxmbxfwokRxo0vObXSGHs,True,True,OPERATIONAL,https://www.maisondemaneenyc.com/,not_found_on_checked_pages,,,2026-10-03T22:09:57.889929+00:00,2,,
Mala Hot Pot,ChIJU_jf_XxZwokRGPLWEYVWR7w,True,True,OPERATIONAL,https://www.malahotpotnyc.com/,found,kevin@malahotpotnyc.com,Kevin@malahotpotnyc.com kevin@malahotpotnyc.com,2026-10-03T21:49:19.917717+00:00,2,,https://www.malahotpotnyc.com/ | https://www.malahotpotnyc.com
Malai,ChIJrcsOH9pbwokRJV7eZEpW0tU,True,True,OPERATIONAL,https://www.malai.co/,found,events@malai.co info@malai.co press@malai.co wholesale@malai.co,events@malai.co info@malai.co press@malai.co wholesale@malai.co,2026-10-03T21:49:20.205986+00:00,6,,https://www.malai.co/ | https://www.malai.co/contact | https://www.malai.co/events | https://www.malai.co/find-us | https://www.malai.co/catering-events | https://www.malai.co/ice-cream-desserts/gulab-jamun-ice-cream-cake
Mama Lee - Williamsburg,ChIJHxdF7gZZwokRJmO1s8MZOzc,True,True,CLOSED_TEMPORARILY,https://www.mamaleerestaurant.com/,incomplete_lookup,,mamaleeofficialrestaurant@gmail.com,2026-10-03T21:49:20.766337+00:00,1,ValueError: https://www.mamaleerestaurant.com/,
Mama's,ChIJHQIpg9NYwokRwrI5TIYJ9VQ,True,True,OPERATIONAL,,no_website,,,2026-10-03T22:00:15.654474+00:00,0,,
Mango Mango Dessert,ChIJvVoqMxBgwokRAUqvd8VcSk4,True,True,OPERATIONAL,https://www.mangomangodessert.com/,not_found_on_checked_pages,,,2026-10-03T22:09:58.442836+00:00,6,,
Mariscos El Submarino,ChIJrYQPBABZwokRy3ej8t7bSrM,True,True,OPERATIONAL,https://mariscoselsubmarinonyc.com/,not_found_on_checked_pages,,,2026-10-03T22:10:02.772833+00:00,2,,
Market 57,ChIJ48Dfk_tZwokR-g8blgctP58,True,True,OPERATIONAL,https://pier57nyc.com/market-57,found,pier57info@jamestownlp.com,Pier57Leasing@jamestownlp.com pier57events@jamestownlp.com pier57info@jamestownlp.com,2026-10-03T21:49:21.237329+00:00,6,,https://pier57nyc.com/market-57/ | https://pier57nyc.com/about/ | https://pier57nyc.com/events/ | https://pier57nyc.com/location/ | https://pier57nyc.com/bookings/privateevents/ | https://pier57nyc.com/events/?events-category=market-57-food-hall
Market Hotel,ChIJU0zeNwhcwokRW4hFXMker7s,True,False,OPERATIONAL,http://markethotel.org/,found,booking@markethotel.org info@markethotel.org nightlife@markethotel.org,booking@markethotel.org info@markethotel.org nightlife@markethotel.org,2026-10-03T22:00:16.713561+00:00,3,,
Martha's Country Bakery,ChIJowFop2hfwokROgVQ1b2LL2I,True,True,OPERATIONAL,http://www.marthascountrybakery.com/,not_found_on_checked_pages,,,2026-10-03T22:10:03.935479+00:00,5,,
Matsunori Handroll Bar,ChIJKYSwRQRZwokRrQ427R4G4BQ,True,True,OPERATIONAL,https://matsunori.com/lic,found,lic@matsunori.com,lic@matsunori.com,2026-10-03T22:00:16.713690+00:00,2,,
Maxi's Noodle,ChIJl6PN951hwokRsN4kn0ZU0po,True,True,OPERATIONAL,http://www.maxisnoodle.com/,contact_form_only,,,2026-10-03T22:10:07.726827+00:00,9,,https://maxisnoodle.com/ | https://maxisnoodle.com/contact/ | https://maxisnoodle.com/faq/ | https://maxisnoodle.com/faq/img_88318908/ | https://maxisnoodle.com/faq/img_88288904/
Mazzola Bakery,ChIJqRAR4ltawokRTWY_DA1RfAU,True,True,OPERATIONAL,http://www.mazzolabakerycafe.com/,not_found_on_checked_pages,,,2026-10-03T22:10:08.847040+00:00,6,,
Meijin Ramen,ChIJx1q8UrlYwokRjOmzO2_-otA,True,True,OPERATIONAL,https://www.meijinramen.com/,found,meijinramen@gmail.com,meijinramen@gmail.com,2026-10-03T21:49:24.150685+00:00,2,,https://www.meijinramen.com/ | https://www.meijinramen.com/about
Mexicocina Mezcaleria,ChIJySFE9rn1wokRPae7M19QEVY,True,True,OPERATIONAL,http://mexicocinanyc.com/,contact_form_only,,mexicocinabny@gmail.com,2026-10-03T22:10:13.400196+00:00,8,,https://mexicocinanyc.com/contact-us/ | https://mexicocinanyc.com/join-a-growing-team-with-a-love-for-food/
Mike's Pastry,ChIJvflGxEJ344kRtJy2l2-wm1Y,True,True,OPERATIONAL,http://www.mikespastry.com/,contact_form_only,,,2026-10-03T22:10:16.373282+00:00,8,,https://www.mikespastry.com/contact/
Mile End Delicatessen,ChIJLb9vlE1awokRL4Ume5zpejQ,True,True,OPERATIONAL,http://www.mileenddeli.com/,not_found_on_checked_pages,,,2026-10-03T22:10:17.819243+00:00,4,,
Mitr Thai Restaurant,ChIJ3aKC18JZwokRV_edM73h9UI,True,True,OPERATIONAL,http://mitrthainyc.com/,found,info@mitrthainyc.com,info@mitrthainyc.com,2026-10-03T21:49:26.000597+00:00,1,,
Mắm,ChIJnbRm-4pZwokR7Mj1KC0tlxA,True,True,OPERATIONAL,https://instagram.com/mam.nyc,incomplete_lookup,,,2026-10-03T21:49:26.577084+00:00,1,robots_disallowed: https://instagram.com/mam.nyc,
MOGMOG,ChIJP196UmFZwokR9HJCzWGczA4,False,True,OPERATIONAL,https://mogmog.store/,found,hello@mogmog.store,hello@mogmog.store,2026-10-03T21:49:27.527868+00:00,6,,https://mogmog.store/ | https://mogmog.store/pages/contact2 | https://mogmog.store/pages/faq | https://mogmog.store/pages/about-us | https://mogmog.store/pages/subscription-faq | https://mogmog.store/pages/okinawa-fair-noz
MoMA PS1,ChIJwfbFiiNZwokRN8hnF940DbY,False,False,OPERATIONAL,https://www.momaps1.org/,found,development_ps1@moma.org events_ps1@moma.org groupservices_ps1@moma.org mail_ps1@moma.org molly_kurzius@moma.org press_momaps1@moma.org,development_ps1@moma.org events_ps1@moma.org groupservices_ps1@moma.org mail_ps1@moma.org molly_kurzius@moma.org press_momaps1@moma.org,2026-10-03T21:49:29.105978+00:00,6,,https://www.momaps1.org/en | https://www.momaps1.org/en/about/contact-press | https://www.momaps1.org/en/about | https://www.momaps1.org/en/about/jobs | https://www.momaps1.org/en/about/staff-board | https://www.momaps1.org/en/events/844-school-nite
Momo Crave,ChIJPfcKgMVfwokR1iMtONhsfKM,True,True,OPERATIONAL,https://momocrave.com/,found,momocrave@gmail.com whoisanup@gmail.com,momocrave@gmail.com whoisanup@gmail.com,2026-10-03T21:49:29.166026+00:00,1,,
Momosan Ramen & Sake,ChIJucFsVwFZwokRDgJNUSyXpQE,True,True,OPERATIONAL,http://momosanramen.com/,not_found_on_checked_pages,,,2026-10-03T22:10:18.625284+00:00,6,,
Monster DIY Studio,ChIJRfqT2W1hwokRbsp0oH-AwUw,True,False,OPERATIONAL,http://monsterdiy.com/,found,monsterhandmade2@gmail.com,monsterhandmade2@gmail.com,2026-10-03T21:49:30.652558+00:00,3,,https://monsterdiy.com/ | https://monsterdiy.com/pages/contact | https://monsterdiy.com/pages/press-on-nail
Morgenstern's BANANAS,ChIJHabkc4ZZwokRNnu1Kas8zsk,False,True,CLOSED_PERMANENTLY,http://www.morgensternsbananas.com/,contact_form_only,,,2026-10-03T21:49:31.126533+00:00,4,,https://morgensternsbananas.com/pages/contact
Mr P's Homemade Ice Cream,ChIJz82DrkhbwokR-4Uqpwog0Wo,True,True,OPERATIONAL,,no_website,,,2026-10-03T21:49:31.511002+00:00,0,,
Mrs. Fish,ChIJLUVoTmBbwokRC1-4BFSNJ5s,True,True,OPERATIONAL,,no_website,,,2026-10-03T21:49:31.511015+00:00,0,,
Mtskheta Cafe,ChIJT8WKg6pFwokRu5rncwZjk0c,True,True,OPERATIONAL,https://www.facebook.com/Mtskheta-Cafe-196702580341113/,incomplete_lookup,,,2026-10-03T21:49:31.511020+00:00,1,robots_disallowed: https://www.facebook.com/Mtskheta-Cafe-196702580341113/,
Mystique Boutique NYC,ChIJNeNti29ZwokRylhYras-S_A,False,False,OPERATIONAL,http://www.mystiqueboutiquenyc.com/,contact_form_only,,,2026-10-03T21:49:31.584463+00:00,1,,https://www.mystiqueboutiquenyc.com/password
Naks,ChIJQfYrEfNZwokRFPKHZM6aH4w,True,True,OPERATIONAL,http://naks.nyc/,found,hello@naks.nyc press@uafoods.nyc,events@uafoods.nyc hello@naks.nyc press@uafoods.nyc,2026-10-03T21:49:32.478622+00:00,4,,
Namaste,ChIJbaNJYKpbwokRt-22jFjSBE4,True,True,OPERATIONAL,http://www.namastebk.com/,found,hello@divibrewery.com info@namastebk.com,hello@divibrewery.com info@namastebk.com,2026-10-03T21:49:32.582834+00:00,3,,https://namastebk.com/contact/
Namaste Tasi Delek Restaurant & Bar,ChIJ6Sx0LQdfwokR4xVSoZkDkyo,True,True,OPERATIONAL,https://namastetasidelek.com/,found,prajwalmishra5@gmail.com,prajwalmishra5@gmail.com,2026-10-03T22:10:20.143294+00:00,2,HTTP_400: https://namastetasidelek.com/,
Nami Nori West Village,ChIJcfbyqFNZwokRUoBP92II4c0,True,True,OPERATIONAL,http://naminori.nyc/,found,info@naminori.nyc,info@naminori.nyc,2026-10-03T21:49:32.768747+00:00,3,,
"Nan Xiang Express - Williamsburg, NY",ChIJs-DAOahZwokR22b9nTj-IWE,True,True,OPERATIONAL,https://nanxiangexpress.com/,incomplete_lookup,,,2026-10-03T21:49:33.764340+00:00,1,robots_disallowed: https://nanxiangexpress.com/,
Nan Xiang Soup Dumplings - Flushing,ChIJVz4MXA5gwokRhGRy5-dJryQ,True,True,OPERATIONAL,https://nanxiangxiaolongbao.com/?utm_source=gbp&utm_medium=organic&utm_content=flushing,incomplete_lookup,,,2026-10-03T21:49:33.865048+00:00,1,robots_disallowed: https://nanxiangxiaolongbao.com/?utm_source=gbp&utm_medium=organic&utm_content=flushing,
Nan Xiang Xiao Long Bao,ChIJ5bXhW_pZwokRS1dCnTWL3WA,False,True,OPERATIONAL,https://nanxiangxiaolongbao.com/?utm_source=gbp&utm_medium=organic&utm_content=ktown,incomplete_lookup,,,2026-10-03T21:49:33.933198+00:00,1,robots_disallowed: https://nanxiangxiaolongbao.com/?utm_source=gbp&utm_medium=organic&utm_content=ktown,
Negril BK,ChIJD4gbEwBbwokRMwnySIeREvQ,False,True,CLOSED_PERMANENTLY,https://www.negrilbk.com/,found,events@negrilbk.com info@negrilatl.com info@negrilbk.com,events@negrilbk.com info@negrilatl.com info@negrilbk.com,2026-10-03T21:49:34.007118+00:00,6,HTTP_404: https://negrilbk.com/dinning-faq/,https://negrilbk.com/contact-us/
Nenes Taqueria,ChIJS8rSNvtbwokRtZqLNnAcOhI,True,True,OPERATIONAL,https://nenestaqueria.com/,incomplete_lookup,,,2026-10-03T22:10:23.118567+00:00,2,SSLError: https://nenestaqueria.com/,
Nepali Bhanchha Ghar,ChIJd06GLQdfwokRQunm5arxBcM,False,True,OPERATIONAL,https://www.bhanchhagharny.com/,not_found_on_checked_pages,,,2026-10-03T21:49:34.303311+00:00,1,,
New world Uyghur Cuisine,ChIJwbPe3yBhwokRofu9EEUkbqM,True,True,OPERATIONAL,https://newworlduyghurcuisine.com/,incomplete_lookup,,,2026-10-03T22:10:25.998363+00:00,2,HTTP_429: https://newworlduyghurcuisine.com/,
New York City Bagel & Coffee House,ChIJ97BgiDtfwokRsbkP6Vl1seY,True,True,OPERATIONAL,https://nycbch.com/,incomplete_lookup,,micah@micahrich.com,2026-10-03T22:10:27.244551+00:00,3,HTTP_404: https://nycbch.com/,
Nikos,ChIJ_x9-aXHlrIkRftJI4-J7huQ,True,True,OPERATIONAL,https://www.nikosdurham.com/,found,info@nikosdurham.com,info@nikosdurham.com,2026-10-03T21:49:34.785300+00:00,6,,https://www.nikosdurham.com/ | https://www.nikosdurham.com/contact/ | https://www.nikosdurham.com/join-our-team/ | https://www.nikosdurham.com/upcomingevents/ | https://www.nikosdurham.com/private-events/ | https://www.nikosdurham.com/event/opa-hour-1/
Nōksu,ChIJSfeOCf5ZwokRWuoMT5Kc6KY,True,True,OPERATIONAL,https://noksunyc.com/?SEO_id=GMB--R-NYCCUQQ-2&y_source=1_MTA0NTQ1Mjg1MS03MTUtbG9jYXRpb24ud2Vic2l0ZQ%3D%3D,found,info@noksunyc.com reservations@noksunyc.com steven@hallpr.com,info@noksunyc.com reservations@noksunyc.com steven@hallpr.com,2026-10-03T21:49:35.219570+00:00,1,,
Nneji,ChIJpa6hjNpfwokRoJ3lUZdnkUQ,False,True,CLOSED_PERMANENTLY,,no_website,,,2026-10-03T21:49:35.604615+00:00,0,,
超力福州美食 No.1 Super Snack Inc. - Fuzhou Snacks,ChIJDQ2UyahhwokRKY6G2WCjlTQ,True,True,OPERATIONAL,,no_website,,,2026-10-03T21:49:35.604634+00:00,0,,
Nowon East Village,ChIJjReAQKxZwokRnnraeb2WJ18,True,True,OPERATIONAL,https://www.nowonusa.com/,not_found_on_checked_pages,,,2026-10-03T22:10:32.956330+00:00,4,,
Nyonya,ChIJ0VKRSIhZwokRdCKH7vdxs2o,True,True,OPERATIONAL,https://nyonya.store/,not_found_on_checked_pages,,,2026-10-03T22:10:34.240546+00:00,3,,
Oh! Calcutta,ChIJafVB3NhZwokR1Hp1ajjjkck,True,True,OPERATIONAL,https://ohcalcuttanyc.com/,found,ohcalcuttanyc@gmail.com,ohcalcuttanyc@gmail.com,2026-10-03T21:49:37.110313+00:00,1,,
OKONOMI Brooklyn,ChIJ2YwyMVhZwokRE47dTb7x1fo,True,True,OPERATIONAL,https://www.okonomi.us/,not_found_on_checked_pages,,,2026-10-03T22:10:38.803768+00:00,2,,
OKONOMI / YUJI Ramen Manhattan,ChIJtSiEHwBZwokRvaIX7do3E7Y,False,True,CLOSED_PERMANENTLY,https://www.okonomi.us/,not_found_on_checked_pages,,,2026-10-03T21:49:37.548316+00:00,1,,
Om Wok,ChIJpX5YOaNfwokRhkh_BM_Op6E,True,True,OPERATIONAL,https://www.omwokmenu.com/,incomplete_lookup,,,2026-10-03T22:10:39.405675+00:00,2,ValueError: https://www.omwokmenu.com/ | browser_unsafe_or_unresolvable: https://www.omwokmenu.com/,
Omusubi Gonbei,ChIJGRSN3gNZwokRI7SjrWSeni8,True,True,OPERATIONAL,http://www.omusubi-gonbei.com/en/,not_found_on_checked_pages,,,2026-10-03T22:10:41.054992+00:00,7,,
senti senti,ChIJPQQJuidawokRnPb9DhoE-kQ,False,False,OPERATIONAL,http://www.sentisenti.com/,found,wholesale@sentisenti.com,user@gmail.com wholesale@sentisenti.com,2026-10-03T21:49:37.915640+00:00,5,,https://sentisenti.com/ | https://sentisenti.com/pages/contact | https://sentisenti.com/pages/faq | https://sentisenti.com/pages/about | https://sentisenti.com/pages/careers
Ootoya Times Square,ChIJOYze16pZwokRG9GTU_NvhGM,True,True,OPERATIONAL,http://ootoya.us/,found,chelsea@ootoya.us corporate@ootoya.us recruit@ootoya.us timessquare@ootoya.us unionsquare@ootoya.us,chelsea@ootoya.us corporate@ootoya.us recruit@ootoya.us timessquare@ootoya.us unionsquare@ootoya.us,2026-10-03T21:49:39.266649+00:00,5,,
OTB,ChIJ51pNHN9bwokROF0EWcMTsoU,True,True,OPERATIONAL,http://www.otbbk.com/,found,otbbrooklyn@gmail.com,otbbrooklyn@gmail.com,2026-10-03T21:49:39.879847+00:00,2,,
owambe,ChIJIUPX8lNtiEcReRmPKNepEWw,True,True,OPERATIONAL,http://www.owambe.it/,found,info@owambe.it,info@owambe.it,2026-10-03T22:10:49.517607+00:00,2,,
Ozakaya,ChIJcdtiwplbwokRcYySLGqp37M,True,True,OPERATIONAL,http://www.ozakaya.com/,contact_form_only,,,2026-10-03T22:10:53.073102+00:00,7,,https://www.ozakaya.com/reservations
Pasta de Pasta,ChIJS_F8t5lZwokRewskQW2Tzk8,True,True,OPERATIONAL,https://pastadepasta.com/,found,hello@pastadepasta.com,hello@pastadepasta.com,2026-10-03T22:00:19.225064+00:00,1,,
Pasta Louise Cafe,ChIJUT2KUtFbwokRql5GDwF2rq8,True,True,OPERATIONAL,https://www.pastalouise.com/,incomplete_lookup,,,2026-10-03T22:10:57.172286+00:00,9,,https://www.pastalouise.com/ | https://www.pastalouise.com/contact/ | https://www.pastalouise.com/about/ | https://www.pastalouise.com/PLevents/ | https://www.pastalouise.com/reservations/ | https://www.pastalouise.com/location/pasta-louise/
Pasticceria Monteleone BK,ChIJOzk67FlawokRFg5yFwWBBHw,True,True,OPERATIONAL,,no_website,,,2026-10-03T21:49:41.966856+00:00,0,,
Pata Cafe,ChIJaaNE009ewokRPCHe9P866u4,False,True,CLOSED_PERMANENTLY,https://www.facebook.com/Pata-Cafe-1631945920391968/,incomplete_lookup,,,2026-10-03T21:49:41.966874+00:00,1,robots_disallowed: https://www.facebook.com/Pata-Cafe-1631945920391968/,
Peaches HotHouse,ChIJoxuT5Y5bwokR4BUNuEswrcI,True,True,OPERATIONAL,http://www.bcrestaurantgroup.com/hothouse,found,peachesgrand@gmail.com,peachesgrand@gmail.com,2026-10-03T21:49:42.020224+00:00,6,,https://www.bcrestaurantgroup.com/location/peaches-hot-house-bed-stuy/ | https://www.bcrestaurantgroup.com/contact/ | https://www.bcrestaurantgroup.com/about/ | https://www.bcrestaurantgroup.com/private-dining/ | https://www.bcrestaurantgroup.com/catering-and-events/ | https://www.bcrestaurantgroup.com/location/peaches-grand/
Pecking House Prospect Heights,ChIJR3HTh69bwokRVly3OWNtbCQ,False,True,CLOSED_PERMANENTLY,http://www.peckinghouse.com/,found,info@peckinghouse.com,info@peckinghouse.com,2026-10-03T21:49:42.616428+00:00,4,,https://www.peckinghouse.com/
Peppercorn Station 青花椒 纽约,ChIJ5ckmp3JZwokRYISySgjWO7k,True,True,OPERATIONAL,http://www.peppercornstation.com/,found,peppercornstation@gmail.com,peppercornstation@gmail.com,2026-10-03T21:49:42.827053+00:00,4,,https://www.peppercornstation.com/contact
Phayul,ChIJidFNLAdfwokRDaE9PudSm7Q,True,True,OPERATIONAL,,no_website,,,2026-10-03T21:49:43.429822+00:00,0,,
Philomena's Pizza,ChIJvXR6z1VfwokRYGnzn7W9eao,True,True,OPERATIONAL,http://philomenasqueens.com/,not_found_on_checked_pages,,,2026-10-03T22:10:58.930702+00:00,2,,
Pho & Poke House,ChIJOecyJbTmrIkRSzNlWvgXDo4,True,True,OPERATIONAL,http://www.phopokehouse.com/,not_found_on_checked_pages,,,2026-10-03T22:11:01.485086+00:00,3,,
Pier 17,ChIJR1pTRTxawokRyzoX5XQ_alI,False,True,OPERATIONAL,https://rooftopatpier17.com/,found,events@seaportentertainment.com info@rooftopatpier17.com pier17@pmkentertainment.com sam.gips@seaportentertainment.com,events@seaportentertainment.com info@rooftopatpier17.com pier17@pmkentertainment.com sam.gips@seaportentertainment.com,2026-10-03T21:49:44.214936+00:00,6,,https://rooftopatpier17.com/ | https://rooftopatpier17.com/contact-us/ | https://rooftopatpier17.com/about-us/ | https://rooftopatpier17.com/events/san-holo-2026/ | https://rooftopatpier17.com/concerts/?cat=Concerts | https://rooftopatpier17.com/events/dj-pauly-d-2026/
Pierozek,ChIJl-l0rSdZwokReqiZ7S2yx0A,True,True,OPERATIONAL,http://www.pierozekbrooklyn.com/,found,catering@pierozekbrooklyn.com,catering@pierozekbrooklyn.com,2026-10-03T22:11:04.752445+00:00,4,,
Pig and Khao - LES,ChIJrwEBvIFZwokRY4Q6tww-Am8,False,True,CLOSED_PERMANENTLY,http://www.pigandkhao.com/,found,events@pigandkhao.com,events@pigandkhao.com info@pigandkhao.com,2026-10-03T21:49:44.400678+00:00,4,,
Pig and Khao,ChIJmWvEAIZYwokRpvhPBfDbi_k,True,True,OPERATIONAL,https://www.pigandkhao.com/uws,found,events@pigandkhao.com,events@pigandkhao.com,2026-10-03T22:11:05.762694+00:00,7,,
pinkFROG cafe,ChIJif490AJZwokRtX3kYQ2ey04,True,True,OPERATIONAL,http://pinkfrogcafe.com/,found,eventpinkfrogcafe@gmail.com hello@pinkfrogcafe.com,eventpinkfrogcafe@gmail.com hello@pinkfrogcafe.com,2026-10-03T21:49:44.742769+00:00,3,,https://pinkfrogcafe.com/?page_id=135
Plum Southern Kitchen & Bar,ChIJE-bCLJjlrIkRuBojFxpb0g4,False,True,CLOSED_PERMANENTLY,https://plumdurham.com/,found,hello@plumdurham.com,hello@plumdurham.com,2026-10-03T21:49:45.729981+00:00,5,,
Pochana Thai Kitchen,ChIJS6RtpzhfwokREkNkq6h__dQ,True,True,OPERATIONAL,http://pochananyc.com/,found,pochananyc@gmail.com,pochananyc@gmail.com,2026-10-03T21:49:46.060169+00:00,2,,
Pranakhon,ChIJeWk_ncJZwokR1QHfApa0dQo,True,True,OPERATIONAL,https://pranakhonnyc.com/,found,info@pranakhonnyc.com,info@pranakhonnyc.com,2026-10-03T21:49:46.310139+00:00,1,,
Hungry House - Manhattan,ChIJHblDaXFZwokRLBEPK0C174M,False,True,CLOSED_TEMPORARILY,https://orderhungryhouse.com/,not_found_on_checked_pages,,,2026-10-03T21:49:47.347169+00:00,1,,
Purple Dough,ChIJXdqdlANfwokRoT45jq1AotQ,False,True,OPERATIONAL,https://purpledough.com/,found,purpledough@purpledough.com,purpledough@purpledough.com,2026-10-03T21:49:47.359160+00:00,3,,https://purpledough.com/
Q noodles,ChIJX279hqnzrIkR31Wu5LwKY4g,True,True,OPERATIONAL,https://www.qnoodles.co/,not_found_on_checked_pages,,user@domain.com,2026-10-03T22:11:07.653471+00:00,2,,
Queen’s Room,ChIJS0-CIGZfwokRgs6ADyiQEKE,True,True,OPERATIONAL,http://queensroomnyc.com/,found,events@queensroomnyc.com info@queensroomnyc.com,events@queensroomnyc.com info@queensroomnyc.com,2026-10-03T22:00:20.068018+00:00,6,HTTP_404: http://queensroomnyc.com/contact-1 | HTTP_404: http://queensroomnyc.com/reservations,
Quimby's Bookstore NYC,ChIJh92VBllZwokR02frzAmb3MA,True,False,OPERATIONAL,https://quimbysnyc.com/,not_found_on_checked_pages,,,2026-10-03T22:00:20.441110+00:00,1,,
R40,ChIJmfa2wdVZwokRQhZSfY9P4p0,True,True,OPERATIONAL,http://www.r40lic.com/,found,events@r40lic.com jobs@r40lic.com maitred@r40lic.com r40lic@gmail.com,events@r40lic.com jobs@r40lic.com maitred@r40lic.com r40lic@gmail.com,2026-10-03T22:00:20.628615+00:00,3,,https://www.r40lic.com/ | https://www.r40lic.com/contact-1 | https://www.r40lic.com/events
Rabbit House Omakase & Sake Bar,ChIJVyEPi4dZwokRMd36Qil0Q08,False,True,CLOSED_PERMANENTLY,http://www.rabbithouse.nyc/,found,info@rabbithouse.nyc,info@rabbithouse.nyc,2026-10-03T21:49:48.146021+00:00,2,,
Radio Bakery,ChIJidmaBvdZwokRpeaRMeb_rX4,True,True,OPERATIONAL,http://radiobakery.nyc/,contact_form_only,,,2026-10-03T22:11:08.681697+00:00,6,,https://www.radiobakery.nyc/
Ravagh Persian Grill,ChIJa7gEeahZwokRXPN6Y_WqYO0,True,True,OPERATIONAL,https://www.ravaghrestaurants.com/,found,info@ravaghrestaurants.com,info@ravaghrestaurants.com,2026-10-03T22:00:20.997328+00:00,2,,
Ray's Candy Store,ChIJzWP0UJ1ZwokR99xSXUOZZ08,True,True,OPERATIONAL,http://www.rayscandystore.com/,incomplete_lookup,,,2026-10-03T21:49:48.818017+00:00,6,robots_disallowed: https://linktr.ee/features/contact-forms | robots_disallowed: https://linktr.ee/digital-business-cards | robots_disallowed: https://linktr.ee/features/email-integrations | robots_disallowed: https://linktr.ee/features/audience-management | robots_disallowed: https://linktr.ee/blog/affiliate-marketing,
Reclectic,ChIJEWwTZXpZwokRvIk_OYcvTdI,True,False,OPERATIONAL,https://www.itsreclectic.com/,found,itsreclectic@urbn.com,itsreclectic@urbn.com,2026-10-03T22:00:21.116871+00:00,6,,https://itsreclectic.com/ | https://itsreclectic.com/faqs/ | https://itsreclectic.com/locations/tempe/ | https://itsreclectic.com/locations/dallas/ | https://itsreclectic.com/locations/denver/ | https://itsreclectic.com/locations/chicago/
Red Hook Tavern,ChIJv0LelZRbwokRrUvqWn_7o98,True,True,OPERATIONAL,http://www.redhooktavern.com/,found,reservations@redhooktavern.com,reservations@redhooktavern.com,2026-10-03T21:49:48.930648+00:00,4,,
Red Rooster Harlem,ChIJFcYLJw32wokRnP5A9xO9JqM,True,True,OPERATIONAL,https://www.redroosterharlem.com/,found,dina@redroosterharlem.com info@redroosterharlem.com,dina@redroosterharlem.com info@redroosterharlem.com,2026-10-03T21:49:49.478800+00:00,4,,https://www.redroosterharlem.com/ | https://www.redroosterharlem.com/reservations | https://www.redroosterharlem.com/private-events | https://www.redroosterharlem.com/inquiry-private-events
Renee's Kitchenette & Grill,ChIJZ949wwNfwokRhpCbCHtoMyQ,True,True,OPERATIONAL,http://www.reneeskitchenette.com/,contact_form_only,,,2026-10-03T22:11:10.705159+00:00,6,,https://www.reneeskitchenette.com/ | https://www.reneeskitchenette.com/contact/ | https://www.reneeskitchenette.com/location/none/
Rice Thief,ChIJnxFt6K5fwokRKBa4WLOwtk0,True,True,OPERATIONAL,https://www.instagram.com/ricethief.nyc,incomplete_lookup,,,2026-10-03T21:49:50.523474+00:00,1,robots_disallowed: https://www.instagram.com/ricethief.nyc,
Rio Bonito Grill,ChIJ04fgjKxfwokRJhS7n4zAVBM,True,True,OPERATIONAL,,no_website,,,2026-10-03T21:49:50.624470+00:00,0,,
Robert Is Here Fruit Stand,ChIJfRsZUyrh2YgRGW3Q2YUNHiE,True,True,OPERATIONAL,http://www.robertishere.com/,contact_form_only,,,2026-10-03T22:11:12.743411+00:00,4,,https://www.robertishere.com/
Rolo’s,ChIJWUhoPQhdwokRYsDwo5qMnMU,True,True,OPERATIONAL,http://www.rolosnyc.com/,found,bigparties@rolosnyc.com info@rolosnyc.com,bigparties@rolosnyc.com info@rolosnyc.com,2026-10-03T21:49:50.700982+00:00,2,,https://www.rolosnyc.com/ | https://www.rolosnyc.com/location/rolos/
Rowdy Rooster - East Village,ChIJm4-M5n9ZwokRalc0nCElVto,False,True,CLOSED_PERMANENTLY,http://www.rowdyrooster.com/,found,events@uafoods.nyc hello@rowdyrooster.com press@uafoods.nyc,events@uafoods.nyc hello@rowdyrooster.com press@uafoods.nyc,2026-10-03T21:49:51.367428+00:00,2,,
S-Meat & Hueso,ChIJ7zwV-HNfwokRDNmvAibXHfM,True,True,OPERATIONAL,,no_website,,,2026-10-03T21:49:51.428204+00:00,0,,
S Wan Cafe,ChIJvVCtiIdZwokRCynifPl-aa8,True,True,OPERATIONAL,,no_website,,,2026-10-03T21:49:51.428215+00:00,0,,
Sac's Place,ChIJ9yi_ITdfwokR-NlVT6D9tMw,True,True,OPERATIONAL,http://www.sacsplace.com/,found,sacsplace@gmail.com,sacsplace@gmail.com,2026-10-03T22:00:21.676051+00:00,2,,
Sagara food city,ChIJ5bAvx6hPwokRbVB2BPRGZFI,False,True,CLOSED_PERMANENTLY,,no_website,,,2026-10-03T21:49:51.428222+00:00,0,,
Saigon Shack,ChIJp7CcJ5JZwokRCZHeOFZwxkc,True,True,OPERATIONAL,http://saigonshack.com/,found,saigonshack114@gmail.com,saigonshack114@gmail.com,2026-10-03T21:49:51.428228+00:00,2,,
Saiguette,ChIJg-WOqSP2wokR7ajr8S2mnqM,True,True,OPERATIONAL,http://www.saiguette.com/,not_found_on_checked_pages,,,2026-10-03T22:11:14.667906+00:00,4,,
Sailor,ChIJ2xcAfQFbwokRSBBCp0svARQ,True,True,OPERATIONAL,https://www.sailor.nyc/,found,ahoy@sailor.nyc,ahoy@sailor.nyc,2026-10-03T22:00:22.687716+00:00,6,,https://www.sailor.nyc/ | https://www.sailor.nyc/contact/ | https://www.sailor.nyc/reserve/ | https://www.sailor.nyc/our-team/ | https://www.sailor.nyc/about-us/ | https://www.sailor.nyc/details-faqs/
SALSWEE,ChIJLyg8CaBZwokRbwSEztdB0Y8,True,True,OPERATIONAL,https://www.salswee.com/,found,info@salswee.com,info@salswee.com store180@salswee.com,2026-10-03T21:49:52.154097+00:00,4,,https://salswee.com/ | https://salswee.com/pages/faq | https://salswee.com/pages/about | https://salswee.com/pages/loaction
Salt Hank’s,ChIJ330HVABZwokRvqws3mNYmsU,True,True,OPERATIONAL,https://salthanks.com/,found,contact@salthanks.com,contact@salthanks.com,2026-10-03T22:00:22.695677+00:00,1,,
Sami's Kabab House,ChIJp_5OfTJfwokRPTrvl90VXkw,True,True,OPERATIONAL,https://samis.nyc/,incomplete_lookup,,,2026-10-03T22:11:15.384904+00:00,2,SSLError: https://samis.nyc/ | browser_load_error: https://samis.nyc/,
Samossa Bites,ChIJ9xCKxV5fwokRCWtlce1kXTY,False,True,OPERATIONAL,https://www.samossabites.com/,found,customerservice@samossabites.com,customerservice@samossabites.com,2026-10-03T21:49:52.347659+00:00,4,,https://samossabites.com/page/catering | https://samossabites.com/page/contact-us
Sam's Falafel Stand,ChIJha_VQhdawokRuVhfhUyURGg,True,True,OPERATIONAL,,no_website,,,2026-10-03T21:49:52.371410+00:00,0,,
San Matteo Pizza & Espresso Bar,ChIJH_BcLqVYwokRQcOB4SsoZxY,True,True,CLOSED_PERMANENTLY,http://sanmatteomenu.com/?utm_source=gbp,incomplete_lookup,,,2026-10-03T21:49:52.371422+00:00,5,HTTP_403: https://slicelife.com/pages/about-us | non_restaurant_email_excluded: https://slicelife.com/pages/faq,
Sanuki Udon,ChIJNejimAdZwokRC3iuaLWUJXY,True,True,OPERATIONAL,https://www.sanukiudonusa.com/,not_found_on_checked_pages,,,2026-10-03T22:11:15.869853+00:00,4,,
Sanyuu West,ChIJeTRXkt1ZwokRzC-G7wRz4X0,True,True,OPERATIONAL,http://sanyuuwest.com/,found,hello@sanyuuwest.com,hello@sanyuuwest.com,2026-10-03T21:49:54.767224+00:00,2,,
Sao Mai,ChIJiRyw_Z1ZwokRJoGTZBGAwHY,True,True,OPERATIONAL,http://saomainyc.com/,found,info@saomainyc.com,info@saomainyc.com,2026-10-03T21:49:54.906800+00:00,3,,https://saomainyc.com/contact.html
Saranrom Thai,ChIJUU0Hd95fwokR3tAJqfPpDvs,True,True,OPERATIONAL,https://saranromthai.dine.online/,not_found_on_checked_pages,,,2026-10-03T22:11:17.306462+00:00,3,,
SARISA Cafe,ChIJOUvM4khZwokRq_jlqZmdi84,True,True,OPERATIONAL,https://www.sarisacafe.com/,not_found_on_checked_pages,,,2026-10-03T22:11:18.524818+00:00,2,,
Scoop Local,ChIJlY-doxXlrIkR0tKJWMiylOI,False,True,CLOSED_PERMANENTLY,,no_website,,,2026-10-03T21:49:55.745838+00:00,0,,
Semma,ChIJxZmzO7hZwokRx2fls4uU4YU,True,True,OPERATIONAL,http://semma.nyc/,found,hello@semma.nyc press@uafoods.nyc,hello@semma.nyc press@uafoods.nyc,2026-10-03T21:49:55.745852+00:00,2,,
sendo,ChIJ147VsupZwokRC6Jn6kFXQPU,True,True,OPERATIONAL,https://sendo.nyc/,found,team@sendo.nyc,team@sendo.nyc,2026-10-03T21:49:55.813513+00:00,1,,
Sendo,ChIJL0OAY2VZwokR7_beSa-EKAA,True,True,OPERATIONAL,https://sendo.nyc/,found,team@sendo.nyc,team@sendo.nyc,2026-10-03T22:00:23.709110+00:00,1,,
Seven Scents 七号小串 | Skewers · Beer · Chinese BBQ,ChIJf2cZcgBZwokRpB2AdSkpwjM,False,True,OPERATIONAL,https://www.sevenscentsny.com/,contact_form_only,,,2026-10-03T21:49:56.408228+00:00,2,,https://www.sevenscentsny.com/ | https://www.sevenscentsny.com
Shanghai You Garden,ChIJH8LwGw5gwokRk9ncph3wEUI,True,True,OPERATIONAL,https://www.shanghaiyougardennyc.com/,not_found_on_checked_pages,,,2026-10-03T22:11:19.000237+00:00,7,,
Shinn WEST,ChIJoxNAKatZwokR2hw_vq2HafE,True,True,OPERATIONAL,https://www.shinneast.com/,not_found_on_checked_pages,,,2026-10-03T22:11:20.635862+00:00,6,,
Sho Nuff Seafood,ChIJowhbU3HkrIkR819af9WuGdc,True,True,OPERATIONAL,http://shonuffseafood.com/,found,shonuff@shonuffseafood.com,shonuff@shonuffseafood.com,2026-10-03T21:49:56.687474+00:00,3,,https://shonuffseafood.com/contact_us/
Shoo Loong Kan Hotpot Manhattan 小龙坎火锅,ChIJJccD46NZwokRu4jCJM5f_AI,True,True,OPERATIONAL,http://www.shooloongkan.us/,found,info@shooloongkan.us,info@shooloongkan.us,2026-10-03T21:49:57.389821+00:00,4,,https://shooloongkan.us/contact/
Shu Jiao Fu Zhou,ChIJ3au6oIdZwokRRpuRY9nbgik,False,True,OPERATIONAL,,no_website,,,2026-10-03T21:49:57.861361+00:00,0,,
SILK ROAD BITES,ChIJr3pDWwBfwokRFZV_DXk_37U,True,True,OPERATIONAL,https://silkroad-bites.web.app/,not_found_on_checked_pages,,,2026-10-04T06:32:35.986787+00:00,2,,
SLIK,ChIJ6ws3JwBZwokRqkga2p1i_Ik,True,True,OPERATIONAL,https://www.sliknyc.com/,contact_form_only,,,2026-10-03T22:11:21.590041+00:00,2,,https://www.sliknyc.com/password
Soba Noodle Azuma,ChIJjZXSAFhYwokR03OdsEup6mo,True,True,OPERATIONAL,http://www.sobaazuma55.com/,not_found_on_checked_pages,,,2026-10-03T22:11:22.770050+00:00,4,,
Sobaya,ChIJVUXabZxZwokRh-_g7s0HxVI,True,True,OPERATIONAL,http://www.sobaya-nyc.com/,not_found_on_checked_pages,,info@sobaya-nyc.com,2026-10-03T22:11:24.211801+00:00,2,,
Soft Swerve - JACX&CO,ChIJgYtwrptZwokRPbYGVz1NRSw,False,True,OPERATIONAL,https://softswervenyc.com/,found,info@softswervenyc.com,info@softswervenyc.com,2026-10-03T21:49:58.276741+00:00,1,,
Soothr,ChIJ0aS81yNZwokRIk-S2YSuvls,True,True,OPERATIONAL,http://soothrnyc.com/,found,info@soothrnyc.com,info@soothrnyc.com,2026-10-03T21:49:58.743019+00:00,1,,
Sopo Korean Eats,ChIJyyiKvBNZwokRYcYmgNYPxR8,True,True,OPERATIONAL,https://eatsopo.com/,found,contact@eatsopo.com,CONTACT@EATSOPO.COM catering@eatsopo.com contact@eatsopo.com,2026-10-03T21:49:58.898482+00:00,4,"HTTP_404: https://eatsopo.com/faq/""https:/eatsopo.com/catering",https://eatsopo.com/ | https://eatsopo.com/faq/ | https://eatsopo.com/about/
South of the Clouds 云之南 Greenwich Village,ChIJ95gIK5dZwokRwdMlTwvjFtk,True,True,OPERATIONAL,,no_website,,,2026-10-03T22:00:24.880967+00:00,0,,
Southern Junction,ChIJM6VzmXtt04kRS1mirH3ZVlU,True,True,OPERATIONAL,https://southernjunction716.com/,not_found_on_checked_pages,,,2026-10-03T22:11:26.270600+00:00,2,,
Spiga Restaurant,ChIJq5dFPYVYwokR7SJ1_3TWq1E,True,True,OPERATIONAL,http://spigarestaurantnyc.com/,found,spigarestaurantnyc@gmail.com,spigarestaurantnyc@gmail.com,2026-10-03T21:49:59.509200+00:00,3,,
St. Anselm,ChIJc3Sn6BNewokR_RkenZvQhlM,True,True,OPERATIONAL,http://www.stanselm.net/,found,stanselmrestaurant@gmail.com,stanselmrestaurant@gmail.com,2026-10-03T21:49:59.994740+00:00,2,,
Steve's Authentic Key Lime Pie,ChIJ8x57qIhawokRMX-QQ7JtIUc,True,True,OPERATIONAL,https://keylime.com/,incomplete_lookup,,,2026-10-03T21:50:00.796360+00:00,1,robots_disallowed: https://keylime.com/,
STOWAWAY,ChIJAVpqh6NZwokRJOer8_6ArM0,True,True,OPERATIONAL,http://www.stowawaynyc.com/,incomplete_lookup,,,2026-10-03T22:11:26.911856+00:00,2,SSLError: http://www.stowawaynyc.com/ | browser_load_error: http://www.stowawaynyc.com/,
Strand Book Store,ChIJnSKGEJlZwokRQIpiCvzKzV4,False,False,OPERATIONAL,https://www.strandbooks.com/,incomplete_lookup,,,2026-10-03T21:50:00.880994+00:00,1,HTTP_403: https://www.strandbooks.com/,
Suki,ChIJI6Fyq0dZwokRzHGWG9_YM50,False,True,OPERATIONAL,http://sukicurry.com/,not_found_on_checked_pages,,,2026-10-03T21:50:01.047214+00:00,1,,
Sumatera Restaurant NYC,ChIJ21T-e6xfwokRy_clAmiiMDg,True,True,OPERATIONAL,http://linktr.ee/sumatera.nyc,incomplete_lookup,,,2026-10-03T22:00:25.059734+00:00,1,robots_disallowed: http://linktr.ee/sumatera.nyc,
Sushi 35 West,ChIJuxVeogZZwokR8J75zgiqFX8,True,True,OPERATIONAL,http://www.sushi35west.com/,not_found_on_checked_pages,,,2026-10-03T22:11:30.302186+00:00,3,,
Sushi Hatsune,ChIJaUL6oqlbwokRJicLoAka3-0,True,True,OPERATIONAL,https://sushihatsunenyc.com/?utm_source=google,found,sushihatsune50@gmail.com,sushihatsune50@gmail.com,2026-10-03T22:00:25.174636+00:00,1,,
Sushi Sho,ChIJT_JHTgFZwokRXleXHadsVaE,True,True,OPERATIONAL,https://www.exploretock.com/sushi-sho-nyc,incomplete_lookup,,,2026-10-03T21:50:01.077556+00:00,1,robots_disallowed: https://www.exploretock.com/sushi-sho-nyc,
Sweet Afton,ChIJWx0TrzhfwokRjlhD_Yop39c,True,True,OPERATIONAL,http://www.sweetaftonbar.com/,found,chelsea@buabar.com events@sweetaftonbar.com info@sweetaftonbar.com livemusic@sweetaftonbar.com media@sweetaftonbar.com music@sweetaftonbar.com,chelsea@buabar.com events@sweetaftonbar.com info@sweetaftonbar.com livemusic@sweetaftonbar.com media@sweetaftonbar.com music@sweetaftonbar.com,2026-10-03T22:00:25.297131+00:00,3,,https://www.sweetaftonbar.com/ | https://www.sweetaftonbar.com/events/ | https://www.sweetaftonbar.com/hours-and-location/
Sweet Cake,ChIJsRvSV21hwokRFnXOw76ysmU,True,True,OPERATIONAL,https://www.instagram.com/sweetcakenewyork/,incomplete_lookup,,,2026-10-03T21:50:01.133434+00:00,1,robots_disallowed: https://www.instagram.com/sweetcakenewyork/,
Sweet Talk Cafe,ChIJm4ed4NyTrIkRCgqkebIStvg,True,True,OPERATIONAL,https://www.sweettalkcafenc.com/,found,sweettalkcafe@gmail.com sweettalkcafenc@gmail.com,sweettalkcafe@gmail.com sweettalkcafenc@gmail.com,2026-10-03T21:50:01.237976+00:00,2,,
Sybil's Bakery & Restaurant,ChIJL7GPxt1gwokRFcx-mlU8sys,True,True,OPERATIONAL,,no_website,,,2026-10-03T21:50:01.544595+00:00,0,,
Sylla,ChIJ8cO6EbH3wokRs0M2GGlpRww,True,True,OPERATIONAL,,no_website,,,2026-10-03T21:50:01.544615+00:00,0,,
Taberna Tapas,ChIJK_rmf23krIkR06taxOVUYLg,True,True,OPERATIONAL,http://tabernatapas.com/,found,info@tabernatapas.com,info@tabernatapas.com,2026-10-03T21:50:01.544622+00:00,2,,
Tachi,ChIJESihDq5ZwokREKeijupCgQM,True,True,OPERATIONAL,https://tachinyc.com/,found,hello@tachinyc.com,hello@tachinyc.com,2026-10-03T22:00:25.322603+00:00,3,,
Tacos 1986 West Village,ChIJG4KjIzNZwokRoNPsES4eqaA,True,True,OPERATIONAL,https://tacos1986.com/westvillage,not_found_on_checked_pages,,,2026-10-03T22:11:31.123752+00:00,8,,
Taiwan Pork Chop House,ChIJzaUdIOpbwokRgrVeM4cBDOI,True,True,OPERATIONAL,https://www.taiwanporkchop.com/,incomplete_lookup,,,2026-10-03T22:11:33.582137+00:00,9,,https://www.taiwanporkchop.com/ | https://www.taiwanporkchop.com/contact | https://www.taiwanporkchop.com/locationinfo | https://www.taiwanporkchop.com/locationinfo?lid=6319 | https://www.taiwanporkchop.com/contact?form=map&lid=6319 | https://www.taiwanporkchop.com/locationinfo?form=map&lid=6319
Taiyaki NYC Japanese Ice Cream,ChIJJWY834lZwokRamN-INPv7Yk,True,True,OPERATIONAL,http://taiyakinyc.com/,found,info@taiyakinyc.com,info@taiyakinyc.com,2026-10-03T21:50:02.267578+00:00,6,,https://taiyakinyc.com/
Tao Hong,ChIJdeg6_4dZwokREfyUpdXAOpE,True,True,OPERATIONAL,,no_website,,,2026-10-03T21:50:03.390654+00:00,0,,
Tapyorka,ChIJqaJkRQBfwokRLXpCskwiw8Y,True,True,OPERATIONAL,http://tapyorka.com/,contact_form_only,,,2026-10-03T22:11:36.296717+00:00,2,,http://tapyorka.com/
Taverna Kyclades Astoria,ChIJ90pvtWdfwokRw86tuNLCG7g,True,True,OPERATIONAL,http://www.tavernakyclades.com/,found,tavernakyclades@gmail.com,tavernakyclades@gmail.com,2026-10-03T22:11:39.691843+00:00,4,,
Taverna East Village,ChIJhXfp8HVZwokRKCGfuDsTj9Y,False,True,CLOSED_PERMANENTLY,https://www.tavernaeastvillage.com/,incomplete_lookup,,,2026-10-03T21:50:03.390671+00:00,1,SSLError: https://www.tavernaeastvillage.com/,
Teado Tea Shop 葉風茶舖,ChIJiRs__ydawokRKpAV0efG0xg,True,False,OPERATIONAL,https://tea-leaf-conversions.lovable.app/,not_found_on_checked_pages,,,2026-10-03T22:00:27.063001+00:00,1,,
Teazzi Tea Shop,ChIJoSDs21xZwokR38kGGaF_O8s,False,False,CLOSED_PERMANENTLY,http://www.teazzi.com/,contact_form_only,,nyc@teazzi.com,2026-10-03T21:50:03.619139+00:00,3,,https://teazzi.com/contact/ | https://teazzi.com/franchise-inquiries/
Teranga Cafe,ChIJ5ZPpJvv3wokRC0HqmTJnIgk,False,True,CLOSED_PERMANENTLY,http://www.itsteranga.com/,found,info@itsteranga.com jobs@itsteranga.com,info@itsteranga.com jobs@itsteranga.com,2026-10-03T21:50:04.989118+00:00,4,HTTP_404: https://itsteranga.com/information,https://itsteranga.com/ | https://itsteranga.com/conact-us | https://itsteranga.com/about
Teranga Midtown,ChIJi-bJgEtZwokRFayt5jCnQz0,True,True,OPERATIONAL,https://itsteranga.com/,found,info@itsteranga.com jobs@itsteranga.com,info@itsteranga.com jobs@itsteranga.com,2026-10-03T22:00:27.522561+00:00,4,HTTP_404: https://itsteranga.com/information,https://itsteranga.com/ | https://itsteranga.com/conact-us | https://itsteranga.com/about
The Brooklyn Cat Cafe,ChIJAYsFhkVawokRw3cAQ-2bsqo,True,False,OPERATIONAL,http://www.catcafebk.com/,found,meow@catcafebk.com,meow@catcafebk.com,2026-10-03T21:50:05.130309+00:00,6,HTTP_404: https://catcafebk.com/contact/ | HTTP_404: https://catcafebk.com/faqs/donations@bbaw.org,https://catcafebk.com/ | https://catcafebk.com/faqs/ | https://catcafebk.com/reservations/
Avant Gardner,ChIJgVs77qhewokRI_akAB46vUA,True,False,CLOSED_PERMANENTLY,https://www.avant-gardner.com/,incomplete_lookup,,,2026-10-03T21:50:05.874463+00:00,1,robots_disallowed: https://www.avant-gardner.com/,
The Dolar Shop Hot Pot Manhattan,ChIJaVSb2EBZwokRJMIsBasdHpg,True,True,OPERATIONAL,https://www.dolarshop.com/location/manhattan-location,incomplete_lookup,,,2026-10-03T22:11:40.895665+00:00,9,,
The Hideout Chai Bar,ChIJv_6WmoZZwokRbuo1pyegDRE,True,True,OPERATIONAL,http://thehideoutnyc.com/,not_found_on_checked_pages,,,2026-10-03T22:11:43.947094+00:00,3,,
The Hugh,ChIJCwFFZmBZwokR4O1BUs_zrJU,True,True,OPERATIONAL,http://www.thehughnyc.com/,found,thehugh@bxp.com,thehugh@bxp.com,2026-10-03T21:50:07.789457+00:00,3,,
The Mark Hotel,ChIJXYOiRJRYwokRm1i3c9R6WDA,True,True,OPERATIONAL,https://www.themarkhotel.com/?utm_source=gmb&utm_medium=organic,found,events@themarkhotel.com reservations@themarkhotel.com sales@themarkhotel.com,events@themarkhotel.com reservations@themarkhotel.com sales@themarkhotel.com,2026-10-03T21:50:08.358940+00:00,3,,https://www.themarkhotel.com/?utm_source=gmb&utm_medium=organic
The Met Cloisters,ChIJK6bycAH0wokRrSnflfrnkZE,True,False,OPERATIONAL,https://www.metmuseum.org/plan-your-visit/met-cloisters,incomplete_lookup,,,2026-10-03T21:50:09.011981+00:00,1,HTTP_429: https://www.metmuseum.org/plan-your-visit/met-cloisters,
The Morgan Library & Museum,ChIJ3453OAdZwokRja92OOKCugM,True,False,OPERATIONAL,https://www.themorgan.org/,incomplete_lookup,,,2026-10-03T22:00:27.690922+00:00,1,robots_disallowed: https://www.themorgan.org/,
The Pickle Guys,ChIJXb4wVodZwokR5x8y1U_sFqA,True,True,OPERATIONAL,http://pickleguys.com/,found,sales@pickleguys.com,sales@pickleguys.com,2026-10-03T22:00:27.789617+00:00,4,,https://pickleguys.com/ | https://pickleguys.com/pages/contact-us | https://pickleguys.com/pages/faqs | https://pickleguys.com/pages/about-us
The Ship on The Shore,ChIJd9qq9wS4h0gRPCl3pJsttBg,True,True,OPERATIONAL,https://www.theshipontheshore.co.uk/,found,seafood@theshipontheshore.co.uk,seafood@theshipontheshore.co.uk,2026-10-03T22:00:28.763683+00:00,2,,https://www.theshipontheshore.co.uk/ | https://www.theshipontheshore.co.uk/reservations/
The Trestle,ChIJRRMBFzpfwokRz_IwKtrMbdw,False,True,CLOSED_PERMANENTLY,http://trestleastoria.com/,not_found_on_checked_pages,,info@trestleastoria.com,2026-10-03T21:50:09.195113+00:00,1,,
Theodora,ChIJJye7jZBbwokRtioAck7uEIg,True,True,OPERATIONAL,https://www.theodoranyc.com/,found,info@theodoranyc.com,info@theodoranyc.com,2026-10-03T21:50:09.557803+00:00,5,,
Thirteen Water,ChIJsTmHXltZwokRXisc2lNWYrE,True,True,OPERATIONAL,http://thirteenwater.com/,found,hello@thirteenwaterwest.com omakase@thirteenwater.com,hello@thirteenwaterwest.com omakase@thirteenwater.com,2026-10-03T21:50:11.199043+00:00,6,HTTP_404: https://thirteenwater.com/reservation | HTTP_404: https://www.thirteenwater.com/reservation,
THREE-HOT-POT & BBQ,ChIJI4fvvy1ZwokR7gB_eAfsKBk,True,True,CLOSED_PERMANENTLY,https://pos.chowbus.com/online-ordering/store/13868?fbclid=PAAaZv3dcSFvn37VDLQythPBzMImumOMVXp6sJccvfEQ2w2K78xTEkD_b0TLc_aem_th_AV6eEcw_tB1aHa6KzBhYomTzCT123Jc_Wjo9Sk1vY0edZAKTL4WqaHUhgzHOKUYnqvU,incomplete_lookup,,,2026-10-03T21:50:11.621913+00:00,1,HTTP_404: https://pos.chowbus.com/online-ordering/store/13868?fbclid=PAAaZv3dcSFvn37VDLQythPBzMImumOMVXp6sJccvfEQ2w2K78xTEkD_b0TLc_aem_th_AV6eEcw_tB1aHa6KzBhYomTzCT123Jc_Wjo9Sk1vY0edZAKTL4WqaHUhgzHOKUYnqvU,
Tènten,ChIJb8ADOwBZwokR0g8U1OMjIQQ,True,True,OPERATIONAL,https://tentennyc.square.site/,not_found_on_checked_pages,,,2026-10-03T22:11:48.253251+00:00,3,,
Tokyo Ya,ChIJAxwnU2BfwokR3rwo_uhZnx8,True,True,OPERATIONAL,https://www.tokyoyaastoria.com/,incomplete_lookup,,,2026-10-03T22:11:51.033087+00:00,2,HTTP_429: https://www.tokyoyaastoria.com/,
Tomi Jazz,ChIJVcSnm-NYwokRnGivcMPc81Q,True,True,OPERATIONAL,http://www.tomijazz.com/,contact_form_only,,,2026-10-03T22:11:51.923650+00:00,7,,https://www.tomijazz.com/contact/
TONCHIN NEW YORK,ChIJBwGziqlZwokRb3MTH3xUt0Y,True,True,OPERATIONAL,https://tonchinus.com/,contact_form_only,,info@foodexny.com,2026-10-03T22:11:53.721236+00:00,8,,https://www.tonchinus.com/contact-us
Tortas Neza,ChIJjWjjZmlfwokR6fwfNr8fsXc,True,True,OPERATIONAL,https://tortasnezany.com/,incomplete_lookup,,,2026-10-03T22:11:58.274299+00:00,2,SSLError: https://tortasnezany.com/ | browser_load_error: https://tortasnezany.com/,
Tradisyon,ChIJdyk-enFZwokR1bLvV9GdJSQ,True,True,OPERATIONAL,http://www.tradisyonnyc.com/,found,info@tradisyonnyc.com,info@tradisyonnyc.com,2026-10-03T22:00:29.163512+00:00,3,,
Trinciti Roti Shop & Restaurant,ChIJldBYqUdnwokRZjmk27CkPKQ,True,True,OPERATIONAL,https://trinciti.com/,not_found_on_checked_pages,,,2026-10-03T22:11:58.493490+00:00,2,,
Two Boots Pizza East Village,ChIJ7-7w8IJZwokR8RpCb38T-b8,False,True,CLOSED_PERMANENTLY,https://www.twoboots.com/,found,catering@twoboots.com info@twoboots.com,catering@twoboots.com info@twoboots.com,2026-10-03T21:50:15.217521+00:00,6,,https://twoboots.com/contact/ | https://twoboots.com/catering/
Ubani - Bay Ridge,ChIJnyj5t9tPwokRzZB8MaTh8Ng,True,True,OPERATIONAL,https://ubaniny.com/,incomplete_lookup,,,2026-10-03T22:12:01.126950+00:00,8,HTTP_404: https://ubaniny.com/contact | browser_load_error: https://ubaniny.com/contact,
Uka Omakase,ChIJldVrs9lZwokRfhzV-CTUW4w,True,True,OPERATIONAL,http://ukaomakase.com/,not_found_on_checked_pages,,,2026-10-03T22:12:26.761490+00:00,6,,
Underground Pizza,ChIJqW49gRZawokR2Qe0VaIztUU,True,True,OPERATIONAL,https://www.undergroundpizzamenu.com/?utm_source=gbp,not_found_on_checked_pages,,,2026-10-03T22:12:28.151539+00:00,2,,
Untable,ChIJ_zbudV1bwokRyxgi4zQEn0Y,True,True,OPERATIONAL,http://www.untablebrooklyn.com/,found,untablebrooklyn@gmail.com,untablebrooklyn@gmail.com,2026-10-03T22:00:29.940315+00:00,3,,
Urban Jungle,ChIJMQcg0ANcwokRoM3AJoyxFsc,True,False,OPERATIONAL,http://ltrainvintagenyc.com/,found,ltrainvintagenyc@gmail.com,ltrainvintagenyc@gmail.com user@domain.com,2026-10-03T21:50:19.587595+00:00,2,,
Urban Noodle兰州拉面.刀削面.泡菜.肉夹馍.釀皮.炸酱面,ChIJRxgh31_vrIkRx6scNwgJVd8,False,True,CLOSED_PERMANENTLY,http://www.myurbannoodle.com/,incomplete_lookup,,,2026-10-03T21:50:20.644257+00:00,1,SSLError: http://www.myurbannoodle.com/,
Very Fresh Noodles,ChIJHfCeYL9ZwokRWJA_N5ywsvk,True,True,OPERATIONAL,http://www.veryfreshnoodles.com/,not_found_on_checked_pages,,,2026-10-03T22:12:30.335562+00:00,2,,
Vezzo NYC Thin Crust Pizza,ChIJzUb4cghZwokRHMDVYRngGeI,True,True,OPERATIONAL,https://www.nycthincrust.com/location/vezzo-thin-crust/,contact_form_only,,,2026-10-03T22:12:32.144723+00:00,6,,https://www.nycthincrust.com/location/vezzo-thin-crust/ | https://www.nycthincrust.com/contact/ | https://www.nycthincrust.com/about/
Voilà Afrique,ChIJ2ZGvvvdZwokRkF5GiWyBOjc,True,True,OPERATIONAL,http://voilaafrique.com/,found,voilaafrique@yahoo.com,voilaafrique@yahoo.com,2026-10-03T21:50:22.945072+00:00,3,,
Wah Fung No.1 Fast Food,ChIJCZ6p_4dZwokRitXAVOk-zvs,True,True,OPERATIONAL,https://wahfungno1fastfood.site/,unverified_only,,,2026-10-03T22:00:30.230273+00:00,4,restaurant_email_owner_unverified: https://wahfungno1fastfood.goldenpalacebrooklyn.site/,
Walter's Hot Dogs - Mamaroneck,ChIJsa5CHIqRwokRzKO1FPeVqF0,True,True,OPERATIONAL,http://www.waltershotdogs.com/,found,hiring@waltershotdogs.com info@waltershotdogs.com press@waltershotdogs.com truck@waltershotdogs.com,hiring@waltershotdogs.com info@waltershotdogs.com press@waltershotdogs.com store@waltershotdogs.com truck@waltershotdogs.com,2026-10-03T21:50:23.428137+00:00,3,,
West New Malaysia,ChIJ96ZaW9RZwokR_9w0VNf-5lw,True,True,OPERATIONAL,https://westnewmalaysia.org/,found,w.n.malaysiarestaurant@gmail.com,w.n.malaysiarestaurant@gmail.com,2026-10-03T21:50:23.454447+00:00,5,,
West Rice Roll King 西关肠粉王,ChIJv8ppS0dbwokRrn2vYIST7U4,True,True,OPERATIONAL,,no_website,,,2026-10-03T21:50:24.235224+00:00,0,,
Win Son Bakery,ChIJWUWEmp9bwokRD6Q20axkQoc,True,True,OPERATIONAL,http://winsonbrooklyn.com/,not_found_on_checked_pages,,,2026-10-03T22:12:34.538512+00:00,2,,
Witch Topokki Flushing,ChIJPZYVwMxhwokRxhqo2ESo7AI,False,True,CLOSED_PERMANENTLY,https://witchtopokki.com/,incomplete_lookup,,info@witchtopokki.com,2026-10-03T21:50:24.662782+00:00,1,robots_disallowed: https://witchtopokki.com/,
Wo Hop,ChIJBfjMbPJbwokRrcQD5YX1LEI,True,True,OPERATIONAL,http://wohop17.com/,not_found_on_checked_pages,,,2026-10-03T22:12:34.826791+00:00,4,,
Wondee Siam,ChIJj5dV51lYwokRbXx-MhBdMWA,False,True,OPERATIONAL,http://www.wondeesiamnyc.com/,contact_form_only,,,2026-10-03T21:50:24.809446+00:00,2,,https://www.wondeesiamnyc.com/hours-contacts
Xiang Hotpot-Brooklyn,ChIJD5l6DchFwokRZKxRc9LcNqU,True,True,OPERATIONAL,https://xianghotpotbrooklyn.shop/,incomplete_lookup,,,2026-10-03T21:50:25.185773+00:00,2,non_restaurant_email_excluded: https://xiang-hotpot-brooklyn.localoria.com/,
Xie Bao Flushing 蟹寶,ChIJw9v2VQBhwokRFqwgp_ITfG8,True,True,OPERATIONAL,,no_website,,,2026-10-03T21:50:25.650256+00:00,0,,
Xie Bao 蟹宝,ChIJjTA_UwBZwokRJcOl4K-BXJU,True,True,OPERATIONAL,,no_website,,,2026-10-03T22:00:30.454182+00:00,0,,
Yagg Sii Tenn Authentic African Cuisine,ChIJAQAka_TtrIkRI-EfWl8iBuE,True,True,OPERATIONAL,http://www.yaggsitenn.com/,not_found_on_checked_pages,,wdesign@wzuser.com yaggsitenn@gmail.com,2026-10-03T22:12:40.763701+00:00,2,,
Yamato Japanese Restaurant,ChIJ_xver3Nx1oYRUwPUykrnxUc,True,True,OPERATIONAL,https://m.facebook.com/pages/category/Sushi-Restaurant/Yamato-Japanese-Restaurant-143320342346509/,incomplete_lookup,,,2026-10-03T21:50:25.790740+00:00,1,robots_disallowed: https://m.facebook.com/pages/category/Sushi-Restaurant/Yamato-Japanese-Restaurant-143320342346509/,
Yemen Café & Restaurant,ChIJExC3nU9awokRgODOvdb3awc,True,True,OPERATIONAL,https://yemencafe.com/yemencafrestaurantatlantic?utm_source=google,found,yemencafe1@gmail.com yemencafe2@gmail.com yemencafe3@gmail.com,YemenCafe2@gmail.com Yemencafe1@gmail.com Yemencafe3@gmail.com yemencafe1@gmail.com yemencafe2@gmail.com yemencafe3@gmail.com,2026-10-03T21:50:25.947778+00:00,3,,
Yin Ji Chang Fen 銀記腸粉,ChIJqwTG-uphwokR_QqTc3u-m8M,True,True,OPERATIONAL,http://yinji-usa.com/,not_found_on_checked_pages,,,2026-10-03T22:12:42.714115+00:00,5,,
Yummy Noodle House,ChIJz__1TsphwokR0jywVu1dqOM,True,True,OPERATIONAL,https://yummynoodlehousenyc.wixsite.com/home,found,yummynoodlehousenyc@gmail.com,yummynoodlehousenyc@gmail.com,2026-10-03T21:50:26.533421+00:00,3,,
Zest Sushi,ChIJCyayOIdZwokR2GhEvmhn3ss,True,True,OPERATIONAL,https://zestsushinewyork.com/,contact_form_only,,,2026-10-03T22:12:43.935238+00:00,8,,https://zestsushinewyork.com/contact/
Zhego NYC,ChIJcUvF2cFfwokRgmZtEjHQF0g,False,True,CLOSED_PERMANENTLY,https://www.instagram.com/zhego_nyc_/,incomplete_lookup,,,2026-10-03T21:50:27.095396+00:00,1,robots_disallowed: https://www.instagram.com/zhego_nyc_/,
Zuma New York,ChIJjxZ92gBZwokRBs-63wLcBp8,True,True,OPERATIONAL,https://www.zumarestaurant.com/en/new-york?utm_source=InfoButtonClick&utm_medium=Home&utm_campaign=GoogleBusinessProfile,found,events.ny@zumarestaurant.us info.ny@zumarestaurant.us,events.ny@zumarestaurant.us info.ny@zumarestaurant.us,2026-10-03T21:50:27.220647+00:00,6,,https://www.zumarestaurant.com/en/new-york/private-dining
