Name,Maps CID,Address,Business Status,General Inquiry Emails,Email Source URLs,General Contact Forms,Other Purpose Emails,Limited Purpose Forms,Social Profile Leads (DMs Unverified),Candidate Emails (Unverified),Candidate Warnings,Text Contact Outcome,Website,Phone,Checked At,Research Notes
SILK ROAD BITES,13105263229821490453,"36-02 Steinway St, Long Island City, NY 11101",OPERATIONAL,,,,,,https://www.instagram.com/silk_roadbites/,,,social_profile_leads_only,https://silkroad-bites.web.app/,(718) 406-9081,2026-10-04T20:00:59.554036+00:00,"No messages sent or forms submitted. Mailbox delivery and form submission are untested. Social links are leads, not proof that private messaging is enabled; login may be required."
Gennaro Restaurant,17780813817686011923,"Gennaro Restaurant, 665 Amsterdam Ave, New York, NY 10025, USA",OPERATIONAL,gennaro@gennaronyc.com,https://www.gennaronyc.com/,,,,,,,email,https://www.gennaronyc.com/,(212) 665-5348,2026-10-03T22:00:06.463413+00:00,"No messages sent or forms submitted. Mailbox delivery and form submission are untested. Email roles are routing heuristics, not confirmed dietary/allergy contacts."
R40,11376743086392743490,"47-16 Vernon Blvd, Long Island City, NY 11101, USA",OPERATIONAL,maitred@r40lic.com | r40lic@gmail.com,https://www.r40lic.com/ | https://www.r40lic.com/contact-1 | https://www.r40lic.com/events,,events@r40lic.com (events/catering) | jobs@r40lic.com (careers),,,,,email,http://www.r40lic.com/,(718) 440-9484,2026-10-03T22:00:20.628615+00:00,"No messages sent or forms submitted. Mailbox delivery and form submission are untested. Email roles are routing heuristics, not confirmed dietary/allergy contacts."
Good Time Country Buffet,10658260548624292178,"166 1st Ave, New York, NY 10009, USA",OPERATIONAL,contact@goodtimebuffet.com | goodtime@hellobecca.com,https://www.goodtimebuffet.com/,,,,,,,email,http://www.goodtimebuffet.com/,(646) 454-1844,2026-10-03T22:00:07.192811+00:00,"No messages sent or forms submitted. Mailbox delivery and form submission are untested. Email roles are routing heuristics, not confirmed dietary/allergy contacts."
Ayat Astoria,151863823242530231,"33-25 Crescent St, Astoria, NY 11106, USA",OPERATIONAL,,,https://www.ayatnyc.com/contact/,,,https://www.facebook.com/ayat.nyc/ | https://www.instagram.com/ayat.nyc/,,,general_contact_form,https://www.ayatnyc.com/location/astoria/?utm_source=google&utm_medium=organic&utm_campaign=gbp-profile%20&utm_content=ast,(347) 242-2887,2026-10-04T20:01:01.229182+00:00,"No messages sent or forms submitted. Mailbox delivery and form submission are untested. Social links are leads, not proof that private messaging is enabled; login may be required."
Sami's Kabab House,5502859836174318141,"35-57 Crescent St, Astoria, NY 11106, USA",OPERATIONAL,,,,,,https://www.instagram.com/samiskababhouse/?hl=en,,,social_profile_leads_only,https://samis.nyc/,(917) 832-7165,2026-10-04T20:01:08.825968+00:00,"No messages sent or forms submitted. Mailbox delivery and form submission are untested. Social links are leads, not proof that private messaging is enabled; login may be required. Some lookups failed or were blocked; missing contacts are not proof none exist."
SLIK,9942930507435755690,"437 E 12th St, New York, NY 10009, USA",OPERATIONAL,,,,,,https://www.facebook.com/p/SLIK-61583453232302/ | https://www.instagram.com/sliknyc/?hl=en,,,social_profile_leads_only,https://www.sliknyc.com/,(212) 510-7413,2026-10-04T20:01:46.236177+00:00,"No messages sent or forms submitted. Mailbox delivery and form submission are untested. Social links are leads, not proof that private messaging is enabled; login may be required."
Matsunori Handroll Bar,1504209005440274093,"27-09 Thomson Ave, Long Island City, NY 11101, USA",OPERATIONAL,lic@matsunori.com,https://matsunori.com/lic/,,,,,,,email,https://matsunori.com/lic,(347) 396-5091,2026-10-03T22:00:16.713690+00:00,"No messages sent or forms submitted. Mailbox delivery and form submission are untested. Email roles are routing heuristics, not confirmed dietary/allergy contacts."
ChiChicken 吃鸡,5553631354886782585,"42-59 Hunter St, Long Island City, NY 11101, USA",OPERATIONAL,,,,,,https://www.instagram.com/nychichicken/,,,social_profile_leads_only,http://www.chichicken.food/,(718) 988-7788,2026-10-04T20:01:59.446298+00:00,"No messages sent or forms submitted. Mailbox delivery and form submission are untested. Social links are leads, not proof that private messaging is enabled; login may be required. Some lookups failed or were blocked; missing contacts are not proof none exist."
Astoria Bagel Shop,5119869549450136020,"28-12 Ditmars Blvd, Astoria, NY 11105, USA",OPERATIONAL,,,,,,https://www.instagram.com/astoriabakerycafe/?hl=en,,,social_profile_leads_only,,(718) 728-5169,2026-10-04T20:06:10.209960+00:00,"No messages sent or forms submitted. Mailbox delivery and form submission are untested. Social links are leads, not proof that private messaging is enabled; login may be required."
Kabab Cafe,3600165362728174469,"25-12 Steinway St, Astoria, NY 11103, USA",OPERATIONAL,kababcafe@hotmail.com,https://www.kababcafenyc.com/ | https://www.kababcafenyc.com/about-us,,,,,,,email,http://www.kababcafenyc.com/,(718) 728-9858,2026-10-03T22:00:11.329043+00:00,"No messages sent or forms submitted. Mailbox delivery and form submission are untested. Email roles are routing heuristics, not confirmed dietary/allergy contacts."
Mike's Pastry,6240775701985139892,"11 Dunster St, Cambridge, MA 02138, USA",OPERATIONAL,,,https://www.mikespastry.com/contact/,,,https://www.facebook.com/Mikes-Pastry-Inc-120188411325903/ | https://www.instagram.com/mikespastry/,,,general_contact_form,http://www.mikespastry.com/,(617) 661-0518,2026-10-04T20:06:11.589281+00:00,"No messages sent or forms submitted. Mailbox delivery and form submission are untested. Social links are leads, not proof that private messaging is enabled; login may be required."
Alive & Kicking Lobsters,10689143895533251378,"269 Putnam Ave, Cambridge, MA 02139, USA",OPERATIONAL,,,,,,https://instagram.com/aliveandkickinglobsters | https://www.facebook.com/p/Alive-and-Kicking-Lobsters-100068865900163/ | https://www.instagram.com/aliveandkickinglobsters/?hl=en,,,social_profile_leads_only,https://aliveandkickinglobster.com/,(617) 876-0451,2026-10-04T20:06:26.216871+00:00,"No messages sent or forms submitted. Mailbox delivery and form submission are untested. Social links are leads, not proof that private messaging is enabled; login may be required."
L.A. Burdick Handmade Chocolates,11739614185594704226,"52 Brattle St, Cambridge, MA 02138, USA",OPERATIONAL,burdick@burdickchocolate.com,https://www.burdickchocolate.com/pages/contact | https://www.burdickchocolate.com/pages/faq,,press@burdickchocolate.com (press/marketing),,,,,email,https://www.burdickchocolate.com/,(617) 491-4340,2026-10-03T22:00:13.710830+00:00,"No messages sent or forms submitted. Mailbox delivery and form submission are untested. Email roles are routing heuristics, not confirmed dietary/allergy contacts."
Café China,131987821963841036,"59 W 37th St, New York, NY 10018, USA",OPERATIONAL,cafechina.nyc@gmail.com,https://cafechina.nyc/ | https://cafechina.nyc/about | https://cafechina.nyc/events,,,,,,,email,http://cafechina.nyc/,(212) 213-2810,2026-10-03T21:59:56.906615+00:00,"No messages sent or forms submitted. Mailbox delivery and form submission are untested. Email roles are routing heuristics, not confirmed dietary/allergy contacts."
Saiguette,11790043590765029613,"935 Columbus Ave, New York, NY 10025, USA",OPERATIONAL,,,,,,https://www.facebook.com/Saiguette | https://www.facebook.com/Saiguette/ | https://www.instagram.com/saiguettellc/?hl=en,,,social_profile_leads_only,http://www.saiguette.com/,(212) 866-8886,2026-10-04T20:06:35.695535+00:00,"No messages sent or forms submitted. Mailbox delivery and form submission are untested. Social links are leads, not proof that private messaging is enabled; login may be required."
Bánh,9195422918215459343,"942 Amsterdam Ave, New York, NY 10025, USA",OPERATIONAL,banhvny@gmail.com,https://www.banhny.com/,,,,,,,email,http://banhny.com/,(917) 639-3151,2026-10-04T20:06:38.501199+00:00,"No messages sent or forms submitted. Mailbox delivery and form submission are untested. Email roles are routing heuristics, not confirmed dietary/allergy contacts."
heytea (Prince Street),9785417208795639290,"38-02 Prince St Floor 1, Flushing, NY 11354, USA",OPERATIONAL,,,,,,,,,no_text_route_found_in_checked_sources,https://www.heytea.com/,(347) 732-0666,2026-10-04T20:07:09.018406+00:00,No messages sent or forms submitted. Mailbox delivery and form submission are untested. Some lookups failed or were blocked; missing contacts are not proof none exist.
Queen’s Room,11605934741466959490,"36-02 Ditmars Blvd, Astoria, NY 11105, USA",OPERATIONAL,info@queensroomnyc.com,https://www.queensroomnyc.com/ | https://www.queensroomnyc.com/about | https://www.queensroomnyc.com/contact | https://www.queensroomnyc.com/reservationsandevents,,events@queensroomnyc.com (events/catering),,,,,email,http://queensroomnyc.com/,(347) 987-3994,2026-10-03T22:00:20.068018+00:00,"No messages sent or forms submitted. Mailbox delivery and form submission are untested. Email roles are routing heuristics, not confirmed dietary/allergy contacts."
Consuelo,9156306539191812792,"224 W 104th St, New York, NY 10025, USA",OPERATIONAL,,,,,,https://www.facebook.com/cocinaconsuelonyc/ | https://www.instagram.com/cocinaconsuelonyc/ | https://www.instagram.com/consuelo_nyc/,,,social_profile_leads_only,https://www.cocinaconsuelonyc.com/consuelouws,(646) 391-1123,2026-10-04T20:07:15.248546+00:00,"No messages sent or forms submitted. Mailbox delivery and form submission are untested. Social links are leads, not proof that private messaging is enabled; login may be required. Some lookups failed or were blocked; missing contacts are not proof none exist."
Jurin Sushi,3583058144959464139,"270 W 36th St. 2nd floor, New York, NY 10018, USA",OPERATIONAL,,,,,,https://www.instagram.com/jurinsushi_nyc/?hl=en,,,social_profile_leads_only,https://order.toasttab.com/online/jurinsushi,(718) 838-2223,2026-10-04T20:07:23.255905+00:00,"No messages sent or forms submitted. Mailbox delivery and form submission are untested. Social links are leads, not proof that private messaging is enabled; login may be required."
Esse Taco,5656870612878589037,"219 Bedford Ave, Brooklyn, NY 11211, USA",OPERATIONAL,info@essetaco.com,https://www.essetaco.com/ | https://www.essetaco.com/about/ | https://www.essetaco.com/location/esse-taco/,,,,,,,email,http://essetaco.com/,,2026-10-03T21:59:59.978587+00:00,"No messages sent or forms submitted. Mailbox delivery and form submission are untested. Email roles are routing heuristics, not confirmed dietary/allergy contacts."
The Pickle Guys,11535667323179507687,"357 Grand St, New York, NY 10002, USA",OPERATIONAL,sales@pickleguys.com,https://pickleguys.com/ | https://pickleguys.com/pages/about-us | https://pickleguys.com/pages/contact-us | https://pickleguys.com/pages/faqs,,,,,,,email,http://pickleguys.com/,(212) 656-9739,2026-10-03T22:00:27.789617+00:00,"No messages sent or forms submitted. Mailbox delivery and form submission are untested. Email roles are routing heuristics, not confirmed dietary/allergy contacts."
Sendo,11404887461918447,"43 W 8th St 2nd Floor, New York, NY 10011, USA",OPERATIONAL,team@sendo.nyc,https://www.sendo.nyc/,,,,,,,email,https://sendo.nyc/,(646) 400-1647,2026-10-03T22:00:23.709110+00:00,"No messages sent or forms submitted. Mailbox delivery and form submission are untested. Email roles are routing heuristics, not confirmed dietary/allergy contacts."
"Chick It Out "" Khao Man Gai""",11793407230624889820,"32-06 35th St, Astoria, NY 11106, USA",OPERATIONAL,,,https://www.chickitoutastoria.com/,,,https://www.facebook.com/chickitout.astoria.2025? | https://www.instagram.com/chick_itoutastoria?igsh=MnV0NG4yazcyc3Jh&utm_source=qr,,,general_contact_form,http://www.chickitoutastoria.com/,(917) 832-6013,2026-10-04T20:07:25.140899+00:00,"No messages sent or forms submitted. Mailbox delivery and form submission are untested. Social links are leads, not proof that private messaging is enabled; login may be required."
The Ship on The Shore,1780097899220642108,"24-26 Shore, Leith, Edinburgh EH6 6QN, UK",OPERATIONAL,seafood@theshipontheshore.co.uk,https://www.theshipontheshore.co.uk/ | https://www.theshipontheshore.co.uk/reservations/,,,,,,,email,https://www.theshipontheshore.co.uk/,0131 555 0409,2026-10-03T22:00:28.763683+00:00,"No messages sent or forms submitted. Mailbox delivery and form submission are untested. Email roles are routing heuristics, not confirmed dietary/allergy contacts."
Tapyorka,14322328952771869229,"31-05 36th Ave, Astoria, NY 11106, USA",OPERATIONAL,,,,,,https://www.instagram.com/tapyorka/ | https://www.instagram.com/tapyorka/?hl=en,,,social_profile_leads_only,http://tapyorka.com/,(347) 396-5835,2026-10-04T20:07:32.655937+00:00,"No messages sent or forms submitted. Mailbox delivery and form submission are untested. Social links are leads, not proof that private messaging is enabled; login may be required."
Pierozek,4667895449122351226,"592 Manhattan Ave, Brooklyn, NY 11222, USA",OPERATIONAL,,,,catering@pierozekbrooklyn.com (events/catering),,,,,limited_purpose_only,http://www.pierozekbrooklyn.com/,(718) 576-3866,2026-10-03T22:11:04.752445+00:00,"No messages sent or forms submitted. Mailbox delivery and form submission are untested. Email roles are routing heuristics, not confirmed dietary/allergy contacts."
Ichibantei,11043146963933508970,"100 3rd Ave, New York, NY 10003, USA",OPERATIONAL,info@ichibanteiny.com,https://ichibanteiny.com/corporate-event-space-near-union-square-nyc/ | https://ichibanteiny.com/private-event/,,,,,,,email,https://ichibanteiny.com/?utm_source=google&utm_medium=organic&utm_campaign=gbp,(917) 965-2327,2026-10-03T22:00:10.680849+00:00,"No messages sent or forms submitted. Mailbox delivery and form submission are untested. Email roles are routing heuristics, not confirmed dietary/allergy contacts."
Tradisyon,2604661481952752341,"Vanderbilt Market - Bars & Eateries, 230 Park Ave, New York, NY 10169, USA",OPERATIONAL,info@tradisyonnyc.com,https://tradisyonnyc.com/ | https://tradisyonnyc.com/new-york-tradisyon-about,,,,,,,email,http://www.tradisyonnyc.com/,(646) 866-6900,2026-10-03T22:00:29.163512+00:00,"No messages sent or forms submitted. Mailbox delivery and form submission are untested. Email roles are routing heuristics, not confirmed dietary/allergy contacts."
Tachi,252556629292263184,"339 W 44th St, New York, NY 10036, USA",OPERATIONAL,hello@tachinyc.com,https://www.tachinyc.com/ | https://www.tachinyc.com/about | https://www.tachinyc.com/contact,,,,,,,email,https://tachinyc.com/,(347) 913-2585,2026-10-03T22:00:25.322603+00:00,"No messages sent or forms submitted. Mailbox delivery and form submission are untested. Email roles are routing heuristics, not confirmed dietary/allergy contacts."
Shinn WEST,17395584215986150618,"525 W 53rd St, New York, NY 10019, USA",OPERATIONAL,,,https://www.shinneast.com/findus,,,,,,general_contact_form,https://www.shinneast.com/,(425) 393-1741,2026-10-04T20:07:39.164407+00:00,No messages sent or forms submitted. Mailbox delivery and form submission are untested.
Bark Barbecue,3477553136987764804,"55 Water St #5FL, Brooklyn, NY 11201, USA",OPERATIONAL,info@barkbarbecueny.com,https://barkbarbecueny.com/,,,,,,,email,http://barkbarbecueny.com/,,2026-10-03T21:59:55.717249+00:00,"No messages sent or forms submitted. Mailbox delivery and form submission are untested. Email roles are routing heuristics, not confirmed dietary/allergy contacts."
Hainan,8045009199409845538,"41-25 162nd St, Flushing, NY 11358, USA",OPERATIONAL,hainanflushing@gmail.com,https://hainannyc.com/,,,,,,,email,https://hainannyc.com/,(917) 563-7223,2026-10-03T22:00:07.753581+00:00,"No messages sent or forms submitted. Mailbox delivery and form submission are untested. Email roles are routing heuristics, not confirmed dietary/allergy contacts."
Mahmoud's Corner Halal Food Cart,9304258340392610132,"34th Ave at, Steinway St, Astoria, NY 11103, USA",OPERATIONAL,,,,,,https://www.facebook.com/34halalfood/ | https://www.facebook.com/34halalfood/?ref=page_internal | https://www.instagram.com/halal_on_34th/?hl=en,,,social_profile_leads_only,http://mahmouds34thavecorner.weebly.com/,(917) 295-2281,2026-10-04T20:07:46.506900+00:00,"No messages sent or forms submitted. Mailbox delivery and form submission are untested. Social links are leads, not proof that private messaging is enabled; login may be required."
South of the Clouds 云之南 Greenwich Village,15642939993430021057,"16 W 8th St, New York, NY 10011, USA",OPERATIONAL,danny.liu@caliamgroup.com,https://www.southofthecloudsnyc.com/contact,https://www.southofthecloudsnyc.com/contact,,,,,,email_and_form,,(212) 888-9653,2026-10-04T20:07:49.687947+00:00,"No messages sent or forms submitted. Mailbox delivery and form submission are untested. Email roles are routing heuristics, not confirmed dietary/allergy contacts."
Chubby Cattle BBQ | New York,4112580935654648192,"206 Spring St, New York, NY 10012, USA",OPERATIONAL,,,,,,https://www.facebook.com/chubbycattlebbq/ | https://www.instagram.com/chubbycattlebbq/,,,social_profile_leads_only,https://www.chubbycattle.com/project/chubby-cattle-new-york/,(646) 594-9742,2026-10-04T20:08:02.236923+00:00,"No messages sent or forms submitted. Mailbox delivery and form submission are untested. Social links are leads, not proof that private messaging is enabled; login may be required."
Bánh Mì Cô Út,4805976662203488461,"83 Elizabeth St, New York, NY 10013, USA",OPERATIONAL,,,,,,https://www.facebook.com/banhmicoutnyc/ | https://www.instagram.com/banhmicoutnyc/?hl=en,,,social_profile_leads_only,https://www.instagram.com/banh_mi_co_ut_nyc/,(646) 767-0444,2026-10-04T20:08:08.263365+00:00,"No messages sent or forms submitted. Mailbox delivery and form submission are untested. Social links are leads, not proof that private messaging is enabled; login may be required."
Chubby TAN｜New York,6571764676649680028,"239 E 5th St, New York, NY 10003, USA",OPERATIONAL,,,https://chubbytan.com/contact-us/,,,https://www.facebook.com/profile.php?%20id=61587401076259 | https://www.instagram.com/chubbytanusa/,,,general_contact_form,https://www.chubbytan.com/,(646) 832-4658,2026-10-04T20:08:11.282803+00:00,"No messages sent or forms submitted. Mailbox delivery and form submission are untested. Social links are leads, not proof that private messaging is enabled; login may be required."
Taverna Kyclades Astoria,13266411337647247043,"36-01 Ditmars Blvd, Astoria, NY 11105, USA",OPERATIONAL,tavernakyclades@gmail.com,https://www.tavernakyclades.com/,,,,,,,email,http://www.tavernakyclades.com/,(718) 545-8666,2026-10-03T22:11:39.691843+00:00,"No messages sent or forms submitted. Mailbox delivery and form submission are untested. Email roles are routing heuristics, not confirmed dietary/allergy contacts."
Sumatera Restaurant NYC,4048914632602417099,"86-20 Whitney Ave, Elmhurst, NY 11373, USA",OPERATIONAL,,,,,,https://www.facebook.com/61561171916557/about/ | https://www.facebook.com/p/Sumatera-Restaurant-NYC-61561171916557/ | https://www.instagram.com/sumatera.nyc/?hl=en,,,social_profile_leads_only,http://linktr.ee/sumatera.nyc,(347) 448-6297,2026-10-04T20:08:15.883849+00:00,"No messages sent or forms submitted. Mailbox delivery and form submission are untested. Social links are leads, not proof that private messaging is enabled; login may be required."
GanBlaze,14726754554313280565,"37-09 College Point Boulevard Space #FH9&10, Flushing, NY 11354, USA",OPERATIONAL,,,,,,https://www.facebook.com/p/%E5%B9%B2%E6%9D%AF-GanBlaze-61582891985772/ | https://www.instagram.com/gan.blaze/?hl=en,,,social_profile_leads_only,,(929) 520-6667,2026-10-04T20:08:21.684447+00:00,"No messages sent or forms submitted. Mailbox delivery and form submission are untested. Social links are leads, not proof that private messaging is enabled; login may be required."
Tènten,297558511805796306,"119 Baxter St Unit B, New York, NY 10013, USA",OPERATIONAL,,,https://tentennyc.square.site/contact-us,,,https://www.instagram.com/tenten_nyc,,,general_contact_form,https://tentennyc.square.site/,,2026-10-04T20:08:26.373766+00:00,"No messages sent or forms submitted. Mailbox delivery and form submission are untested. Social links are leads, not proof that private messaging is enabled; login may be required."
Xie Bao 蟹宝,10762619801896862501,"650 9th Ave, New York, NY 10036, USA",OPERATIONAL,hello@xiebao.com,https://www.xiebaousa.com/about | https://www.xiebaousa.com/faq,,,,https://instagram.com/xiebao | https://www.facebook.com/JAYDBUN/videos/secret-tip-place-your-order-a-day-ahead-via-email-at-jaydbungmailcom-jaydbun-rho/3958103477825885/,,,email,,(724) 390-6466,2026-10-04T20:08:32.782745+00:00,"No messages sent or forms submitted. Mailbox delivery and form submission are untested. Social links are leads, not proof that private messaging is enabled; login may be required. Email roles are routing heuristics, not confirmed dietary/allergy contacts."
Sac's Place,14750693544512838136,"35-11 35th Ave, Astoria, NY 11106, USA",OPERATIONAL,sacsplace@gmail.com,https://sacsplace.com,,,,,,,email,http://www.sacsplace.com/,(718) 204-5002,2026-10-03T22:00:21.676051+00:00,"No messages sent or forms submitted. Mailbox delivery and form submission are untested. Email roles are routing heuristics, not confirmed dietary/allergy contacts."
Gaia Masala & Burger New York,18055109218337250508,"33-11 Broadway, Astoria, NY 11106, USA",OPERATIONAL,,,https://gaiamasalaandburger.com/contact,,,,,,general_contact_form,https://gaiamasalaandburger.com/,(718) 889-0530,2026-10-04T20:08:34.003960+00:00,No messages sent or forms submitted. Mailbox delivery and form submission are untested.
STOWAWAY,14820362306267637540,"159 Greenpoint Ave, Brooklyn, NY 11222, USA",OPERATIONAL,,,,,,https://www.instagram.com/stowaway.bk/?hl=en,,,social_profile_leads_only,http://www.stowawaynyc.com/,(917) 612-3260,2026-10-04T20:08:40.013737+00:00,"No messages sent or forms submitted. Mailbox delivery and form submission are untested. Social links are leads, not proof that private messaging is enabled; login may be required. Some lookups failed or were blocked; missing contacts are not proof none exist."
Falu House,9445833644756636452,"34 Norman Ave, Brooklyn, NY 11222, USA",OPERATIONAL,,,https://www.faluhouse.com/visit,,,https://www.facebook.com/people/Falu-House/61571760144094/ | https://www.instagram.com/faluhouse/ | https://www.instagram.com/faluhouse/?hl=en,,,general_contact_form,http://faluhouse.com/,,2026-10-04T20:08:45.191539+00:00,"No messages sent or forms submitted. Mailbox delivery and form submission are untested. Social links are leads, not proof that private messaging is enabled; login may be required."
A&A Bake Doubles and Roti,18277862886828547059,"1337 Fulton St, Brooklyn, NY 11216, USA",OPERATIONAL,,,,,,https://www.facebook.com/groups/158967081272/,,,social_profile_leads_only,https://aabakedoublesandroti.shop/,(347) 425-0016,2026-10-04T20:08:56.156145+00:00,"No messages sent or forms submitted. Mailbox delivery and form submission are untested. Social links are leads, not proof that private messaging is enabled; login may be required."
Mariscos El Submarino,12919380231665711051,"222 Franklin St, Brooklyn, NY 11222, USA",OPERATIONAL,,,,,,https://www.facebook.com/mariscoselsubmarino/ | https://www.instagram.com/mariscoselsubmarino/ | https://www.instagram.com/mariscoselsubmarino/?hl=en,,,social_profile_leads_only,https://mariscoselsubmarinonyc.com/,(347) 384-2422,2026-10-04T20:09:04.299593+00:00,"No messages sent or forms submitted. Mailbox delivery and form submission are untested. Social links are leads, not proof that private messaging is enabled; login may be required."
Mama's,6121809740889174722,"13-01 40th Ave, Long Island City, NY 11101, USA",OPERATIONAL,,,,,,,,,no_text_route_found_in_checked_sources,,(718) 784-7045,2026-10-04T20:09:12.115455+00:00,No messages sent or forms submitted. Mailbox delivery and form submission are untested.
Bajeko Sekuwa,672921261113119931,"43-16 Queens Blvd, Sunnyside, NY 11104, USA",OPERATIONAL,bajekosekuwa2019@gmail.com | myofficecolorado@gmail.com | namastenepalbajeko@gmail.com,https://bajekosekuwaus.com/sunnyside?utm_source=google,,,,,,,email,https://bajekosekuwaus.com/sunnyside?utm_source=google,(347) 808-8100,2026-10-03T21:59:54.265282+00:00,"No messages sent or forms submitted. Mailbox delivery and form submission are untested. Email roles are routing heuristics, not confirmed dietary/allergy contacts."
Fish Cheeks,719976793782274368,"55 Bond St, New York, NY 10012, USA",OPERATIONAL,info@fishcheeksnyc.com | reservation@fishcheeksbk.com | reservation@fishcheeksnyc.com,https://www.fishcheeksnyc.com/ | https://www.fishcheeksnyc.com/about/ | https://www.fishcheeksnyc.com/large-parties-and-private-events/ | https://www.fishcheeksnyc.com/location/fish-cheeks-williamsburg/ | https://www.fishcheeksnyc.com/location/fish-cheeks/ | https://www.fishcheeksnyc.com/reservations/,,,,,,,email,https://www.fishcheeksnyc.com/,(929) 713-0733,2026-10-03T22:00:01.823713+00:00,"No messages sent or forms submitted. Mailbox delivery and form submission are untested. Email roles are routing heuristics, not confirmed dietary/allergy contacts."
Golden HOF - Korean Bar & Grill,13164325442679503364,"16 W 48th St, New York, NY 10036, USA",OPERATIONAL,talkto@goldenhof.com,https://www.goldenhof.com/ | https://www.goldenhof.com/about | https://www.goldenhof.com/parties-and-events,,,,,,,email,https://www.goldenhof.com/,(212) 592-0752,2026-10-03T22:00:06.909639+00:00,"No messages sent or forms submitted. Mailbox delivery and form submission are untested. Email roles are routing heuristics, not confirmed dietary/allergy contacts."
Nowon East Village,6856614698232216222,"507 E 6th St, New York, NY 10009, USA",OPERATIONAL,eastvillage@nowonusa.com,https://www.nowonusa.com/eastvillageinfo,,,,http://instagram.com/nowon.usa | https://instagram.com/youngskeletons | https://www.facebook.com/nowon.usa/,,,email,https://www.nowonusa.com/,(646) 692-3867,2026-10-04T20:09:17.570226+00:00,"No messages sent or forms submitted. Mailbox delivery and form submission are untested. Social links are leads, not proof that private messaging is enabled; login may be required. Email roles are routing heuristics, not confirmed dietary/allergy contacts."
Davelle,5861517072687391690,"102 Suffolk St, New York, NY 10002, USA",OPERATIONAL,,,,,,https://instagram.com/davelle.nyc | https://www.facebook.com/davelle.nyc/,102suffolk@gmail.com,102suffolk@gmail.com: Restaurant-specific address published by a third-party source; business ownership/current use not confirmed. Do not disclose allergy information before confirming the recipient.,unverified_email_leads_only,http://davellenewyork.com/,(646) 988-1973,2026-10-04T20:09:55.051324+00:00,"No messages sent or forms submitted. Mailbox delivery and form submission are untested. Social links are leads, not proof that private messaging is enabled; login may be required."
Pig and Khao,17981707761134598310,"433 Amsterdam Ave, New York, NY 10024, USA",OPERATIONAL,,,,events@pigandkhao.com (events/catering),,,,,limited_purpose_only,https://www.pigandkhao.com/uws,(646) 370-1430,2026-10-03T22:11:05.762694+00:00,"No messages sent or forms submitted. Mailbox delivery and form submission are untested. Email roles are routing heuristics, not confirmed dietary/allergy contacts."
La Dong,7982730646946057228,"11 E 17th St, New York, NY 10003, USA",OPERATIONAL,reservation@ladongnyc.com,https://www.ladongnyc.com/,,,,,,,email,http://www.ladongnyc.com/,(917) 289-0019,2026-10-03T22:00:14.134165+00:00,"No messages sent or forms submitted. Mailbox delivery and form submission are untested. Email roles are routing heuristics, not confirmed dietary/allergy contacts."
From Lucie,8254515918924486525,"263 E 10th St, New York, NY 10009, USA",OPERATIONAL,orders@fromlucie.com,https://fromlucie.com/ | https://fromlucie.com/?info=1 | https://fromlucie.com/pages/faqs,,,,,,,email,http://www.fromlucie.com/,,2026-10-03T22:00:04.572675+00:00,"No messages sent or forms submitted. Mailbox delivery and form submission are untested. Email roles are routing heuristics, not confirmed dietary/allergy contacts."
12 Matcha,11321295846802738869,"54 Bond St, New York, NY 10012, USA",OPERATIONAL,info@12matcha.com,https://www.12matcha.com/contact,,,,,,,email,https://12matcha.com/,,2026-10-03T21:59:53.830329+00:00,"No messages sent or forms submitted. Mailbox delivery and form submission are untested. Email roles are routing heuristics, not confirmed dietary/allergy contacts."
Soba Noodle Azuma,7704156255121404883,"251 W 55th St, New York, NY 10019, USA",OPERATIONAL,,,,,,https://www.facebook.com/p/Soba-Noodle-Azuma-100068400587668/ | https://www.facebook.com/profile.php?id=100068400587668 | https://www.instagram.com/soba.azuma/,,,social_profile_leads_only,http://www.sobaazuma55.com/,(917) 262-0540,2026-10-04T20:10:04.482563+00:00,"No messages sent or forms submitted. Mailbox delivery and form submission are untested. Social links are leads, not proof that private messaging is enabled; login may be required."
Namaste Tasi Delek Restaurant & Bar,3067799729540830691,"37-66 74th St., Jackson Heights, NY 11372, USA",OPERATIONAL,prajwalmishra5@gmail.com,https://namastetasidelek.com/ | https://namastetasidelek.com/Contact,,,,,,,email,https://namastetasidelek.com/,(718) 507-1111,2026-10-03T22:10:20.143294+00:00,"No messages sent or forms submitted. Mailbox delivery and form submission are untested. Email roles are routing heuristics, not confirmed dietary/allergy contacts."
Katsu-Hama,10882747563605327046,"11 E 47th St, New York, NY 10017, USA",OPERATIONAL,,,,,reservation request: https://katsuhamanewyork.com/contact/,,,,limited_purpose_only,https://katsuhamanewyork.com/,(212) 758-5909,2026-10-04T20:10:05.976886+00:00,No messages sent or forms submitted. Mailbox delivery and form submission are untested.
HYDERABADI ZAIQA,16279935819518174549,"184 Lexington Ave, New York, NY 10016, USA",OPERATIONAL,,,,,,https://www.instagram.com/hyderabadizaiqanyc/?hl=en,,,social_profile_leads_only,https://hyderabadizaiqalexington.com/,(646) 454-0033,2026-10-04T20:10:13.100316+00:00,"No messages sent or forms submitted. Mailbox delivery and form submission are untested. Social links are leads, not proof that private messaging is enabled; login may be required. Some lookups failed or were blocked; missing contacts are not proof none exist."
Maison de Manee,8870071141896523206,"4110-12 34th Ave, Long Island City, NY 11101, USA",OPERATIONAL,,,,,,https://www.facebook.com/p/Maison-de-Manee-61572665214620/ | https://www.instagram.com/maisondemaneenyc/,,,social_profile_leads_only,https://www.maisondemaneenyc.com/,(347) 448-6085,2026-10-04T20:10:20.244036+00:00,"No messages sent or forms submitted. Mailbox delivery and form submission are untested. Social links are leads, not proof that private messaging is enabled; login may be required."
Chongqing Lao Zao,10473503338668131831,"37-04 Prince St, Flushing, NY 11354, USA",OPERATIONAL,,,,chongqinglaozao.media@gmail.com (press/marketing),,,,,limited_purpose_only,https://www.chongqinglaozao.com/,(917) 563-7171,2026-10-03T22:08:16.159852+00:00,"No messages sent or forms submitted. Mailbox delivery and form submission are untested. Email roles are routing heuristics, not confirmed dietary/allergy contacts."
Forsythia NYC,8764224189906812607,"9 Stanton St, New York, NY 10002, USA",OPERATIONAL,info@forsythianyc.com,https://www.forsythianyc.com/contact | https://www.forsythianyc.com/private-event-request,,,,,,,email,http://forsythianyc.com/,,2026-10-03T22:00:04.300944+00:00,"No messages sent or forms submitted. Mailbox delivery and form submission are untested. Email roles are routing heuristics, not confirmed dietary/allergy contacts."
Hani’s bakery + café,2506849848621476378,"67 Cooper Sq, New York, NY 10003, USA",OPERATIONAL,,,,,,https://www.facebook.com/hanisbakerynyc/ | https://www.instagram.com/alvarez.daniel89/ | https://www.instagram.com/djblickenstaff/ | https://www.instagram.com/hanisbakerynyc/?hl=en | https://www.instagram.com/jw.santi/ | https://www.instagram.com/k_legit1/ | https://www.instagram.com/mahannyc/ | https://www.instagram.com/mirouskokovic/?hl=en | https://www.instagram.com/shilpauskokovic/,,,social_profile_leads_only,https://hanisnyc.com/,(646) 918-6324,2026-10-04T20:10:30.058506+00:00,"No messages sent or forms submitted. Mailbox delivery and form submission are untested. Social links are leads, not proof that private messaging is enabled; login may be required. Some lookups failed or were blocked; missing contacts are not proof none exist."
Librae Bakery,3885160069769058152,"35 Cooper Sq, New York, NY 10003, USA",OPERATIONAL,,,https://www.libraebakery.com/contact/,,,http://www.facebook.com/libraebakery | https://instagram.com/libraebakery,,,general_contact_form,http://libraebakery.com/,,2026-10-04T20:10:31.502636+00:00,"No messages sent or forms submitted. Mailbox delivery and form submission are untested. Social links are leads, not proof that private messaging is enabled; login may be required."
Sushi Hatsune,17140447335437510438,"50 Eldridge St, New York, NY 10002, USA",OPERATIONAL,sushihatsune50@gmail.com,https://sushihatsunenyc.com/?utm_source=google,,,,,,,email,https://sushihatsunenyc.com/?utm_source=google,(212) 301-0723,2026-10-03T22:00:25.174636+00:00,"No messages sent or forms submitted. Mailbox delivery and form submission are untested. Email roles are routing heuristics, not confirmed dietary/allergy contacts."
Salt Hank’s,14238790357837720766,"280 Bleecker St, New York, NY 10014, USA",OPERATIONAL,contact@salthanks.com,https://salthanks.com/,,,,,,,email,https://salthanks.com/,,2026-10-03T22:00:22.695677+00:00,"No messages sent or forms submitted. Mailbox delivery and form submission are untested. Email roles are routing heuristics, not confirmed dietary/allergy contacts."
Ravagh Persian Grill,17104859355665855324,"173 Madison Ave, New York, NY 10016, USA",OPERATIONAL,info@ravaghrestaurants.com,https://www.ravaghrestaurants.com/ | https://www.ravaghrestaurants.com/location,,,,,,,email,https://www.ravaghrestaurants.com/,(212) 696-0300,2026-10-03T22:00:20.997328+00:00,"No messages sent or forms submitted. Mailbox delivery and form submission are untested. Email roles are routing heuristics, not confirmed dietary/allergy contacts."
Sweet Afton,15555197314892257422,"30-09 34th St, Astoria, NY 11103, USA",OPERATIONAL,chelsea@buabar.com | info@sweetaftonbar.com | livemusic@sweetaftonbar.com | music@sweetaftonbar.com,https://www.sweetaftonbar.com/ | https://www.sweetaftonbar.com/events/ | https://www.sweetaftonbar.com/hours-and-location/,,events@sweetaftonbar.com (events/catering) | media@sweetaftonbar.com (press/marketing),,,,,email,http://www.sweetaftonbar.com/,(718) 777-2570,2026-10-03T22:00:25.297131+00:00,"No messages sent or forms submitted. Mailbox delivery and form submission are untested. Email roles are routing heuristics, not confirmed dietary/allergy contacts."
Birria LES Astoria,16488571812064641875,"31-27 Ditmars Blvd, Astoria, NY 11105, USA",OPERATIONAL,,,,,,https://www.instagram.com/birriales/?hl=en,,,social_profile_leads_only,,(718) 255-1312,2026-10-04T20:10:37.689322+00:00,"No messages sent or forms submitted. Mailbox delivery and form submission are untested. Social links are leads, not proof that private messaging is enabled; login may be required."
owambe,7787191972263827833,"Via Tolmino, 50/Int 16, 10141 Torino TO, Italy",OPERATIONAL,info@owambe.it,https://www.owambe.it/,,,,,,,email,http://www.owambe.it/,011 944 8131,2026-10-03T22:10:49.517607+00:00,"No messages sent or forms submitted. Mailbox delivery and form submission are untested. Email roles are routing heuristics, not confirmed dietary/allergy contacts."
Hungry Thirsty,3754461342231754588,"407 Smith St, Brooklyn, NY 11231, USA",OPERATIONAL,info@hungrythirstynyc.com,https://www.hungrythirstynyc.com/ | https://www.hungrythirstynyc.com/about | https://www.hungrythirstynyc.com/contact | https://www.hungrythirstynyc.com/faq,,,,,,,email,https://www.hungrythirstynyc.com/,(347) 227-8004,2026-10-03T22:00:08.668933+00:00,"No messages sent or forms submitted. Mailbox delivery and form submission are untested. Email roles are routing heuristics, not confirmed dietary/allergy contacts."
Untable,5088790729147422923,"529 Henry St, Brooklyn, NY 11231, USA",OPERATIONAL,untablebrooklyn@gmail.com,https://www.untablebrooklyn.com | https://www.untablebrooklyn.com/ | https://www.untablebrooklyn.com/aboutus,,,,,,,email,http://www.untablebrooklyn.com/,(347) 529-4974,2026-10-03T22:00:29.940315+00:00,"No messages sent or forms submitted. Mailbox delivery and form submission are untested. Email roles are routing heuristics, not confirmed dietary/allergy contacts."
Sailor,1441485357710446664,"228 Dekalb Ave, Brooklyn, NY 11205, USA",OPERATIONAL,ahoy@sailor.nyc,https://www.sailor.nyc/ | https://www.sailor.nyc/about-us/ | https://www.sailor.nyc/contact/ | https://www.sailor.nyc/details-faqs/ | https://www.sailor.nyc/our-team/ | https://www.sailor.nyc/reserve/,,,,,,,email,https://www.sailor.nyc/,,2026-10-03T22:00:22.687716+00:00,"No messages sent or forms submitted. Mailbox delivery and form submission are untested. Email roles are routing heuristics, not confirmed dietary/allergy contacts."
Pasta de Pasta,5750695871652301691,"165 1st Ave, New York, NY 10003, USA",OPERATIONAL,hello@pastadepasta.com,https://pastadepasta.com/,,,,,,,email,https://pastadepasta.com/,(917) 922-3106,2026-10-03T22:00:19.225064+00:00,"No messages sent or forms submitted. Mailbox delivery and form submission are untested. Email roles are routing heuristics, not confirmed dietary/allergy contacts."
Uka Omakase,10113910643449207934,"238 E 60th St, New York, NY 10022, USA",OPERATIONAL,,,,,,https://www.facebook.com/p/Uka-Omakase-61576248845330/ | https://www.instagram.com/ukaomakase/?hl=en,,,social_profile_leads_only,http://ukaomakase.com/,(347) 496-7355,2026-10-04T20:10:47.723477+00:00,"No messages sent or forms submitted. Mailbox delivery and form submission are untested. Social links are leads, not proof that private messaging is enabled; login may be required."
Teado Tea Shop 葉風茶舖,1788992175943815210,"145D Hester St, New York, NY 10002, USA",OPERATIONAL,,,,,,https://www.facebook.com/145DHesterStreetNewYorkNY10002Tel2122267687/,,,social_profile_leads_only,https://tea-leaf-conversions.lovable.app/,(212) 226-7687,2026-10-04T21:51:08.685234+00:00,"No messages sent or forms submitted. Mailbox delivery and form submission are untested. Social links are leads, not proof that private messaging is enabled; login may be required."
Koliba,662927063587413662,"31-11 23rd Ave, Astoria, NY 11105, USA",OPERATIONAL,,,,,,http://instagram.com/koliba_restaurant | https://www.facebook.com/p/Koliba-Restaurant-Inc-100063752906584/ | https://www.facebook.com/profile.php?id=100063752906584,,,social_profile_leads_only,https://www.kolibarestaurant.com/,(718) 626-0430,2026-10-04T20:10:54.382406+00:00,"No messages sent or forms submitted. Mailbox delivery and form submission are untested. Social links are leads, not proof that private messaging is enabled; login may be required."
Cozy Royale,9145013409491261138,"434 Humboldt St, Brooklyn, NY 11211, USA",OPERATIONAL,hello@cozyroyale.com,https://www.cozyroyale.com/ | https://www.cozyroyale.com/about | https://www.cozyroyale.com/events,,,,,,,email,http://cozyroyale.com/,(718) 734-2792,2026-10-03T21:59:59.121800+00:00,"No messages sent or forms submitted. Mailbox delivery and form submission are untested. Email roles are routing heuristics, not confirmed dietary/allergy contacts."
Bolivian Llama Party,10657754808940545485,"44-14 48th Ave, Woodside, NY 11377, USA",OPERATIONAL,,,https://www.blp.nyc/contact-us,,,https://www.facebook.com/Bolivianllamaparty/ | https://www.instagram.com/bolivianllamaparty/,,,general_contact_form,http://www.blp.nyc/,(347) 370-9102,2026-10-04T20:10:55.775335+00:00,"No messages sent or forms submitted. Mailbox delivery and form submission are untested. Social links are leads, not proof that private messaging is enabled; login may be required."
Jakaru Bar & Restaurant,18222991253447618297,"108-59 Roosevelt Ave, Corona, NY 11368, USA",OPERATIONAL,,,,,,https://www.facebook.com/jakaru20/,,,social_profile_leads_only,https://jakarumenu.my.canva.site/,,2026-10-04T20:12:46.610663+00:00,"No messages sent or forms submitted. Mailbox delivery and form submission are untested. Social links are leads, not proof that private messaging is enabled; login may be required. Some lookups failed or were blocked; missing contacts are not proof none exist."
I Love Paraguay Restaurant,5033929229422457652,"43-16 Greenpoint Ave, Sunnyside, NY 11104, USA",OPERATIONAL,info@ilovepy.com,https://www.ilovepy.com/ | https://www.ilovepy.com/pages/about-us | https://www.ilovepy.com/pages/contact-us | https://www.ilovepy.com/pages/hours-location | https://www.ilovepy.com/pages/join-our-team | https://www.ilovepy.com/pages/reservation,,,,,,,email,http://www.ilovepy.com/,(718) 786-5534,2026-10-03T22:00:09.483845+00:00,"No messages sent or forms submitted. Mailbox delivery and form submission are untested. Email roles are routing heuristics, not confirmed dietary/allergy contacts."
Wah Fung No.1 Fast Food,18144509120592532874,"79 Chrystie St, New York, NY 10002, USA",OPERATIONAL,,,,,,,support@wahfungno1fastfood.site,support@wahfungno1fastfood.site: Published on a third-party/directory-style site; not verified as restaurant-owned.,unverified_email_leads_only,https://wahfungno1fastfood.site/,,2026-10-04T20:12:52.316906+00:00,No messages sent or forms submitted. Mailbox delivery and form submission are untested.
K.O. Burger,17212816132364380617,"1-3 Eldridge St Store B, New York, NY 10002, USA",OPERATIONAL,,,https://www.koburger.com/contact,,,https://www.facebook.com/profile.php?id=61552841343156 | https://www.instagram.com/kobrgr/,,,general_contact_form,https://www.koburger.com/,,2026-10-04T20:12:53.539944+00:00,"No messages sent or forms submitted. Mailbox delivery and form submission are untested. Social links are leads, not proof that private messaging is enabled; login may be required."
SARISA Cafe,14883162676881914027,"243 E 53rd St 2nd floor, New York, NY 10022, USA",OPERATIONAL,,,,,,https://instagram.com/sarisacafe_newyork?igshid=MzRlODBiNWFlZA== | https://www.facebook.com/61550668197470/?locale=cy_GB | https://www.facebook.com/p/Sarisa-Cafe-New-York-61550668197470/ | https://www.facebook.com/profile.php?id=61550668197470 | https://www.instagram.com/sarisacafe_newyork/?hl=en,,,social_profile_leads_only,https://www.sarisacafe.com/,,2026-10-04T20:12:58.613406+00:00,"No messages sent or forms submitted. Mailbox delivery and form submission are untested. Social links are leads, not proof that private messaging is enabled; login may be required."
Zest Sushi,14690292734095550680,"249 Broome St, New York, NY 10002, USA",OPERATIONAL,,,,,reservation request: https://zestsushinewyork.com/contact/,,,,limited_purpose_only,https://zestsushinewyork.com/,(212) 677-3158,2026-10-04T20:13:00.070238+00:00,No messages sent or forms submitted. Mailbox delivery and form submission are untested.
Tacos 1986 West Village,11576817500350632864,"1 Cornelia St, New York, NY 10014, USA",OPERATIONAL,,,,,,https://www.instagram.com/heavyhanded.la/ | https://www.instagram.com/tacos1986la,,,social_profile_leads_only,https://tacos1986.com/westvillage,(332) 322-1986,2026-10-04T20:13:09.856671+00:00,"No messages sent or forms submitted. Mailbox delivery and form submission are untested. Social links are leads, not proof that private messaging is enabled; login may be required."
Very Fresh Noodles,17992637646286852184,"409 W 15th St, New York, NY 10011, USA",OPERATIONAL,,,,,,https://www.facebook.com/veryfreshnoodles | https://www.facebook.com/veryfreshnoodles/ | https://www.instagram.com/veryfreshnoodles | https://www.instagram.com/veryfreshnoodles/?hl=en,,,social_profile_leads_only,http://www.veryfreshnoodles.com/,(332) 215-6161,2026-10-04T20:13:22.767405+00:00,"No messages sent or forms submitted. Mailbox delivery and form submission are untested. Social links are leads, not proof that private messaging is enabled; login may be required."
LaRina Pastificio & Vino,10180085879458910267,"387 Myrtle Ave, Brooklyn, NY 11205, USA",OPERATIONAL,larinabrooklyn@gmail.com,https://larinabrooklyn.com/ | https://larinabrooklyn.com/about | https://larinabrooklyn.com/contact | https://larinabrooklyn.com/events,,,,,,,email,http://larinabk.com/,(718) 852-0001,2026-10-03T21:49:16.033847+00:00,"No messages sent or forms submitted. Mailbox delivery and form submission are untested. Email roles are routing heuristics, not confirmed dietary/allergy contacts."
Renee's Kitchenette & Grill,2608543486812328070,"69-14 Roosevelt Ave, Woodside, NY 11377, USA",OPERATIONAL,,,https://www.reneeskitchenette.com/contact/,,,https://www.facebook.com/reneeskitchenette | https://www.instagram.com/renees_kitchenette/,,,general_contact_form,http://www.reneeskitchenette.com/,(718) 476-9002,2026-10-04T20:13:24.032685+00:00,"No messages sent or forms submitted. Mailbox delivery and form submission are untested. Social links are leads, not proof that private messaging is enabled; login may be required."
Charles Pan-Fried Chicken,8784190666411291501,"439 W 125th St, New York, NY 10027, USA",OPERATIONAL,,,https://www.charlespanfriedchicken.com/contact,,,https://www.facebook.com/charlespanfriedchicken/ | https://www.instagram.com/charlespanfriedchicken,,,general_contact_form,http://charlespanfriedchicken.com/,(646) 618-0438,2026-10-04T20:13:26.457512+00:00,"No messages sent or forms submitted. Mailbox delivery and form submission are untested. Social links are leads, not proof that private messaging is enabled; login may be required."
Il Nonno Ristorante,9526019755037041808,"25-17 Astoria Blvd, Astoria, NY 11102, USA",OPERATIONAL,ilnonnonyc@gmail.com,https://www.ilnonnonyc.com/contact-us,https://www.ilnonnonyc.com/contact-us,,,https://www.facebook.com//people/Il-Nonno-nyc/61557578788657/ | https://www.facebook.com/p/Il-Nonno-nyc-61557578788657/ | https://www.facebook.com/people/Il-Nonno-nyc/61557578788657/ | https://www.instagram.com/ilnonnonewyork | https://www.instagram.com/ilnonnonewyork/?hl=en,,,email_and_form,,(347) 808-0087,2026-10-04T20:13:29.662018+00:00,"No messages sent or forms submitted. Mailbox delivery and form submission are untested. Social links are leads, not proof that private messaging is enabled; login may be required. Email roles are routing heuristics, not confirmed dietary/allergy contacts."
Barkada Social Club,13263681572265949835,"3305 Broadway, Astoria, NY 11106, USA",OPERATIONAL,support@spoton.com,https://www.barkadasocialclub.com/,,,,,,,email,https://barkadasocialclub.com/,(718) 255-6222,2026-10-03T21:48:08.444807+00:00,"No messages sent or forms submitted. Mailbox delivery and form submission are untested. Email roles are routing heuristics, not confirmed dietary/allergy contacts."
Happy Zoe Vegan Bakery,10575933380847753597,"102 B Nassau Ave, Brooklyn, NY 11222, USA",OPERATIONAL,happyzoeveganbakery@gmail.com,https://www.happyzoeveganbakery.com/,,,,,,,email,https://www.happyzoeveganbakery.com/,(718) 785-9639,2026-10-03T22:09:06.310842+00:00,"No messages sent or forms submitted. Mailbox delivery and form submission are untested. Email roles are routing heuristics, not confirmed dietary/allergy contacts."
Theodora,9804598409473043126,"7 Greene Ave, Brooklyn, NY 11238, USA",OPERATIONAL,info@theodoranyc.com,https://www.theodoranyc.com/ | https://www.theodoranyc.com/beachclub | https://www.theodoranyc.com/contact | https://www.theodoranyc.com/contact-5 | https://www.theodoranyc.com/privateevents,,,,,,,email,https://www.theodoranyc.com/,(929) 692-6360,2026-10-03T21:50:09.557803+00:00,"No messages sent or forms submitted. Mailbox delivery and form submission are untested. Email roles are routing heuristics, not confirmed dietary/allergy contacts."
Mala Hot Pot,13566907532006847000,"35 W 36th St., New York, NY 10018, USA",OPERATIONAL,kevin@malahotpotnyc.com,https://www.malahotpotnyc.com | https://www.malahotpotnyc.com/,,,,,,,email,https://www.malahotpotnyc.com/,(646) 582-4049,2026-10-03T21:49:19.917717+00:00,"No messages sent or forms submitted. Mailbox delivery and form submission are untested. Email roles are routing heuristics, not confirmed dietary/allergy contacts."
Copacabana,5161974613849458941,"31-13 36th Ave, Astoria, NY 11106, USA",OPERATIONAL,,,https://www.copacabanabraziliangrill.com/contact.html,,,https://www.facebook.com/copacabanabraziliangrill/ | https://www.instagram.com/copacabanabraziliangrill/,,,general_contact_form,http://www.copacabanabraziliangrill.com/index.html,(718) 545-3685,2026-10-04T20:13:31.070806+00:00,"No messages sent or forms submitted. Mailbox delivery and form submission are untested. Social links are leads, not proof that private messaging is enabled; login may be required."
S-Meat & Hueso,17518394683794905356,"35-50 31st St, Astoria, NY 11106, USA",OPERATIONAL,,,,,,https://www.instagram.com/s.meathueso.nyc/?hl=en,,,social_profile_leads_only,,(718) 304-0046,2026-10-04T20:13:35.557388+00:00,"No messages sent or forms submitted. Mailbox delivery and form submission are untested. Social links are leads, not proof that private messaging is enabled; login may be required."
Cocoron,10715073613711825865,"16 Delancey St, New York, NY 10002, USA",OPERATIONAL,,,https://www.cocoronandgoemon.com/contact,,,https://www.instagram.com/cocoronteam/?hl=en,,,general_contact_form,https://www.cocoronandgoemon.com/,(212) 477-1212,2026-10-04T20:13:40.247607+00:00,"No messages sent or forms submitted. Mailbox delivery and form submission are untested. Social links are leads, not proof that private messaging is enabled; login may be required."
Sopo Korean Eats,2289253399535208033,"463 7th Ave, Manhattan, NY 10018, USA",OPERATIONAL,contact@eatsopo.com,https://eatsopo.com/ | https://eatsopo.com/faq/,,,,,,,email,https://eatsopo.com/,(929) 668-7781,2026-10-03T21:49:58.898482+00:00,"No messages sent or forms submitted. Mailbox delivery and form submission are untested. Email roles are routing heuristics, not confirmed dietary/allergy contacts."
Tao Hong,10464888707987340305,"79 Chrystie St, New York, NY 10002, USA",OPERATIONAL,,,,,,https://www.facebook.com/pages/Tao-Hong-Bakery/534751813215746,,,social_profile_leads_only,,(212) 219-0981,2026-10-04T20:13:50.053588+00:00,"No messages sent or forms submitted. Mailbox delivery and form submission are untested. Social links are leads, not proof that private messaging is enabled; login may be required."
Rio Bonito Grill,1392949894972118054,"33-01 36th Ave, Astoria, NY 11106, USA",OPERATIONAL,,,,,,,,,no_text_route_found_in_checked_sources,,(845) 314-2845,2026-10-04T20:13:53.379463+00:00,No messages sent or forms submitted. Mailbox delivery and form submission are untested.
Martha's Country Bakery,7075027187066209594,"36-21 Ditmars Blvd, Astoria, NY 11105, USA",OPERATIONAL,,,,,,https://instagram.com/marthascountrybakery?igshid=MjkzY2Y1YTY= | https://www.instagram.com/marthascountrybakery/ | https://www.instagram.com/marthascountrybakery/?hl=en,,,social_profile_leads_only,http://www.marthascountrybakery.com/,(718) 545-9737,2026-10-04T20:21:08.850828+00:00,"No messages sent or forms submitted. Mailbox delivery and form submission are untested. Social links are leads, not proof that private messaging is enabled; login may be required."
Southern Junction,6149341475011451211,"365 Connecticut St, Buffalo, NY 14213, USA",OPERATIONAL,,,,,,https://www.facebook.com/southernjunction716/ | https://www.instagram.com/southernjunction716/?hl=en,,,social_profile_leads_only,https://southernjunction716.com/,(716) 262-0575,2026-10-04T20:21:17.417597+00:00,"No messages sent or forms submitted. Mailbox delivery and form submission are untested. Social links are leads, not proof that private messaging is enabled; login may be required."
Kemo's Hot Kitchen Bites,3921091716304046878,"574 Atlantic Ave, Brooklyn, NY 11217, USA",OPERATIONAL,kemo.hotkitchen@gmail.com,https://kemoshotkitchen.com/,,,,,,,email,https://www.kemoshotkitchen.com/,(718) 246-9700,2026-10-03T21:49:08.674697+00:00,"No messages sent or forms submitted. Mailbox delivery and form submission are untested. Email roles are routing heuristics, not confirmed dietary/allergy contacts."
Pasticceria Monteleone BK,8936409419478076950,"355 Court St, Brooklyn, NY 11231, USA",OPERATIONAL,,,,,,https://www.facebook.com/FMonteleoneBakery/,,,social_profile_leads_only,,(718) 852-5600,2026-10-04T20:21:24.582885+00:00,"No messages sent or forms submitted. Mailbox delivery and form submission are untested. Social links are leads, not proof that private messaging is enabled; login may be required. Some lookups failed or were blocked; missing contacts are not proof none exist."
Le Sia,15057938218566078724,"651 9th Ave, New York, NY 10036, USA",OPERATIONAL,lesiahellskitchen@gmail.com,https://www.lesianyc.com | https://www.lesianyc.com/,,,,,,,email,http://lesianyc.com/,(646) 559-5220,2026-10-03T21:49:16.038986+00:00,"No messages sent or forms submitted. Mailbox delivery and form submission are untested. Email roles are routing heuristics, not confirmed dietary/allergy contacts."
ANDO patisserie,7461727515440419725,"214 E 10th St, New York, NY 10003, USA",OPERATIONAL,,,,,,https://www.facebook.com/squarespace | https://www.instagram.com/andopatisserie/?hl=en | https://www.instagram.com/andopatisserie/?igshid=OGQ5ZDc2ODk2ZA%3D%3D | https://www.instagram.com/squarespace/,,,social_profile_leads_only,https://www.andopatisserie-official.com/,(917) 262-0311,2026-10-04T20:21:34.410549+00:00,"No messages sent or forms submitted. Mailbox delivery and form submission are untested. Social links are leads, not proof that private messaging is enabled; login may be required."
The Mark Hotel,3483669364664129691,"25 E 77th St, New York, NY 10075, USA",OPERATIONAL,reservations@themarkhotel.com | sales@themarkhotel.com,https://www.themarkhotel.com/information/contact/ | https://www.themarkhotel.com/meetings-events/,,events@themarkhotel.com (events/catering),,,,,email,https://www.themarkhotel.com/?utm_source=gmb&utm_medium=organic,(212) 744-4300,2026-10-03T21:50:08.358940+00:00,"No messages sent or forms submitted. Mailbox delivery and form submission are untested. Email roles are routing heuristics, not confirmed dietary/allergy contacts."
Donovan's Pub,13023567373450275998,"57-24 Roosevelt Ave, Woodside, NY 11377, USA",OPERATIONAL,info@donovansny.com,https://donovansny.com/ | https://donovansny.com/about,,,,,,,email,http://donovansny.com/,(718) 429-9339,2026-10-04T21:51:08.685234+00:00,"No messages sent or forms submitted. Mailbox delivery and form submission are untested. Email roles are routing heuristics, not confirmed dietary/allergy contacts."
Sybil's Bakery & Restaurant,3148926902823996437,"159-24 Hillside Ave., Jamaica, NY 11432, USA",OPERATIONAL,,,,,,,,,no_text_route_found_in_checked_sources,,(718) 297-2359,2026-10-04T20:21:49.002881+00:00,No messages sent or forms submitted. Mailbox delivery and form submission are untested.
District Saigon,9172196000160479630,"3715 Broadway, Astoria, NY 11103, USA",OPERATIONAL,districtmotnyc@gmail.com,https://www.districtsaigonnyc.com/reservations/events,,,,,,,email,http://www.districtsaigonnyc.com/,(718) 956-0007,2026-10-03T21:48:30.376955+00:00,"No messages sent or forms submitted. Mailbox delivery and form submission are untested. Email roles are routing heuristics, not confirmed dietary/allergy contacts."
Naks,10096959100828512788,"201 1st Ave, New York, NY 10003, USA",OPERATIONAL,hello@naks.nyc,https://www.naks.nyc/ | https://www.naks.nyc/cateringinquiry | https://www.naks.nyc/private-events | https://www.naks.nyc/private-events-1,,press@uafoods.nyc (press/marketing),,,,,email,http://naks.nyc/,,2026-10-03T21:49:32.478622+00:00,"No messages sent or forms submitted. Mailbox delivery and form submission are untested. Email roles are routing heuristics, not confirmed dietary/allergy contacts."
Boris & Horton,15659792684959836491,"195 Avenue A, New York, NY 10009, USA",OPERATIONAL,,,https://www.borisandhorton.com/,,,https://www.facebook.com/borisandhorton/ | https://www.instagram.com/borisandhorton/,,,general_contact_form,http://www.borisandhorton.com/,(212) 510-8986,2026-10-04T20:21:50.897806+00:00,"No messages sent or forms submitted. Mailbox delivery and form submission are untested. Social links are leads, not proof that private messaging is enabled; login may be required."
Koi Omakase,5731699509499448034,"55 5th Ave, Brooklyn, NY 11217, USA",OPERATIONAL,,,,,,https://www.facebook.com/p/KimyoOmakase-61559828941812/,,,social_profile_leads_only,https://koiomakase.square.site/,(917) 728-7563,2026-10-04T20:22:28.412282+00:00,"No messages sent or forms submitted. Mailbox delivery and form submission are untested. Social links are leads, not proof that private messaging is enabled; login may be required. Some lookups failed or were blocked; missing contacts are not proof none exist."
ATOMIX,14680199578814150213,"104 E 30th St, New York, NY 10016, USA",OPERATIONAL,info@atomixnyc.com | naeun@hellobecca.com,https://www.atomixnyc.com/about,,career@atomixnyc.com (careers),,,,,email,http://www.atomixnyc.com/,,2026-10-03T21:48:07.960017+00:00,"No messages sent or forms submitted. Mailbox delivery and form submission are untested. Email roles are routing heuristics, not confirmed dietary/allergy contacts."
Peppercorn Station 青花椒 纽约,13347497251743892576,"66 W 39th St, New York, NY 10018, USA",OPERATIONAL,peppercornstation@gmail.com,https://www.peppercornstation.com/,,,,,,,email,http://www.peppercornstation.com/,(646) 490-5444,2026-10-03T21:49:42.827053+00:00,"No messages sent or forms submitted. Mailbox delivery and form submission are untested. Email roles are routing heuristics, not confirmed dietary/allergy contacts."
Bund Dumpling House,9315881873171862330,"25-08 Broadway, Astoria, NY 11106, USA",OPERATIONAL,,,,,,,,,no_text_route_found_in_checked_sources,https://order.toasttab.com/online/bunddumplinghouse,(718) 971-5465,2026-10-04T20:22:33.644816+00:00,No messages sent or forms submitted. Mailbox delivery and form submission are untested.
Kuku Korean Cuisine LIC,14279289006687305963,"12-09 Jackson Ave, Long Island City, NY 11101, USA",OPERATIONAL,info@eatkuku.com,https://eatkuku.com/locations,,,,,,,email,https://eatkuku.com/,(718) 706-8888,2026-10-03T21:49:12.894023+00:00,"No messages sent or forms submitted. Mailbox delivery and form submission are untested. Email roles are routing heuristics, not confirmed dietary/allergy contacts."
Oh! Calcutta,14524640104690318036,"10-57 Jackson Ave, Long Island City, NY 11101, USA",OPERATIONAL,ohcalcuttanyc@gmail.com,https://ohcalcuttanyc.com/,,,,,,,email,https://ohcalcuttanyc.com/,(718) 532-0017,2026-10-03T21:49:37.110313+00:00,"No messages sent or forms submitted. Mailbox delivery and form submission are untested. Email roles are routing heuristics, not confirmed dietary/allergy contacts."
Jora,11757999664174290034,"47-46 11th St, Long Island City, NY 11101, USA",OPERATIONAL,reservations@jorany.com,https://www.jorany.com/reservations,,,,,,,email,http://www.jorany.com/,(718) 392-2033,2026-10-03T21:49:06.430246+00:00,"No messages sent or forms submitted. Mailbox delivery and form submission are untested. Email roles are routing heuristics, not confirmed dietary/allergy contacts."
Laghman Express,148650443968373387,"2376 Coney Island Ave, Brooklyn, NY 11223, USA",OPERATIONAL,,,,,,https://www.instagram.com/laghman.express/ | https://www.instagram.com/laghman.express/?hl=en,,,social_profile_leads_only,http://laghmanexpress.com/,(718) 233-8333,2026-10-04T20:22:45.652774+00:00,"No messages sent or forms submitted. Mailbox delivery and form submission are untested. Social links are leads, not proof that private messaging is enabled; login may be required."
Soothr,6610913188635627298,"204 E 13th St, New York, NY 10003, USA",OPERATIONAL,info@soothrnyc.com,https://soothrnyc.com/,,,,,,,email,http://soothrnyc.com/,(212) 844-9789,2026-10-03T21:49:58.743019+00:00,"No messages sent or forms submitted. Mailbox delivery and form submission are untested. Email roles are routing heuristics, not confirmed dietary/allergy contacts."
Mr P's Homemade Ice Cream,7696968468279231995,"1397 Nostrand Ave, Brooklyn, NY 11226, USA",OPERATIONAL,,,,,,https://www.facebook.com/fb-answers/mr-p-ice-cream-brooklyn-reviews/,,,social_profile_leads_only,,(973) 640-3200,2026-10-04T20:22:52.704636+00:00,"No messages sent or forms submitted. Mailbox delivery and form submission are untested. Social links are leads, not proof that private messaging is enabled; login may be required."
Dialogue Coffee & Flowers,5539445695010677423,"188 Allen St, New York, NY 10002, USA",OPERATIONAL,dialogue@idleflora.com | hi@dialogue.nyc,https://www.dialogue.nyc/ | https://www.dialogue.nyc/contact,,,,,,,email,https://dialogue.nyc/,,2026-10-03T21:48:29.906148+00:00,"No messages sent or forms submitted. Mailbox delivery and form submission are untested. Email roles are routing heuristics, not confirmed dietary/allergy contacts."
Sanuki Udon,8513374177480046603,"31 W 4th St, New York, NY 10012, USA",OPERATIONAL,,,https://www.sanukiudonusa.com/contact,,,http://instagram.com/sanukiudonusa,,,general_contact_form,https://www.sanukiudonusa.com/,(917) 310-0313,2026-10-04T20:24:12.804717+00:00,"No messages sent or forms submitted. Mailbox delivery and form submission are untested. Social links are leads, not proof that private messaging is enabled; login may be required."
Abuqir,14132272367629173183,"24-19 Steinway St, Astoria, NY 11103, USA",OPERATIONAL,,,,,,https://www.facebook.com/p/AbuQir-Seafood-100067912425324/,,,social_profile_leads_only,,(718) 274-3474,2026-10-04T20:24:21.769795+00:00,"No messages sent or forms submitted. Mailbox delivery and form submission are untested. Social links are leads, not proof that private messaging is enabled; login may be required."
Peaches HotHouse,14027921516097508832,"415 Tompkins Ave, Brooklyn, NY 11216, USA",OPERATIONAL,peachesgrand@gmail.com,https://www.bcrestaurantgroup.com/location/peaches-grand/,,,,,,,email,http://www.bcrestaurantgroup.com/hothouse,(718) 483-9111,2026-10-03T21:49:42.020224+00:00,"No messages sent or forms submitted. Mailbox delivery and form submission are untested. Email roles are routing heuristics, not confirmed dietary/allergy contacts."
Kalye Rivington,3827108150976689688,"111 Rivington St, New York, NY 10002, USA",OPERATIONAL,info@kalyenyc.com,https://www.kalye.com/boodleevents,,,,,,,email,https://kalye.com/,(646) 287-9153,2026-10-03T21:49:07.685323+00:00,"No messages sent or forms submitted. Mailbox delivery and form submission are untested. Email roles are routing heuristics, not confirmed dietary/allergy contacts."
IBN Hamido Seafood,8208481912429117899,"3129 Ditmars Blvd, Astoria, NY 11105, USA",OPERATIONAL,,,,,,https://www.facebook.com/HamidoSeafood/ | https://www.facebook.com/HamidoSeafood?locale=fo_FO | https://www.instagram.com/ibn.hamido.seafood.nyc/,,,social_profile_leads_only,http://hamidoseafood.com/,(718) 535-4700,2026-10-04T20:24:25.919262+00:00,"No messages sent or forms submitted. Mailbox delivery and form submission are untested. Social links are leads, not proof that private messaging is enabled; login may be required."
Fu Zhou Wei Zhong Wei Jia Xiang Feng Wei,12488663117168473852,"88 E Broadway, New York, NY 10002, USA",OPERATIONAL,,,,,,,,,no_text_route_found_in_checked_sources,,(212) 431-3555,2026-10-04T20:24:33.806292+00:00,No messages sent or forms submitted. Mailbox delivery and form submission are untested.
Hi Sunny Restaurant Salad&Dimsum 花园轻食,15497128135286772684,"342 7th Ave, New York, NY 10001, USA",OPERATIONAL,,,,,,https://www.facebook.com/profile.php?id=61569959501313 | https://www.instagram.com/hisunnyrestaurant/,,,social_profile_leads_only,https://www.hisunnyrestaurantny.com/,(212) 660-9666,2026-10-04T20:24:41.200276+00:00,"No messages sent or forms submitted. Mailbox delivery and form submission are untested. Social links are leads, not proof that private messaging is enabled; login may be required."
Loopy's Eatery,7067381656034719,"156 W 29th St, New York, NY 10001, USA",OPERATIONAL,contact@loopyseatery.com,https://loopyseatery.com/ | https://loopyseatery.com/new-york-chelsea-loopy-s-eatery-about,,,,,,,email,https://loopyseatery.com/,(212) 381-0060,2026-10-03T21:49:18.248751+00:00,"No messages sent or forms submitted. Mailbox delivery and form submission are untested. Email roles are routing heuristics, not confirmed dietary/allergy contacts."
Red Rooster Harlem,11756291770747518620,"310 Lenox Ave, New York, NY 10027, USA",OPERATIONAL,dina@redroosterharlem.com | info@redroosterharlem.com,https://www.redroosterharlem.com/ | https://www.redroosterharlem.com/inquiry-private-events | https://www.redroosterharlem.com/private-events | https://www.redroosterharlem.com/reservations,,,,,,,email,https://www.redroosterharlem.com/,(212) 792-9001,2026-10-03T21:49:49.478800+00:00,"No messages sent or forms submitted. Mailbox delivery and form submission are untested. Email roles are routing heuristics, not confirmed dietary/allergy contacts."
SALSWEE,10363136612694754415,"180 5th Ave, New York, NY 10010, USA",OPERATIONAL,info@salswee.com,https://salswee.com/ | https://salswee.com/pages/about | https://salswee.com/pages/faq | https://salswee.com/pages/loaction,,,,,,,email,https://www.salswee.com/,,2026-10-03T21:49:52.154097+00:00,"No messages sent or forms submitted. Mailbox delivery and form submission are untested. Email roles are routing heuristics, not confirmed dietary/allergy contacts."
Underground Pizza,5022977731717236697,"3 Hanover Square #2615, New York, NY 10004, USA",OPERATIONAL,,,,,,https://www.facebook.com/UndergroundPizza/,,,social_profile_leads_only,https://www.undergroundpizzamenu.com/?utm_source=gbp,(212) 425-4442,2026-10-04T20:24:51.403469+00:00,"No messages sent or forms submitted. Mailbox delivery and form submission are untested. Social links are leads, not proof that private messaging is enabled; login may be required."
Trinciti Roti Shop & Restaurant,11834515000328993126,"111-03 Lefferts Blvd, South Ozone Park, NY 11420, USA",OPERATIONAL,,,,,,https://www.facebook.com/fb-answers/trinciti-roti-shop-restaurant-lefferts-boulevard-south-ozone-park-ny/,,,social_profile_leads_only,https://trinciti.com/,(718) 641-3636,2026-10-04T20:25:03.960796+00:00,"No messages sent or forms submitted. Mailbox delivery and form submission are untested. Social links are leads, not proof that private messaging is enabled; login may be required."
OTB,9633784282631920952,"141 Broadway, Brooklyn, NY 11211, USA",OPERATIONAL,otbbrooklyn@gmail.com,http://www.otbbk.com/ | http://www.otbbk.com/hours-location,,,,,,,email,http://www.otbbk.com/,(347) 763-1481,2026-10-03T21:49:39.879847+00:00,"No messages sent or forms submitted. Mailbox delivery and form submission are untested. Email roles are routing heuristics, not confirmed dietary/allergy contacts."
KOHOKU-KU RAMEN,15040942786185524959,"709 9th Ave, New York, NY 10019, USA",OPERATIONAL,,,,,,https://www.facebook.com/p/Kohoku-Ku-RAMEN-%E3%81%93%E3%81%86%E3%81%BB%E3%81%8F%E3%81%8F%E3%83%A9%E3%83%BC%E3%83%A1%E3%83%B3-100083278573938/,,,social_profile_leads_only,https://www.kohoku-kuramen.com/%E3%83%8B%E3%83%A5%E3%83%BC%E3%83%A8%E3%83%BC%E3%82%AF-new-york,(646) 478-7886,2026-10-04T20:25:12.834589+00:00,"No messages sent or forms submitted. Mailbox delivery and form submission are untested. Social links are leads, not proof that private messaging is enabled; login may be required."
Churrascaria Plataforma,9569409665637842732,"316 W 49th St, New York, NY 10019, USA",OPERATIONAL,,,,,,https://www.facebook.com/churrascariaplataformany/,,,social_profile_leads_only,https://plataformaonline.com/,(212) 245-0505,2026-10-04T20:25:18.171386+00:00,"No messages sent or forms submitted. Mailbox delivery and form submission are untested. Social links are leads, not proof that private messaging is enabled; login may be required."
Berimbau Brazilian Kitchen - West Village,10486233850201828377,"43 Carmine St, New York, NY 10014, USA",OPERATIONAL,info@berimbaurestaurant.com,https://www.berimbaunyc.com/ | https://www.berimbaunyc.com/events,,,,,,,email,https://www.berimbaunyc.com/,(212) 401-0021,2026-10-03T21:48:09.103252+00:00,"No messages sent or forms submitted. Mailbox delivery and form submission are untested. Email roles are routing heuristics, not confirmed dietary/allergy contacts."
cat cafe Mocha Lounge Shibuya Koen-dori Store,7014666220945010616,"Japan, 〒150-0041 Tokyo, Shibuya, Jinnan, 1-chōme−16−３ Boule Vard, 5F",OPERATIONAL,,,https://catmocha.jp/contact/,,,https://www.instagram.com/catcafemocha/,,,general_contact_form,http://catmocha.jp/shibuyakoendori/,03-6277-5745,2026-10-04T20:25:21.590461+00:00,"No messages sent or forms submitted. Mailbox delivery and form submission are untested. Social links are leads, not proof that private messaging is enabled; login may be required."
Duo Cafe,11040623526184817008,"223 E 5th St, New York, NY 10003, USA",OPERATIONAL,,,,,,https://www.instagram.com/duocafe.nyc/,,,social_profile_leads_only,,(646) 454-0603,2026-10-04T20:25:28.847472+00:00,"No messages sent or forms submitted. Mailbox delivery and form submission are untested. Social links are leads, not proof that private messaging is enabled; login may be required."
Hashi Market,17574112193734733345,"330 5th Ave, New York, NY 10001, USA",OPERATIONAL,info@hashimarket.com,https://www.hashimarket.com/ | https://www.hashimarket.com/blank | https://www.hashimarket.com/blank-2 | https://www.hashimarket.com/blank-3,,,,,,,email,http://www.hashimarket.com/,,2026-10-03T21:48:57.311390+00:00,"No messages sent or forms submitted. Mailbox delivery and form submission are untested. Email roles are routing heuristics, not confirmed dietary/allergy contacts."
CHILI,15578227637650172404,"13 E 37th St, New York, NY 10016, USA",OPERATIONAL,operation@chilinyc.com,https://chilinyc.com/ | https://chilinyc.com/new-york-midtown-manhattan-chili-about,,,,,,,email,https://www.chilinyc.com/,(646) 882-0666,2026-10-03T21:48:22.650798+00:00,"No messages sent or forms submitted. Mailbox delivery and form submission are untested. Email roles are routing heuristics, not confirmed dietary/allergy contacts."
Robert Is Here Fruit Stand,2386359721089068313,"19200 SW 344th St, Homestead, FL 33034, USA",OPERATIONAL,,,,,,https://www.facebook.com/robertisherefruitstandandfarm/,fresh@robertishere.com | info@robertishere.com,fresh@robertishere.com: Restaurant-specific address published by a third-party source; business ownership/current use not confirmed. Do not disclose allergy information before confirming the recipient. | info@robertishere.com: Restaurant-specific address published by a third-party source; business ownership/current use not confirmed. Do not disclose allergy information before confirming the recipient.,unverified_email_leads_only,http://www.robertishere.com/,(305) 246-1592,2026-10-04T20:25:45.321777+00:00,"No messages sent or forms submitted. Mailbox delivery and form submission are untested. Social links are leads, not proof that private messaging is enabled; login may be required."
Lao Bei Fang Dumpling House,4561895065011230332,"83-05 Broadway, Elmhurst, NY 11373, USA",OPERATIONAL,,,,,,,,,no_text_route_found_in_checked_sources,https://northerndumplinghouse.shop/,(718) 639-3996,2026-10-04T20:25:54.462636+00:00,No messages sent or forms submitted. Mailbox delivery and form submission are untested.
Gazala’s Mediterranean Restaurant,15854507122496025227,"447 Amsterdam Ave, New York, NY 10024, USA",OPERATIONAL,gazalasrestaurant@gmail.com,https://gazalasnyc.com/book-a-private-party,,,,,,,email,http://gazalasnyc.com/,(212) 787-1800,2026-10-03T21:48:51.924661+00:00,"No messages sent or forms submitted. Mailbox delivery and form submission are untested. Email roles are routing heuristics, not confirmed dietary/allergy contacts."
Hanamizuki Cafe,9858612730520872610,"143 W 29th St, New York, NY 10001, USA",OPERATIONAL,info@hanamizukinyc.com,https://www.hanamizukinyc.com/ | https://www.hanamizukinyc.com/about,,,,,,,email,http://www.hanamizukinyc.com/,(212) 695-5533,2026-10-03T21:48:56.197445+00:00,"No messages sent or forms submitted. Mailbox delivery and form submission are untested. Email roles are routing heuristics, not confirmed dietary/allergy contacts."
Dominique Ansel Workshop,1500658844959927799,"17 E 27th St, New York, NY 10016, USA",OPERATIONAL,info@dominiqueanselworkshop.com,https://www.dominiqueanselworkshop.com/catering/,,,,,,,email,http://dominiqueanselworkshop.com/,(212) 901-1015,2026-10-03T21:48:30.970041+00:00,"No messages sent or forms submitted. Mailbox delivery and form submission are untested. Email roles are routing heuristics, not confirmed dietary/allergy contacts."
The Hideout Chai Bar,1228814365511510638,"42 Rivington St, New York, NY 10002, USA",OPERATIONAL,info@thehideoutnyc.com,https://www.thehideoutnyc.com/,https://www.thehideoutnyc.com/,,,https://www.facebook.com/thehideoutchai | https://www.instagram.com/thehideoutchai | https://www.instagram.com/thehideoutchai/,,,email_and_form,http://thehideoutnyc.com/,(646) 649-5868,2026-10-04T20:25:57.139663+00:00,"No messages sent or forms submitted. Mailbox delivery and form submission are untested. Social links are leads, not proof that private messaging is enabled; login may be required. Email roles are routing heuristics, not confirmed dietary/allergy contacts."
Broad Nosh Bagels Deli & Catering 58th Street,6905818240795187028,"314 W 58th St, New York, NY 10019, USA",OPERATIONAL,,,,,,,,,no_text_route_found_in_checked_sources,https://broadnosh.com/,(212) 933-4844,2026-10-04T20:26:20.076984+00:00,No messages sent or forms submitted. Mailbox delivery and form submission are untested.
Maxi's Noodle,11156071889244577456,"135-11 38th Ave, Flushing, NY 11354, USA",OPERATIONAL,,,https://maxisnoodle.com/contact/,,,http://www.facebook.com/maxisnoodle | http://www.instagram.com/maxisnoodle,,,general_contact_form,http://www.maxisnoodle.com/,(917) 908-0808,2026-10-04T20:26:21.380369+00:00,"No messages sent or forms submitted. Mailbox delivery and form submission are untested. Social links are leads, not proof that private messaging is enabled; login may be required."
Shoo Loong Kan Hotpot Manhattan 小龙坎火锅,215152221191571643,"22 E 13th St, New York, NY 10003, USA",OPERATIONAL,info@shooloongkan.us,https://shooloongkan.us/ | https://shooloongkan.us/contact/ | https://shooloongkan.us/dallas-restaurant-week-reservation/ | https://shooloongkan.us/locations/,,,,,,,email,http://www.shooloongkan.us/,(917) 721-2927,2026-10-03T21:49:57.389821+00:00,"No messages sent or forms submitted. Mailbox delivery and form submission are untested. Email roles are routing heuristics, not confirmed dietary/allergy contacts."
OKONOMI Brooklyn,18074618479173799443,"150 Ainslie St, Brooklyn, NY 11211, USA",OPERATIONAL,,,,,,https://www.instagram.com/yuji_hawaii/,,,social_profile_leads_only,https://www.okonomi.us/,(929) 295-0480,2026-10-04T20:26:26.671533+00:00,"No messages sent or forms submitted. Mailbox delivery and form submission are untested. Social links are leads, not proof that private messaging is enabled; login may be required."
Hinatomaru Asakusa main store,7595895462890564858,"1-chōme-20-10 Asakusa, Taito City, Tokyo 111-0032, Japan",OPERATIONAL,,,,,,,,,no_text_route_found_in_checked_sources,https://tabelog.com/tokyo/A1311/A131102/13075573/table/,03-5806-4222,2026-10-04T20:26:35.386429+00:00,No messages sent or forms submitted. Mailbox delivery and form submission are untested.
Madame Vo,16013061971418041994,"212 E 10th St, New York, NY 10003, USA",OPERATIONAL,hello@madamevonyc.com | yen@madamevonyc.com,https://www.madamevo.com/contact,,,,,,,email,http://www.madamevo.com/,(917) 261-2115,2026-10-03T21:49:19.660144+00:00,"No messages sent or forms submitted. Mailbox delivery and form submission are untested. Email roles are routing heuristics, not confirmed dietary/allergy contacts."
Mazzola Bakery,395279983783667277,"192 Union St, Brooklyn, NY 11231, USA",OPERATIONAL,,,,,,http://www.facebook.com/MazzolaBakery | https://instagram.com/mazzolabakery | https://www.facebook.com/MazzolaBakery/,,,social_profile_leads_only,http://www.mazzolabakerycafe.com/,(718) 643-1719,2026-10-04T20:26:47.522063+00:00,"No messages sent or forms submitted. Mailbox delivery and form submission are untested. Social links are leads, not proof that private messaging is enabled; login may be required."
Sao Mai,8556980104194130214,"203 1st Ave, New York, NY 10003, USA",OPERATIONAL,info@saomainyc.com,https://saomainyc.com/contact.html,,,,,,,email,http://saomainyc.com/,(212) 358-8880,2026-10-03T21:49:54.906800+00:00,"No messages sent or forms submitted. Mailbox delivery and form submission are untested. Email roles are routing heuristics, not confirmed dietary/allergy contacts."
Sylla,884791751900283827,"1664 Park Ave, New York, NY 10035, USA",OPERATIONAL,,,,,,,,,no_text_route_found_in_checked_sources,,(646) 344-1392,2026-10-04T20:27:20.254588+00:00,No messages sent or forms submitted. Mailbox delivery and form submission are untested. Some lookups failed or were blocked; missing contacts are not proof none exist.
2 Bros Pizza,6733273769699072961,"557 8th Ave, New York, NY 10018, USA",OPERATIONAL,,,https://www.2brospizza.com/contact/,,,https://www.facebook.com/2-Bros-1-Pizza-198472690165223/,,,general_contact_form,https://www.2brospizza.com/,(646) 916-4541,2026-10-04T20:29:44.453275+00:00,"No messages sent or forms submitted. Mailbox delivery and form submission are untested. Social links are leads, not proof that private messaging is enabled; login may be required."
Mitr Thai Restaurant,4825010778528413527,"37 W 46th St, New York, NY 10036, USA",OPERATIONAL,info@mitrthainyc.com,https://mitrthainyc.com/,,,,,,,email,http://mitrthainyc.com/,(212) 466-6699,2026-10-03T21:49:26.000597+00:00,"No messages sent or forms submitted. Mailbox delivery and form submission are untested. Email roles are routing heuristics, not confirmed dietary/allergy contacts."
Grand Street Skewer Cart,1136850988547250033,"246 Grand St, New York, NY 10002, USA",OPERATIONAL,,,,,,,,,no_text_route_found_in_checked_sources,,,2026-10-04T20:29:53.840390+00:00,No messages sent or forms submitted. Mailbox delivery and form submission are untested.
CAFE 2BY2,2921815235901741582,"84 E 10th St 2nd FL, New York, NY 10003, USA",OPERATIONAL,gracedessertev@gmail.com,https://www.cafe2by2.com/contact-us,https://www.cafe2by2.com/contact-us,,,,,,email_and_form,,(646) 565-1355,2026-10-04T20:29:56.937199+00:00,"No messages sent or forms submitted. Mailbox delivery and form submission are untested. Email roles are routing heuristics, not confirmed dietary/allergy contacts."
KoFoo,8089291815938691134,"67 W 23rd St, New York, NY 10010, USA",OPERATIONAL,,,,,,,,,no_text_route_found_in_checked_sources,http://www.kofoony.com/,(212) 924-2654,2026-10-04T20:30:16.178079+00:00,No messages sent or forms submitted. Mailbox delivery and form submission are untested.
Nōksu,12027034957098314330,"49 W 32nd St, New York, NY 10001, USA",OPERATIONAL,info@noksunyc.com | reservations@noksunyc.com | steven@hallpr.com,https://noksunyc.com/?SEO_id=GMB--R-NYCCUQQ-2&y_source=1_MTA0NTQ1Mjg1MS03MTUtbG9jYXRpb24ud2Vic2l0ZQ%3D%3D,,,,,,,email,https://noksunyc.com/?SEO_id=GMB--R-NYCCUQQ-2&y_source=1_MTA0NTQ1Mjg1MS03MTUtbG9jYXRpb24ud2Vic2l0ZQ%3D%3D,(626) 657-8420,2026-10-03T21:49:35.219570+00:00,"No messages sent or forms submitted. Mailbox delivery and form submission are untested. Email roles are routing heuristics, not confirmed dietary/allergy contacts."
Cosme,3833293956369346540,"35 E 21st St, New York, NY 10010, USA",OPERATIONAL,info@casamata.com | info@cosmenyc.com | maya@casamata.com,https://cosmenyc.com/,,,,,,,email,http://www.cosmenyc.com/,(315) 512-4131,2026-10-03T21:48:26.208202+00:00,"No messages sent or forms submitted. Mailbox delivery and form submission are untested. Email roles are routing heuristics, not confirmed dietary/allergy contacts."
Sushi Sho,11625317478138599262,"3 E 41st St, New York, NY 10017, USA",OPERATIONAL,,,,,,https://www.instagram.com/sushishonyc/?hl=en,,,social_profile_leads_only,https://www.exploretock.com/sushi-sho-nyc,(646) 863-2023,2026-10-04T20:30:41.710550+00:00,"No messages sent or forms submitted. Mailbox delivery and form submission are untested. Social links are leads, not proof that private messaging is enabled; login may be required."
Foxface Natural,4791255496516397567,"189 Avenue A, New York, NY 10009, USA",CLOSED_TEMPORARILY,info@foxface.nyc | resy@foxface.nyc,https://foxface.nyc/ | https://foxface.nyc/contact/,,,,,,,email,http://foxface.nyc/,(646) 270-1449,2026-10-03T21:48:49.022203+00:00,"No messages sent or forms submitted. Mailbox delivery and form submission are untested. Email roles are routing heuristics, not confirmed dietary/allergy contacts."
Corima,16695724782521764663,"3 Allen St, New York, NY 10002, USA",OPERATIONAL,info@corimanyc.com,https://www.corimanyc.com/ | https://www.corimanyc.com/events,,,,,,,email,http://www.corimanyc.com/,(646) 964-4836,2026-10-03T21:48:26.010324+00:00,"No messages sent or forms submitted. Mailbox delivery and form submission are untested. Email roles are routing heuristics, not confirmed dietary/allergy contacts."
Red Hook Tavern,16115000416066489261,"329 Van Brunt St, Brooklyn, NY 11231, USA",OPERATIONAL,reservations@redhooktavern.com,https://www.redhooktavern.com/contact,,,,,,,email,http://www.redhooktavern.com/,,2026-10-03T21:49:48.930648+00:00,"No messages sent or forms submitted. Mailbox delivery and form submission are untested. Email roles are routing heuristics, not confirmed dietary/allergy contacts."
Pochana Thai Kitchen,15347563467555226386,"33-16 30th Ave., Astoria, NY 11103, USA",OPERATIONAL,pochananyc@gmail.com,https://www.pochananyc.com | https://www.pochananyc.com/,,,,,,,email,http://pochananyc.com/,(718) 956-9559,2026-10-03T21:49:46.060169+00:00,"No messages sent or forms submitted. Mailbox delivery and form submission are untested. Email roles are routing heuristics, not confirmed dietary/allergy contacts."
sendo,17672220878418977291,"876 6th Ave 1st Floor, New York, NY 10001, USA",OPERATIONAL,team@sendo.nyc,https://www.sendo.nyc/,,,,,,,email,https://sendo.nyc/,(646) 943-4548,2026-10-03T21:49:55.813513+00:00,"No messages sent or forms submitted. Mailbox delivery and form submission are untested. Email roles are routing heuristics, not confirmed dietary/allergy contacts."
Izakaya Juraku,8228589502094031976,"121 Ludlow St, New York, NY 10002, USA",OPERATIONAL,hello@izakayajuraku.com,https://www.izakayajuraku.com/ | https://www.izakayajuraku.com/about | https://www.izakayajuraku.com/events | https://www.izakayajuraku.com/events/brotaku-may-2026 | https://www.izakayajuraku.com/events/juraku-olympics | https://www.izakayajuraku.com/faq,,,,,,,email,http://www.izakayajuraku.com/,(212) 477-0100,2026-10-03T21:49:03.687089+00:00,"No messages sent or forms submitted. Mailbox delivery and form submission are untested. Email roles are routing heuristics, not confirmed dietary/allergy contacts."
konban NYC,12785811528062615373,"311 W 17th St, New York, NY 10011, USA",OPERATIONAL,hello@konbannyc.com,https://www.konbannyc.com/ | https://www.konbannyc.com/about,,,,,,,email,https://www.konbannyc.com/,(917) 675-6070,2026-10-03T21:49:10.895374+00:00,"No messages sent or forms submitted. Mailbox delivery and form submission are untested. Email roles are routing heuristics, not confirmed dietary/allergy contacts."
Kopitiam,17644709177204286813,"151 E Broadway, New York, NY 10002, USA",OPERATIONAL,email@email.com | hello@kopitiamnyc.com,https://www.kopitiamnyc.com/ | https://www.kopitiamnyc.com/contact-1 | https://www.kopitiamnyc.com/faq-1,,,,,,,email,https://www.kopitiamnyc.com/,(646) 609-3785,2026-10-03T21:49:11.646526+00:00,"No messages sent or forms submitted. Mailbox delivery and form submission are untested. Email roles are routing heuristics, not confirmed dietary/allergy contacts."
Izakaya MEW,16045570988164847655,"53 W 35th St, New York, NY 10001, USA",OPERATIONAL,mew.manhattan@handhospitality.com,http://mewnyc.com/mew35contact,,,,,,,email,http://mewnyc.com/,(646) 368-9459,2026-10-03T21:49:05.857452+00:00,"No messages sent or forms submitted. Mailbox delivery and form submission are untested. Email roles are routing heuristics, not confirmed dietary/allergy contacts."
West Rice Roll King 西关肠粉王,5687364101205884334,"124 Hester St, New York, NY 10002, USA",OPERATIONAL,,,,,,,,,no_text_route_found_in_checked_sources,,(646) 830-2437,2026-10-04T20:30:45.723021+00:00,No messages sent or forms submitted. Mailbox delivery and form submission are untested.
New world Uyghur Cuisine,11776389954672655265,"136-20 Roosevelt Ave, Flushing, NY 11354, USA",OPERATIONAL,,,,,,,,,no_text_route_found_in_checked_sources,https://newworlduyghurcuisine.com/,(646) 920-0889,2026-10-04T20:30:53.392889+00:00,No messages sent or forms submitted. Mailbox delivery and form submission are untested.
Nan Xiang Soup Dumplings - Flushing,2643412766659077252,"39-16 Prince St #104, Flushing, NY 11354, USA",OPERATIONAL,,,,,,https://www.facebook.com/nanxiangsoupdumplings/,,,social_profile_leads_only,https://nanxiangxiaolongbao.com/?utm_source=gbp&utm_medium=organic&utm_content=flushing,(718) 321-3838,2026-10-04T20:30:59.573912+00:00,"No messages sent or forms submitted. Mailbox delivery and form submission are untested. Social links are leads, not proof that private messaging is enabled; login may be required."
Mango Mango Dessert,5641423486421256705,"136-28 39th Ave, Flushing, NY 11354, USA",OPERATIONAL,,,,,,https://www.facebook.com/mangomangodessertusa/ | https://www.facebook.com/p/Mango-Mango-Dessert-Flushing-100090022002898/ | https://www.instagram.com/mangomangodessertusa/,info@mangomangodessert.com,info@mangomangodessert.com: Restaurant-specific address published by a third-party source; business ownership/current use not confirmed. Do not disclose allergy information before confirming the recipient.,unverified_email_leads_only,https://www.mangomangodessert.com/,(917) 563-1847,2026-10-04T20:31:07.799334+00:00,"No messages sent or forms submitted. Mailbox delivery and form submission are untested. Social links are leads, not proof that private messaging is enabled; login may be required."
Jing Feng Fish Ball Inc.,13236785100411469745,"41-40 Main St, Flushing, NY 11355, USA",OPERATIONAL,,,,,,,,,no_text_route_found_in_checked_sources,,(718) 888-9839,2026-10-04T20:31:16.911159+00:00,No messages sent or forms submitted. Mailbox delivery and form submission are untested.
超力福州美食 No.1 Super Snack Inc. - Fuzhou Snacks,3789114297863802409,"4128 Main St, Flushing, NY 11355, USA",OPERATIONAL,,,,,,,,,no_text_route_found_in_checked_sources,,(646) 546-2353,2026-10-04T20:31:50.313620+00:00,No messages sent or forms submitted. Mailbox delivery and form submission are untested. Some lookups failed or were blocked; missing contacts are not proof none exist.
Eight Jane,4809931522819931999,"37-12 Main St, Flushing, NY 11354, USA",OPERATIONAL,,,,,,,,,no_text_route_found_in_checked_sources,,(917) 609-5898,2026-10-04T20:32:05.895181+00:00,No messages sent or forms submitted. Mailbox delivery and form submission are untested.
Yin Ji Chang Fen 銀記腸粉,14095068896215370493,"38-12 Prince St, Flushing, NY 11354, USA",OPERATIONAL,,,,,,https://www.facebook.com/people/Yin-Ji-Chang-Fen-Canada/100063302554042/ | https://www.instagram.com/yinjichangfen/?igshid=YmMyMTA2M2Y%3D,,,social_profile_leads_only,http://yinji-usa.com/,(315) 878-6668,2026-10-04T20:32:13.416432+00:00,"No messages sent or forms submitted. Mailbox delivery and form submission are untested. Social links are leads, not proof that private messaging is enabled; login may be required."
Lucia Pizza,1795149901295632358,"136-55B, 136 - 55 Roosevelt Ave, Flushing, NY 11354, USA",OPERATIONAL,myluciapizza@aol.com,https://www.luciapizzany.com | https://www.luciapizzany.com/,,,,,,,email,https://www.luciapizzany.com/,(718) 445-1313,2026-10-03T21:49:18.830890+00:00,"No messages sent or forms submitted. Mailbox delivery and form submission are untested. Email roles are routing heuristics, not confirmed dietary/allergy contacts."
Corner 28,15211524773200565137,"135-24 40th Rd, Flushing, NY 11354, USA",OPERATIONAL,,,,,,,,,no_text_route_found_in_checked_sources,,(718) 886-6628,2026-10-04T20:32:22.323129+00:00,No messages sent or forms submitted. Mailbox delivery and form submission are untested. Some lookups failed or were blocked; missing contacts are not proof none exist.
Xie Bao Flushing 蟹寶,8033317768229071894,"133-35 Roosevelt Ave, Flushing, NY 11354, USA",OPERATIONAL,,,,,,,,,no_text_route_found_in_checked_sources,,(917) 563-1011,2026-10-04T20:32:24.224508+00:00,No messages sent or forms submitted. Mailbox delivery and form submission are untested.
Chick Rocks Inc,812444451802989486,"136-20 Roosevelt Ave #25, Flushing, NY 11354, USA",OPERATIONAL,,,,,,https://www.facebook.com/p/Chick-Rocks-Inc-100086820541395/,,,social_profile_leads_only,,(347) 368-6181,2026-10-04T20:32:33.522935+00:00,"No messages sent or forms submitted. Mailbox delivery and form submission are untested. Social links are leads, not proof that private messaging is enabled; login may be required. Some lookups failed or were blocked; missing contacts are not proof none exist."
Malai,15407472152707751461,"268 Smith St, Brooklyn, NY 11231, USA",OPERATIONAL,info@malai.co | wholesale@malai.co,https://www.malai.co/contact,,events@malai.co (events/catering) | press@malai.co (press/marketing),,,,,email,https://www.malai.co/,(347) 889-5789,2026-10-03T21:49:20.205986+00:00,"No messages sent or forms submitted. Mailbox delivery and form submission are untested. Email roles are routing heuristics, not confirmed dietary/allergy contacts."
Dallas BBQ Times Square,11691688503537573400,"241 W 42nd St, New York, NY 10036, USA",OPERATIONAL,collabs@dallasbbq.com | hello@dallasbbq.com | rosa@dallasbbq.com | saha@dallasbbq.com,https://www.dallasbbq.com/contact,,marketing@dallasbbq.com (press/marketing),,,,,email,https://dallasbbq.com/,(212) 221-9000,2026-10-03T21:48:27.255015+00:00,"No messages sent or forms submitted. Mailbox delivery and form submission are untested. Email roles are routing heuristics, not confirmed dietary/allergy contacts."
Fay Da Bakery,10282491144848997651,"321 6th Ave, New York, NY 10014, USA",OPERATIONAL,,,,,,https://www.instagram.com/faydabakery/?hl=en,,,social_profile_leads_only,http://www.fayda.com/,(212) 255-9888,2026-10-04T20:32:43.288489+00:00,"No messages sent or forms submitted. Mailbox delivery and form submission are untested. Social links are leads, not proof that private messaging is enabled; login may be required."
Tokyo Ya,2278638793704127710,"36-06 Ditmars Blvd, Astoria, NY 11105, USA",OPERATIONAL,tokyoyanyc@gmail.com,https://www.tokyoyanyc.com/,https://www.tokyoyanyc.com/,,,https://www.facebook.com/p/Tokyo-Ya-61558748806518/ | https://www.facebook.com/profile.php?id=61558748806518 | https://www.instagram.com/tokyoya.astoria/ | https://www.instagram.com/tokyoya.astoria/?hl=en,,,email_and_form,https://www.tokyoyaastoria.com/,(718) 777-8889,2026-10-04T20:32:49.136109+00:00,"No messages sent or forms submitted. Mailbox delivery and form submission are untested. Social links are leads, not proof that private messaging is enabled; login may be required. Email roles are routing heuristics, not confirmed dietary/allergy contacts."
Rice Thief,5599857471015884328,"39-37 30th St, Long Island City, NY 11101, USA",OPERATIONAL,,,,,,https://www.instagram.com/ricethief.nyc/?hl=en,,,social_profile_leads_only,https://www.instagram.com/ricethief.nyc,(917) 832-7108,2026-10-04T20:32:56.520847+00:00,"No messages sent or forms submitted. Mailbox delivery and form submission are untested. Social links are leads, not proof that private messaging is enabled; login may be required."
Yamato Japanese Restaurant,5171794055521370963,"857 E Grant Rd, Tucson, AZ 85719, USA",OPERATIONAL,,,,,,https://www.facebook.com/p/Yamato-Japanese-Restaurant-100063610479187/,,,social_profile_leads_only,https://m.facebook.com/pages/category/Sushi-Restaurant/Yamato-Japanese-Restaurant-143320342346509/,(520) 624-3377,2026-10-04T20:33:04.055048+00:00,"No messages sent or forms submitted. Mailbox delivery and form submission are untested. Social links are leads, not proof that private messaging is enabled; login may be required. Some lookups failed or were blocked; missing contacts are not proof none exist."
Hug Esan,9826995649354577465,"77-16 Woodside Ave, Elmhurst, NY 11373, USA",OPERATIONAL,hugesannyc@gmail.com,https://www.hugesannyc.net | https://www.hugesannyc.net/ | https://www.hugesannyc.net/catering-inquiry,,,,,,,email,http://www.hugesannyc.net/,(929) 328-0392,2026-10-03T21:48:59.430057+00:00,"No messages sent or forms submitted. Mailbox delivery and form submission are untested. Email roles are routing heuristics, not confirmed dietary/allergy contacts."
Cơm Tấm Ninh Kiều,3887276266076960728,"2641 Jerome Ave, Bronx, NY 10468, USA",OPERATIONAL,,,,,,,,,no_text_route_found_in_checked_sources,http://toasttab.com/com-tam-ninh-kieu-2641-jerome-ave,(718) 450-3833,2026-10-04T21:03:45.574738+00:00,No messages sent or forms submitted. Mailbox delivery and form submission are untested.
Cucciolo Osteria Durham,9923651188902399396,"601 W Main St suite c, Durham, NC 27701, USA",OPERATIONAL,,,,,,https://www.facebook.com/CuccioloDurham/,info@cucciolodurham.com,info@cucciolodurham.com: Restaurant-specific address published by a third-party source; business ownership/current use not confirmed. Do not disclose allergy information before confirming the recipient.,unverified_email_leads_only,http://www.cucciolodurham.com/,(984) 243-8744,2026-10-04T21:04:16.799769+00:00,"No messages sent or forms submitted. Mailbox delivery and form submission are untested. Social links are leads, not proof that private messaging is enabled; login may be required. Some lookups failed or were blocked; missing contacts are not proof none exist."
Teranga Midtown,4414555888223628309,"601 Lexington Avenue, 153 E 53rd St, New York, NY 10022, USA",OPERATIONAL,info@itsteranga.com,https://itsteranga.com/conact-us,,jobs@itsteranga.com (careers),,,,,email,https://itsteranga.com/,(332) 910-8138,2026-10-03T22:00:27.522561+00:00,"No messages sent or forms submitted. Mailbox delivery and form submission are untested. Email roles are routing heuristics, not confirmed dietary/allergy contacts."
The Hugh,10785263279409327584,"157 E 53rd St, New York, NY 10022, USA",OPERATIONAL,thehugh@bxp.com,https://www.thehughnyc.com/ | https://www.thehughnyc.com/about | https://www.thehughnyc.com/events,,,,,,,email,http://www.thehughnyc.com/,,2026-10-03T21:50:07.789457+00:00,"No messages sent or forms submitted. Mailbox delivery and form submission are untested. Email roles are routing heuristics, not confirmed dietary/allergy contacts."
Taberna Tapas,13285712246561483731,"325 W Main St, Durham, NC 27701, USA",OPERATIONAL,info@tabernatapas.com,https://tabernatapas.com/,,,,,,,email,http://tabernatapas.com/,(919) 797-1457,2026-10-03T21:50:01.544622+00:00,"No messages sent or forms submitted. Mailbox delivery and form submission are untested. Email roles are routing heuristics, not confirmed dietary/allergy contacts."
Durham Food Hall,8340933803460874889,"530 Foster St Suite 1, Durham, NC 27701, USA",OPERATIONAL,info@durhamfoodhall.com,https://durhamfoodhall.com/ | https://durhamfoodhall.com/about/ | https://durhamfoodhall.com/gather/,,events@durhamfoodhall.com (events/catering),,,,,email,http://durhamfoodhall.com/,(919) 908-9339,2026-10-03T21:48:34.277172+00:00,"No messages sent or forms submitted. Mailbox delivery and form submission are untested. Email roles are routing heuristics, not confirmed dietary/allergy contacts."
Pho & Poke House,10236145358495626059,"2816 Erwin Rd #207, Durham, NC 27705, USA",OPERATIONAL,,,,,,,,,no_text_route_found_in_checked_sources,http://www.phopokehouse.com/,(919) 382-0805,2026-10-04T21:04:27.702828+00:00,No messages sent or forms submitted. Mailbox delivery and form submission are untested. Some lookups failed or were blocked; missing contacts are not proof none exist.
Luna Rotisserie and Empanadas,7419886968628036936,"112 W Main St, Durham, NC 27701, USA",OPERATIONAL,infodurham@lunarotisserie.com,https://www.lunarotisserie.com/ | https://www.lunarotisserie.com/about,,,,,,,email,http://www.lunarotisserie.com/,(984) 439-8702,2026-10-03T21:49:19.081847+00:00,"No messages sent or forms submitted. Mailbox delivery and form submission are untested. Email roles are routing heuristics, not confirmed dietary/allergy contacts."
Sho Nuff Seafood,15499611824560168947,"1104 Broad St, Durham, NC 27705, USA",OPERATIONAL,shonuff@shonuffseafood.com,https://shonuffseafood.com/ | https://shonuffseafood.com/about_us/ | https://shonuffseafood.com/contact_us/,,,,,,,email,http://shonuffseafood.com/,(919) 972-9212,2026-10-03T21:49:56.687474+00:00,"No messages sent or forms submitted. Mailbox delivery and form submission are untested. Email roles are routing heuristics, not confirmed dietary/allergy contacts."
Ekhaya,16829307359056341881,"406 Blackwell St Suite 100, Durham, NC 27701, USA",OPERATIONAL,info@zwelis.com,https://zwelisekhaya.com/ | https://zwelisekhaya.com/durham-zweli-s-ekhaya-about,,,,,,,email,https://zwelisekhaya.com/,(919) 381-4128,2026-10-03T21:48:35.552337+00:00,"No messages sent or forms submitted. Mailbox delivery and form submission are untested. Email roles are routing heuristics, not confirmed dietary/allergy contacts."
Essex Pearl,14094610942188900246,"25 11th Ave, New York, NY 10011, USA",OPERATIONAL,,,,,,,nicolew@essexpearl.com,nicolew@essexpearl.com: Restaurant-specific address published by a third-party source; business ownership/current use not confirmed. Do not disclose allergy information before confirming the recipient.,unverified_email_leads_only,https://www.essexpearl.com/,(347) 899-4998,2026-10-04T21:04:33.998565+00:00,No messages sent or forms submitted. Mailbox delivery and form submission are untested. Some lookups failed or were blocked; missing contacts are not proof none exist.
HOJOKBAN NYC,386978824452407439,"128 Madison Ave, New York, NY 10016, USA",OPERATIONAL,hojokban@handhospitality.com,https://hojokban.com/new-york/contact-us,https://hojokban.com/new-york/contact-us,,,https://www.facebook.com/hojokban/,,,email_and_form,https://www.hojokbannyc.com/,(646) 454-0008,2026-10-04T21:04:45.527066+00:00,"No messages sent or forms submitted. Mailbox delivery and form submission are untested. Social links are leads, not proof that private messaging is enabled; login may be required. Email roles are routing heuristics, not confirmed dietary/allergy contacts. hojokban@handhospitality.com: Only the New York mailbox retained; Los Angeles mailbox deliberately excluded. Some lookups failed or were blocked; missing contacts are not proof none exist."
B & B,12004329970573048359,"165 W 26th St, New York, NY 10001, USA",OPERATIONAL,,,,,,,,,no_text_route_found_in_checked_sources,,(646) 429-8174,2026-10-04T21:04:49.961607+00:00,No messages sent or forms submitted. Mailbox delivery and form submission are untested.
KIMCHI RED - ALPHARETTA,3300160698936280640,"3630 Old Milton Pkwy #110, Alpharetta, GA 30005, USA",OPERATIONAL,forum@kimchiredusa.com | johnscreek@kimchiredusa.com | krx@kimchiredusa.com,https://kimchiredusa.com/ | https://kimchiredusa.com/kimchi-red-locations,,,,,,,email,https://kimchiredusa.com/,(470) 336-7222,2026-10-03T21:49:09.240722+00:00,"No messages sent or forms submitted. Mailbox delivery and form submission are untested. Email roles are routing heuristics, not confirmed dietary/allergy contacts."
Mama Lee - Williamsburg,3979803024036291366,"66 Grand St, Brooklyn, NY 11249, USA",CLOSED_TEMPORARILY,,,,,,,,,no_text_route_found_in_checked_sources,https://www.mamaleerestaurant.com/,(718) 683-9820,2026-10-04T21:05:14.780527+00:00,No messages sent or forms submitted. Mailbox delivery and form submission are untested.
Cauldron Chicken,2394628392783398045,"190 Bleecker St, New York, NY 10012, USA",OPERATIONAL,,,,,,https://www.facebook.com/profile.php/?id=61554606834103,,,social_profile_leads_only,,(646) 869-8888,2026-10-04T21:05:22.059530+00:00,"No messages sent or forms submitted. Mailbox delivery and form submission are untested. Social links are leads, not proof that private messaging is enabled; login may be required."
The Dolar Shop Hot Pot Manhattan,10961231163429798436,"55 3rd Ave, New York, NY 10003, USA",OPERATIONAL,,,,,,https://www.facebook.com/thedolarshopnewyork | https://www.instagram.com/thedolarshopusa/,dolarshopev@gmail.com,dolarshopev@gmail.com: Restaurant-specific address published by a third-party source; business ownership/current use not confirmed. Do not disclose allergy information before confirming the recipient.,unverified_email_leads_only,https://www.dolarshop.com/location/manhattan-location,(646) 590-0034,2026-10-04T21:05:34.036426+00:00,"No messages sent or forms submitted. Mailbox delivery and form submission are untested. Social links are leads, not proof that private messaging is enabled; login may be required."
Akino,17353497966516479644,"82-80 Broadway, Elmhurst, NY 11373, USA",OPERATIONAL,,,https://www.akinonyc.com/,,,,,,general_contact_form,https://www.akinonewyork.com/,(718) 779-8280,2026-10-04T20:33:39.446018+00:00,No messages sent or forms submitted. Mailbox delivery and form submission are untested.
Mắm,1195473898074130668,"70 Forsyth St, New York, NY 10002, USA",OPERATIONAL,,,,,,,,,no_text_route_found_in_checked_sources,https://instagram.com/mam.nyc,,2026-10-04T20:44:33.007701+00:00,No messages sent or forms submitted. Mailbox delivery and form submission are untested.
Liuyishou Hot Pot,3767343115512078920,"136-76 39th Ave, Flushing, NY 11354, USA",CLOSED_TEMPORARILY,,,,,,https://www.facebook.com/pages/Liuyishou-Hotpot-%E5%8A%89%E4%B8%80%E6%89%8B%E7%81%AB%E9%8D%8B/346153785951628 | https://www.instagram.com/liuyishou.newyork/,,,social_profile_leads_only,https://www.liuyishouna.com/flushing,(347) 732-0201,2026-10-04T20:44:45.713397+00:00,"No messages sent or forms submitted. Mailbox delivery and form submission are untested. Social links are leads, not proof that private messaging is enabled; login may be required."
Xiang Hotpot-Brooklyn,11904945461436460132,"5816 Fort Hamilton Pkwy, Brooklyn, NY 11219, USA",OPERATIONAL,,,,,,,,,no_text_route_found_in_checked_sources,https://xianghotpotbrooklyn.shop/,(718) 851-5888,2026-10-04T20:44:52.215838+00:00,No messages sent or forms submitted. Mailbox delivery and form submission are untested.
Brooklyn Ball Factory,11763818843476336607,"95 Montrose Ave, Brooklyn, NY 11206, USA",OPERATIONAL,,,https://www.brooklynballfactory.com/contact,,,https://www.instagram.com/bbf_bento_catering,,,general_contact_form,https://www.brooklynballfactory.com/,(718) 387-5296,2026-10-04T20:44:58.572885+00:00,"No messages sent or forms submitted. Mailbox delivery and form submission are untested. Social links are leads, not proof that private messaging is enabled; login may be required."
Ozakaya,12961264526075006065,"635 Vanderbilt Ave, Brooklyn, NY 11238, USA",OPERATIONAL,,,,,reservation request: https://www.ozakaya.com/reservations,https://www.facebook.com/p/Ozakaya-100074123987742/ | https://www.instagram.com/ozakaya_nyc/,,,limited_purpose_only,http://www.ozakaya.com/,(929) 456-5956,2026-10-04T20:45:04.501575+00:00,"No messages sent or forms submitted. Mailbox delivery and form submission are untested. Social links are leads, not proof that private messaging is enabled; login may be required."
Sanyuu West,9070657589536501708,"228 W 18th St, New York, NY 10011, USA",OPERATIONAL,hello@sanyuuwest.com,https://www.sanyuuwest.com/ | https://www.sanyuuwest.com/reservations,,,,,,,email,http://sanyuuwest.com/,(646) 418-2235,2026-10-03T21:49:54.767224+00:00,"No messages sent or forms submitted. Mailbox delivery and form submission are untested. Email roles are routing heuristics, not confirmed dietary/allergy contacts."
Sushi 35 West,9157412372136697584,"232W W 35th St, New York, NY 10001, USA",OPERATIONAL,,,,,,https://www.facebook.com/p/Sushi-35-West-100068705081123/ | https://www.facebook.com/p/sushi-35-west-100068705081123/ | https://www.facebook.com/people/Sushi-35-West/100068705081123/,,,social_profile_leads_only,http://www.sushi35west.com/,(646) 882-6666,2026-10-04T20:45:13.329211+00:00,"No messages sent or forms submitted. Mailbox delivery and form submission are untested. Social links are leads, not proof that private messaging is enabled; login may be required."
Chef Papa Vietnamese Kitchen,16809333113683590274,"42-05 162nd St, Flushing, NY 11358, USA",OPERATIONAL,chefpapanyc@gmail.com,https://www.chefpapanyc.com/,,,,https://www.instagram.com/chefpapanyc?igsh=Z3Ztdjd6NXk3Zm4x&utm_source=qr,,,email,,(917) 688-3968,2026-10-04T20:45:19.379857+00:00,"No messages sent or forms submitted. Mailbox delivery and form submission are untested. Social links are leads, not proof that private messaging is enabled; login may be required. Email roles are routing heuristics, not confirmed dietary/allergy contacts."
Kimura,12673954287228273912,"31 St Marks Pl, New York, NY 10003, USA",OPERATIONAL,,,,,,https://www.facebook.com/Kimuranyc/ | https://www.facebook.com/p/Kimura-NYC-61579630229875/ | https://www.instagram.com/kimura_nyc/,,,social_profile_leads_only,https://www.kimuranyc.com/,(917) 905-1864,2026-10-04T20:45:52.440305+00:00,"No messages sent or forms submitted. Mailbox delivery and form submission are untested. Social links are leads, not proof that private messaging is enabled; login may be required. Some lookups failed or were blocked; missing contacts are not proof none exist."
Kaki,11848891256450437874,"129 Rivington St, New York, NY 10002, USA",OPERATIONAL,,,,,,https://www.facebook.com/profile.php/?id=61550530905054,,,social_profile_leads_only,,(646) 568-8859,2026-10-04T20:45:56.959186+00:00,"No messages sent or forms submitted. Mailbox delivery and form submission are untested. Social links are leads, not proof that private messaging is enabled; login may be required."
Dim Sum Palace,9861019613347387418,"27 Division St, New York, NY 10002, USA",OPERATIONAL,,,,,,,,,no_text_route_found_in_checked_sources,http://www.dimsumpalace.com/,(212) 587-4277,2026-10-04T20:46:03.582590+00:00,No messages sent or forms submitted. Mailbox delivery and form submission are untested.
Namaste,5621849512624975287,"195 5th Ave, Brooklyn, NY 11217, USA",OPERATIONAL,hello@divibrewery.com | info@namastebk.com,https://namastebk.com/contact/,,,,,,,email,http://www.namastebk.com/,(718) 857-1951,2026-10-03T21:49:32.582834+00:00,"No messages sent or forms submitted. Mailbox delivery and form submission are untested. Email roles are routing heuristics, not confirmed dietary/allergy contacts."
Bonjour Banh Mi & Tea,15637877322958796794,"2121 TW Alexander Dr Suite 111, Morrisville, NC 27560, USA",OPERATIONAL,bonjourbanhmi@gmail.com,https://www.bonjourbanhmi-tea.com/,,,,,,,email,https://www.bonjourbanhmi-tea.com/,(919) 251-8426,2026-10-03T21:48:10.291866+00:00,"No messages sent or forms submitted. Mailbox delivery and form submission are untested. Email roles are routing heuristics, not confirmed dietary/allergy contacts."
Sweet Talk Cafe,17921532324921739786,"2008 Creekside Landing Dr, Apex, NC 27502, USA",OPERATIONAL,sweettalkcafe@gmail.com | sweettalkcafenc@gmail.com,https://www.sweettalkcafenc.com/ | https://www.sweettalkcafenc.com/joinourteam,,,,,,,email,https://www.sweettalkcafenc.com/,(919) 446-6068,2026-10-03T21:50:01.237976+00:00,"No messages sent or forms submitted. Mailbox delivery and form submission are untested. Email roles are routing heuristics, not confirmed dietary/allergy contacts."
Kashin Japanese Restaurant,10554129225102488481,"309 Crossroads Blvd, Cary, NC 27518, USA",OPERATIONAL,,,,,,https://www.facebook.com/kashinsushi/,nauashika@gmail.com | p.su@kashin.com,nauashika@gmail.com: Restaurant-specific address published by a third-party source; business ownership/current use not confirmed. Do not disclose allergy information before confirming the recipient. | p.su@kashin.com: Restaurant-specific address published by a third-party source; business ownership/current use not confirmed. Do not disclose allergy information before confirming the recipient.,unverified_email_leads_only,http://www.kashin.com/,(919) 851-7101,2026-10-04T20:46:18.605673+00:00,"No messages sent or forms submitted. Mailbox delivery and form submission are untested. Social links are leads, not proof that private messaging is enabled; login may be required."
Q noodles,9827710618259314143,"1026 Ryan Rd, Cary, NC 27511, USA",OPERATIONAL,,,,,,https://www.facebook.com/people/Q-Noodles-Cary/61579557522863/ | https://www.instagram.com/qnoodle_cary/?hl=en,,,social_profile_leads_only,https://www.qnoodles.co/,(919) 468-9958,2026-10-04T20:46:26.934803+00:00,"No messages sent or forms submitted. Mailbox delivery and form submission are untested. Social links are leads, not proof that private messaging is enabled; login may be required."
Nikos,16466985301932823166,"BrightLeaf Square, 905 W Main St Unit 21B, Durham, NC 27701, USA",OPERATIONAL,info@nikosdurham.com,https://www.nikosdurham.com/ | https://www.nikosdurham.com/contact/ | https://www.nikosdurham.com/event/opa-hour-1/ | https://www.nikosdurham.com/join-our-team/ | https://www.nikosdurham.com/private-events/ | https://www.nikosdurham.com/upcomingevents/,,,,,,,email,https://www.nikosdurham.com/,(305) 562-4796,2026-10-03T21:49:34.785300+00:00,"No messages sent or forms submitted. Mailbox delivery and form submission are untested. Email roles are routing heuristics, not confirmed dietary/allergy contacts."
Little Bull,15286555728158591567,"810 N Mangum St, Durham, NC 27701, USA",OPERATIONAL,info@littlebullnc.com,https://littlebullnc.com/ | https://littlebullnc.com/durham-downtown-little-bull-about,,,,,,,email,http://littlebullnc.com/,(919) 251-8989,2026-10-03T21:49:17.091760+00:00,"No messages sent or forms submitted. Mailbox delivery and form submission are untested. Email roles are routing heuristics, not confirmed dietary/allergy contacts."
Yagg Sii Tenn Authentic African Cuisine,16214685301323325731,"1440 Chapel Ridge Rd ste 170, Apex, NC 27502, USA",OPERATIONAL,,,,,,http://www.instagram.com/yagg_sii_tenn | https://www.facebook.com/Yaggsiitenn/ | https://www.facebook.com/yaggsiitenn,,,social_profile_leads_only,http://www.yaggsitenn.com/,(919) 629-4047,2026-10-04T20:46:39.130501+00:00,"No messages sent or forms submitted. Mailbox delivery and form submission are untested. Social links are leads, not proof that private messaging is enabled; login may be required."
Hady's Restaurant International Cuisine,6975320474220511093,"717 E Martin St Suite 199, Raleigh, NC 27601, USA",OPERATIONAL,info@hadyinternational.com,https://hadyinternational.com/,,,,,,,email,https://hadyinternational.com/,(919) 741-1111,2026-10-03T22:08:54.113018+00:00,"No messages sent or forms submitted. Mailbox delivery and form submission are untested. Email roles are routing heuristics, not confirmed dietary/allergy contacts."
Sweet Cake,7328116076083836182,"137-06 Northern Blvd, Flushing, NY 11354, USA",OPERATIONAL,,,,,,https://www.facebook.com/SweetCakeNY/ | https://www.facebook.com/SweetCakeNewYork/ | https://www.instagram.com/sweetcakenewyork/,sweetmomentcakeinc@gmail.com,sweetmomentcakeinc@gmail.com: Restaurant-specific address published by a third-party source; business ownership/current use not confirmed. Do not disclose allergy information before confirming the recipient.,unverified_email_leads_only,https://www.instagram.com/sweetcakenewyork/,(929) 329-0666,2026-10-04T20:46:43.905187+00:00,"No messages sent or forms submitted. Mailbox delivery and form submission are untested. Social links are leads, not proof that private messaging is enabled; login may be required."
"Nan Xiang Express - Williamsburg, NY",6999154815032714971,"167 Grand St, Brooklyn, NY 11249, USA",OPERATIONAL,,,,,,,,,no_text_route_found_in_checked_sources,https://nanxiangexpress.com/,(347) 799-1078,2026-10-04T20:46:55.883489+00:00,No messages sent or forms submitted. Mailbox delivery and form submission are untested.
Kyma,11995097963111911681,"15 W 18th St, New York, NY 10011, USA",OPERATIONAL,flatiron@kymarestaurants.com,https://www.kymarestaurants.com/location/kyma-flatiron/,,,,https://www.facebook.com/kymaflatiron/ | https://www.instagram.com/kyma.nyc/,,,email,https://kymarestaurants.com/,(212) 268-5555,2026-10-04T20:47:05.001532+00:00,"No messages sent or forms submitted. Mailbox delivery and form submission are untested. Social links are leads, not proof that private messaging is enabled; login may be required. Email roles are routing heuristics, not confirmed dietary/allergy contacts."
C as in Charlie,5861003570580519031,"5 Bleecker St, New York, NY 10012, USA",OPERATIONAL,charlie@c-asincharlie.com,https://www.c-asincharlie.com | https://www.c-asincharlie.com/ | https://www.c-asincharlie.com/about-1,,,,,,,email,http://c-asincharlie.com/,,2026-10-03T21:48:14.281287+00:00,"No messages sent or forms submitted. Mailbox delivery and form submission are untested. Email roles are routing heuristics, not confirmed dietary/allergy contacts."
Genesis,18190997581761937251,"162-23 Hillside Ave., Jamaica, NY 11432, USA",OPERATIONAL,genesis1rest@gmail.com,http://www.genesis1restaurant.com/contact/,,,,,,,email,http://www.genesis1restaurant.com/,(718) 739-8443,2026-10-03T21:48:52.023517+00:00,"No messages sent or forms submitted. Mailbox delivery and form submission are untested. Email roles are routing heuristics, not confirmed dietary/allergy contacts."
Philomena's Pizza,12284058046399998304,"4116 Queens Blvd, Sunnyside, NY 11104, USA",OPERATIONAL,,,,,,,,,no_text_route_found_in_checked_sources,http://philomenasqueens.com/,(718) 255-1778,2026-10-04T20:47:22.011015+00:00,No messages sent or forms submitted. Mailbox delivery and form submission are untested.
New York City Bagel & Coffee House,16623196728623872433,"40-05 Broadway, Astoria, NY 11103, USA",OPERATIONAL,,,,,,https://www.facebook.com/482401305159213/ | https://www.instagram.com/nycbch,info@nycbch.com,info@nycbch.com: Restaurant-specific address published by a third-party source; business ownership/current use not confirmed. Do not disclose allergy information before confirming the recipient.,unverified_email_leads_only,https://nycbch.com/,(718) 728-9511,2026-10-04T20:47:40.375444+00:00,"No messages sent or forms submitted. Mailbox delivery and form submission are untested. Social links are leads, not proof that private messaging is enabled; login may be required."
Phayul,13014086701352329485,"37-65 74th St., Jackson Heights, NY 11372, USA",OPERATIONAL,,,,,,,,,no_text_route_found_in_checked_sources,,(718) 424-1869,2026-10-04T20:47:53.123957+00:00,No messages sent or forms submitted. Mailbox delivery and form submission are untested.
Economy Candy,12985582950822154704,"108 Rivington St, New York, NY 10002, USA",OPERATIONAL,help@economycandy.com,https://economycandy.com/ | https://economycandy.com/about-economy-candy/ | https://economycandy.com/contact-us/ | https://economycandy.com/faqs/ | https://economycandy.com/product-category/all-products/allergy-friendly/ | https://economycandy.com/product-category/all-products/allergy-friendly/page/2/,,,,,,,email,https://www.economycandy.com/,(212) 254-1531,2026-10-03T21:48:35.392940+00:00,"No messages sent or forms submitted. Mailbox delivery and form submission are untested. Email roles are routing heuristics, not confirmed dietary/allergy contacts."
El Castillo De Jagua,11267077419772561808,"113 Rivington St, New York, NY 10002, USA",OPERATIONAL,,,,,,https://www.facebook.com/ElCastillodeJagua/ | https://www.facebook.com/ElCastillodeJaguaRivington/ | https://www.facebook.com/p/El-Castillo-de-Jagua-100064397828768/,,,social_profile_leads_only,https://www.castillodejagua2.com/,(212) 982-6412,2026-10-04T20:48:21.811568+00:00,"No messages sent or forms submitted. Mailbox delivery and form submission are untested. Social links are leads, not proof that private messaging is enabled; login may be required. Some lookups failed or were blocked; missing contacts are not proof none exist."
Homemade Dumpling,16662315927019849667,"27 Essex St A, New York, NY 10002, USA",OPERATIONAL,,,,,,,,,no_text_route_found_in_checked_sources,,(917) 868-1561,2026-10-04T20:48:41.272013+00:00,No messages sent or forms submitted. Mailbox delivery and form submission are untested.
Yemen Café & Restaurant,534793482453049472,"176 Atlantic Ave, Brooklyn, NY 11201, USA",OPERATIONAL,yemencafe1@gmail.com | yemencafe2@gmail.com | yemencafe3@gmail.com,https://yemencafe.com/page/contact-us | https://yemencafe.com/yemencafrestaurantatlantic?utm_source=google,,,,,,,email,https://yemencafe.com/yemencafrestaurantatlantic?utm_source=google,(718) 834-9533,2026-10-03T21:50:25.947778+00:00,"No messages sent or forms submitted. Mailbox delivery and form submission are untested. Email roles are routing heuristics, not confirmed dietary/allergy contacts."
Adel's Famous Halal Food,10237056674453852351,"1221 6th Ave, New York, NY 10020, USA",OPERATIONAL,adelsfamoushalalfood@gmail.com,https://www.adelsfamousnyc.com/ | https://www.adelsfamousnyc.com/location/adels-famous-halal-food/,,,,,,,email,http://adelsfamousnyc.com/,(866) 492-3357,2026-10-03T21:48:04.096065+00:00,"No messages sent or forms submitted. Mailbox delivery and form submission are untested. Email roles are routing heuristics, not confirmed dietary/allergy contacts."
Fat Cat Flatbread,259169268581998987,"Foot Court #6, 133-35, Roosevelt Ave, Flushing, NY 11354, USA",OPERATIONAL,,,,,,,,,no_text_route_found_in_checked_sources,,(929) 758-8666,2026-10-04T20:48:53.358517+00:00,No messages sent or forms submitted. Mailbox delivery and form submission are untested.
Fu Yuan,2597568830429443170,"135-43 Roosevelt Ave, Flushing, NY 11354, USA",OPERATIONAL,,,,,,,,,no_text_route_found_in_checked_sources,,(347) 732-9882,2026-10-04T20:49:07.929972+00:00,No messages sent or forms submitted. Mailbox delivery and form submission are untested.
Friendship BBQ,13395077635338668661,"136-76 39th Ave, Flushing, NY 11354, USA",OPERATIONAL,yangsong1201@gmail.com,https://www.friendshipbbq.com/ | https://www.friendshipbbq.com/about | https://www.friendshipbbq.com/contact,,,,,,,email,https://www.friendshipbbq.com/,(347) 542-3909,2026-10-03T21:48:50.684370+00:00,"No messages sent or forms submitted. Mailbox delivery and form submission are untested. Email roles are routing heuristics, not confirmed dietary/allergy contacts."
Iki,2836986319627678811,"133-42 39th Ave STE H04, Flushing, NY 11354, USA",OPERATIONAL,info@ikicuisine.com,https://ikirestaurant.com/,,,,,,,email,http://ikirestaurant.com/,(718) 939-3388,2026-10-03T21:49:01.543770+00:00,"No messages sent or forms submitted. Mailbox delivery and form submission are untested. Email roles are routing heuristics, not confirmed dietary/allergy contacts."
Maiko Matcha Cafe,18314836928205203278,"133-33 39th Ave, fh21, Flushing, NY 11354, USA",OPERATIONAL,,,https://www.matchacafe-maiko.com/eng/contact/,,,https://www.facebook.com/matchacafemaikohawaii | https://www.instagram.com/matchastand_maiko/,,,general_contact_form,https://www.matchacafe-maiko.com/eng/,(718) 219-0011,2026-10-04T20:49:10.469492+00:00,"No messages sent or forms submitted. Mailbox delivery and form submission are untested. Social links are leads, not proof that private messaging is enabled; login may be required."
HAGS,16597532501982958891,"163 1st Ave, New York, NY 10003, USA",OPERATIONAL,info@hagsnyc.com,https://hagsnyc.com/,,,,,,,email,https://hagsnyc.com/,,2026-10-03T22:09:01.282212+00:00,"No messages sent or forms submitted. Mailbox delivery and form submission are untested. Email roles are routing heuristics, not confirmed dietary/allergy contacts."
Brodo - East Village,14592839603008830214,"200 1st Ave, New York, NY 10009, USA",OPERATIONAL,,,,,,https://www.facebook.com/brodonyc/ | https://www.instagram.com/brodo/,,,social_profile_leads_only,http://brodo.com/,,2026-10-04T20:49:31.591480+00:00,"No messages sent or forms submitted. Mailbox delivery and form submission are untested. Social links are leads, not proof that private messaging is enabled; login may be required."
Golden Diner,4000249899603926253,"123 Madison St, New York, NY 10002, USA",OPERATIONAL,talkto@goldendinerny.com,https://www.goldendinerny.com/ | https://www.goldendinerny.com/about | https://www.goldendinerny.com/events-and-catering | https://www.goldendinerny.com/faq,,,,,,,email,http://www.goldendinerny.com/,(917) 472-7800,2026-10-03T21:48:53.771700+00:00,"No messages sent or forms submitted. Mailbox delivery and form submission are untested. Email roles are routing heuristics, not confirmed dietary/allergy contacts."
Gai Kitchen,13787995095126509803,"51 Mott St, New York, NY 10013, USA",OPERATIONAL,gaikitchenchinatown@gmail.com | gaikitchennyc@gmail.com,https://gaikitchen.com/ | https://gaikitchen.com/page/contact-us,https://gaikitchen.com/page/contact-us,,,https://www.facebook.com/p/Gai-Kitchen-100085690188005/ | https://www.facebook.com/people/Gai-Kitchen/100085690188005/ | https://www.facebook.com/profile.php?id=100085690188005 | https://www.instagram.com/gaikitchen/ | https://www.instagram.com/gaikitchen/?hl=en,,,email_and_form,https://www.grubhub.com/restaurant/gai-kitchen-51-mott-street-new-york/4611272,(646) 861-3798,2026-10-04T20:49:41.456805+00:00,"No messages sent or forms submitted. Mailbox delivery and form submission are untested. Social links are leads, not proof that private messaging is enabled; login may be required. Email roles are routing heuristics, not confirmed dietary/allergy contacts."
Vezzo NYC Thin Crust Pizza,16292299526609682460,"178 Lexington Ave, New York, NY 10016, USA",OPERATIONAL,,,https://www.nycthincrust.com/contact/,,,https://www.facebook.com/TappoThinCrust/ | https://www.instagram.com/tappothincrust,,,general_contact_form,https://www.nycthincrust.com/location/vezzo-thin-crust/,(212) 839-8300,2026-10-04T20:49:42.959252+00:00,"No messages sent or forms submitted. Mailbox delivery and form submission are untested. Social links are leads, not proof that private messaging is enabled; login may be required."
Bengal Tiger,1316330181988997886,"234 W 56th St, New York, NY 10019, USA",OPERATIONAL,bengaltigerindianfood@gmail.com,https://www.bengaltigerindianfood.com/,,,,,,,email,http://www.bengaltigerindianfood.com/,(212) 265-2703,2026-10-03T21:48:08.889250+00:00,"No messages sent or forms submitted. Mailbox delivery and form submission are untested. Email roles are routing heuristics, not confirmed dietary/allergy contacts."
Çka Ka Qëllue,3884454714630636350,"118 E 31st St, New York, NY 10016, USA",OPERATIONAL,info@ckakaqellu.com,https://ckakaqellu.com/new-york/,,,,,,,email,https://ckakaqellue.com/,(212) 213-2082,2026-10-03T21:49:06.947022+00:00,"No messages sent or forms submitted. Mailbox delivery and form submission are untested. Email roles are routing heuristics, not confirmed dietary/allergy contacts."
Lena's Italian Kitchen (UES),17213478725624641602,"1167 2nd Ave, New York, NY 10065, USA",OPERATIONAL,,,https://www.lenasitaliankitchen.com/contact-us/,,,https://www.instagram.com/lenasitaliankitchen/,,,general_contact_form,https://www.lenasitaliankitchen.com/,(212) 725-5362,2026-10-04T20:49:45.086276+00:00,"No messages sent or forms submitted. Mailbox delivery and form submission are untested. Social links are leads, not proof that private messaging is enabled; login may be required."
Walter's Hot Dogs - Mamaroneck,6748808930051597260,"937 Palmer Ave, Mamaroneck, NY 10543, USA",OPERATIONAL,info@waltershotdogs.com | truck@waltershotdogs.com,http://www.waltershotdogs.com/ | http://www.waltershotdogs.com/about | http://www.waltershotdogs.com/new-page-2,,hiring@waltershotdogs.com (careers) | press@waltershotdogs.com (press/marketing),,,,,email,http://www.waltershotdogs.com/,(914) 500-5029,2026-10-03T21:50:23.428137+00:00,"No messages sent or forms submitted. Mailbox delivery and form submission are untested. Email roles are routing heuristics, not confirmed dietary/allergy contacts."
Lulu and Dino Cafe Bakery,3676804135467272125,"219-02 Northern Blvd, Bayside, NY 11361, USA",OPERATIONAL,info@luludinocafe.com,https://lulu-dino.square.site/,,,,,,,email,http://luludinocafe.com/,(718) 734-2740,2026-10-03T22:09:47.288968+00:00,"No messages sent or forms submitted. Mailbox delivery and form submission are untested. Email roles are routing heuristics, not confirmed dietary/allergy contacts."
Bodega Truck,17214108576841142440,,OPERATIONAL,bodegacity@icloud.com,https://www.bodegacity.com/contact,,,,,,,email,http://www.bodegatruck.com/,(347) 734-3787,2026-10-03T22:07:05.134719+00:00,"No messages sent or forms submitted. Mailbox delivery and form submission are untested. Email roles are routing heuristics, not confirmed dietary/allergy contacts."
Karczma,14683518994469837853,"136 Greenpoint Ave, Brooklyn, NY 11222, USA",OPERATIONAL,info@karczmabrooklyn.com,https://karczmabrooklyn.com/en/ | https://karczmabrooklyn.com/en/contact/,,,,,,,email,http://karczmabrooklyn.com/en/,(718) 349-1744,2026-10-03T21:49:08.224962+00:00,"No messages sent or forms submitted. Mailbox delivery and form submission are untested. Email roles are routing heuristics, not confirmed dietary/allergy contacts."
Win Son Bakery,9746463236990346255,"164 Graham Ave, Brooklyn, NY 11206, USA",OPERATIONAL,bakery@winsonbrooklyn.com,https://winsonbrooklyn.com/bakery,,,,https://www.facebook.com/winsonbakery/ | https://www.facebook.com/winsonbakery2/,,,email,http://winsonbrooklyn.com/,(917) 909-1725,2026-10-04T20:50:13.816931+00:00,"No messages sent or forms submitted. Mailbox delivery and form submission are untested. Social links are leads, not proof that private messaging is enabled; login may be required. Email roles are routing heuristics, not confirmed dietary/allergy contacts. Some lookups failed or were blocked; missing contacts are not proof none exist."
Caravan Chicken,7091414710069322262,"35-01 Broadway, Astoria, NY 11106, USA",OPERATIONAL,,,,,,,,,no_text_route_found_in_checked_sources,,(718) 545-3980,2026-10-04T20:50:44.780939+00:00,No messages sent or forms submitted. Mailbox delivery and form submission are untested. Some lookups failed or were blocked; missing contacts are not proof none exist.
Pasta Louise Cafe,12659185349508357802,"803 8th Ave, Brooklyn, NY 11215, USA",OPERATIONAL,cheers@pastalouise.com,https://www.barlouisenyc.com/about,https://www.pastalouise.com/contact/,,,https://www.facebook.com/pastalouise/ | https://www.instagram.com/pastalouise/,,,email_and_form,https://www.pastalouise.com/,(347) 725-3883,2026-10-04T20:52:05.478989+00:00,"No messages sent or forms submitted. Mailbox delivery and form submission are untested. Social links are leads, not proof that private messaging is enabled; login may be required. Email roles are routing heuristics, not confirmed dietary/allergy contacts. cheers@pastalouise.com: Shared restaurant-group/sister-venue contact, not a verified cafe-specific mailbox. Confirm cafe routing before disclosing allergy information."
Wo Hop,4768456060900197549,"17 Mott St, New York, NY 10013, USA",OPERATIONAL,,,,,,https://www.facebook.com/Wo-Hop-17-Restaurant-1424519614340490/ | https://www.facebook.com/wohop17/ | https://www.instagram.com/wohop17/?hl=en,,,social_profile_leads_only,http://wohop17.com/,(212) 962-8617,2026-10-04T20:52:15.493800+00:00,"No messages sent or forms submitted. Mailbox delivery and form submission are untested. Social links are leads, not proof that private messaging is enabled; login may be required."
Bigoi Venezia,17370713238998827276,"1415 2nd Ave, New York, NY 10021, USA",OPERATIONAL,contact@bigoivenezia.com,https://bigoivenezia.com/ | https://bigoivenezia.com/new-york-manhattan-bigoi-venezia-about,,,,,,,email,http://www.bigoivenezia.com/,(917) 262-0680,2026-10-03T21:48:09.837191+00:00,"No messages sent or forms submitted. Mailbox delivery and form submission are untested. Email roles are routing heuristics, not confirmed dietary/allergy contacts."
Spiga Restaurant,5885033136080102125,"57 W 84th St, New York, NY 10024, USA",OPERATIONAL,spigarestaurantnyc@gmail.com,https://spigarestaurantnyc.com/ | https://spigarestaurantnyc.com/new-york-upper-west-side-spiga-trattoria-about,,,,,,,email,http://spigarestaurantnyc.com/,(212) 874-0008,2026-10-03T21:49:59.509200+00:00,"No messages sent or forms submitted. Mailbox delivery and form submission are untested. Email roles are routing heuristics, not confirmed dietary/allergy contacts."
Go Nonna,6350413677211365553,"44-64 11th St, Long Island City, NY 11101, USA",OPERATIONAL,gononnalic@gmail.com,https://gononna.com/,,,,,,,email,http://gononna.com/,(718) 440-9914,2026-10-03T21:48:52.223229+00:00,"No messages sent or forms submitted. Mailbox delivery and form submission are untested. Email roles are routing heuristics, not confirmed dietary/allergy contacts."
Coffee Project New York | Hell's Kitchen,12969159926928517608,"401 W 53rd St, New York, NY 10019, USA",OPERATIONAL,,,https://coffeeprojectny.com/contact/,,,https://www.facebook.com/1488169071405559/,,,general_contact_form,http://www.coffeeprojectny.com/,(917) 388-2268,2026-10-04T20:52:20.435855+00:00,"No messages sent or forms submitted. Mailbox delivery and form submission are untested. Social links are leads, not proof that private messaging is enabled; login may be required."
375° Chicken 'n Fries,506246199525196958,"649 9th Ave, New York, NY 10036, USA",OPERATIONAL,,,https://www.375chicken.com/contact,,,https://www.facebook.com/profile.php?id=100063537995420 | https://www.instagram.com/375chicken/,,,general_contact_form,https://www.375chicken.com/,(646) 866-7035,2026-10-04T20:52:21.846524+00:00,"No messages sent or forms submitted. Mailbox delivery and form submission are untested. Social links are leads, not proof that private messaging is enabled; login may be required."
pinkFROG cafe,5677805535544769973,"221 N 9th St, Brooklyn, NY 11211, USA",OPERATIONAL,hello@pinkfrogcafe.com,https://pinkfrogcafe.com/ | https://pinkfrogcafe.com/?page_id=10729 | https://pinkfrogcafe.com/?page_id=135,,eventpinkfrogcafe@gmail.com (events/catering),,,,,email,http://pinkfrogcafe.com/,(646) 694-0608,2026-10-03T21:49:44.742769+00:00,"No messages sent or forms submitted. Mailbox delivery and form submission are untested. Email roles are routing heuristics, not confirmed dietary/allergy contacts."
Taiyaki NYC Japanese Ice Cream,9938863642738844522,"119 Baxter St, New York, NY 10013, USA",OPERATIONAL,info@taiyakinyc.com,https://taiyakinyc.com/ | https://taiyakinyc.com/about | https://taiyakinyc.com/allergen-information | https://taiyakinyc.com/catering | https://taiyakinyc.com/contact | https://taiyakinyc.com/presslog/circanews,,,,,,,email,http://taiyakinyc.com/,(212) 966-2882,2026-10-03T21:50:02.267578+00:00,"No messages sent or forms submitted. Mailbox delivery and form submission are untested. Email roles are routing heuristics, not confirmed dietary/allergy contacts."
Hometown Bar-B-Que,1094684385557750178,"454 Van Brunt St, Brooklyn, NY 11231, USA",OPERATIONAL,info@hometownbarbque.com | info@hometownbbq.com,https://hometownbbq.com/ | https://hometownbbq.com/eat-together | https://hometownbbq.com/event-catering,,,,,,,email,http://www.hometownbarbque.com/,(347) 294-4644,2026-10-03T21:48:58.157929+00:00,"No messages sent or forms submitted. Mailbox delivery and form submission are untested. Email roles are routing heuristics, not confirmed dietary/allergy contacts."
Voilà Afrique,3979635523894795920,"Inside Giant Farmers Market, 324 Main St, Hackensack, NJ 07601, USA",OPERATIONAL,voilaafrique@yahoo.com,https://voilaafrique.com/ | https://voilaafrique.com/hackensack-hackensack-voila-afrique-about,,,,,,,email,http://voilaafrique.com/,(917) 327-3510,2026-10-03T21:50:22.945072+00:00,"No messages sent or forms submitted. Mailbox delivery and form submission are untested. Email roles are routing heuristics, not confirmed dietary/allergy contacts."
Tortas Neza,8624709667498491113,"104-58 Roosevelt Ave, Flushing, NY 11368, USA",OPERATIONAL,,,,,,https://www.facebook.com/Tortas-Neza-896684927123739/ | https://www.facebook.com/p/Tortas-Neza-100063750061179/,,,social_profile_leads_only,https://tortasnezany.com/,(347) 666-1517,2026-10-04T20:52:28.273893+00:00,"No messages sent or forms submitted. Mailbox delivery and form submission are untested. Social links are leads, not proof that private messaging is enabled; login may be required. Some lookups failed or were blocked; missing contacts are not proof none exist."
French Louie,17040455239046672288,"320 Atlantic Ave, Brooklyn, NY 11201, USA",OPERATIONAL,,,,,,,,,no_text_route_found_in_checked_sources,http://frenchlouienyc.com/,(718) 935-1200,2026-10-04T20:52:35.199837+00:00,No messages sent or forms submitted. Mailbox delivery and form submission are untested.
Falafel Tanami,11086298431954943696,"1305 E 17th St, Brooklyn, NY 11230, USA",OPERATIONAL,,,,,,https://www.facebook.com/FalafelTanami/ | https://www.facebook.com/TanamiBK/about/,,,social_profile_leads_only,http://www.falafeltanami.getsauce.com/?utm_source=GMB&utm_medium=Website%20button&utm_id=Falafel%20Tanami,(718) 483-9100,2026-10-04T20:52:47.802423+00:00,"No messages sent or forms submitted. Mailbox delivery and form submission are untested. Social links are leads, not proof that private messaging is enabled; login may be required."
Jua,16097145325290330229,"36 E 22nd St, New York, NY 10010, USA",OPERATIONAL,info@juanyc.com,https://juanyc.com/about | https://juanyc.com/event | https://juanyc.com/reservation,,,,,,,email,http://www.juanyc.com/,(646) 590-1598,2026-10-03T21:49:06.542798+00:00,"No messages sent or forms submitted. Mailbox delivery and form submission are untested. Email roles are routing heuristics, not confirmed dietary/allergy contacts."
Rolo’s,14239410717641982050,"853 Onderdonk Ave, Ridgewood, NY 11385, USA",OPERATIONAL,info@rolosnyc.com,https://www.rolosnyc.com/ | https://www.rolosnyc.com/location/rolos/,,bigparties@rolosnyc.com (events/catering),,,,,email,http://www.rolosnyc.com/,,2026-10-03T21:49:50.700982+00:00,"No messages sent or forms submitted. Mailbox delivery and form submission are untested. Email roles are routing heuristics, not confirmed dietary/allergy contacts."
Handsome Rice,5321526595195290672,"133 E 31st St, New York, NY 10016, USA",OPERATIONAL,handsomericenyc@gmail.com | hello@handsomerice.com,https://www.handsomerice.com/ | https://www.handsomerice.com/general-5,,,,,,,email,http://www.handsomerice.com/,(917) 965-2944,2026-10-03T21:48:57.064497+00:00,"No messages sent or forms submitted. Mailbox delivery and form submission are untested. Email roles are routing heuristics, not confirmed dietary/allergy contacts."
Haile,14953948746265002446,"182 Avenue B #1, New York, NY 10009, USA",OPERATIONAL,,,,,,https://www.facebook.com/HaileBistro/,,,social_profile_leads_only,http://hailecuisine.com/,(212) 673-8949,2026-10-04T20:52:57.145930+00:00,"No messages sent or forms submitted. Mailbox delivery and form submission are untested. Social links are leads, not proof that private messaging is enabled; login may be required. Some lookups failed or were blocked; missing contacts are not proof none exist."
Steve's Authentic Key Lime Pie,5125498463329484593,"185 Van Dyke St, Brooklyn, NY 11231, USA",OPERATIONAL,,,,,,https://www.facebook.com/steves.authentic/,inquiry@keylime.com,inquiry@keylime.com: Restaurant-specific address published by a third-party source; business ownership/current use not confirmed. Do not disclose allergy information before confirming the recipient.,unverified_email_leads_only,https://keylime.com/,(718) 858-5333,2026-10-04T20:53:00.846251+00:00,"No messages sent or forms submitted. Mailbox delivery and form submission are untested. Social links are leads, not proof that private messaging is enabled; login may be required."
CHELI MANHATTAN 浙里,16924523951320545668,"19 St Marks Pl, New York, NY 10003, USA",OPERATIONAL,,,,cheli.press@gmail.com (press/marketing),,,,,limited_purpose_only,http://www.che-li.com/,(646) 858-1866,2026-10-03T22:08:11.448154+00:00,"No messages sent or forms submitted. Mailbox delivery and form submission are untested. Email roles are routing heuristics, not confirmed dietary/allergy contacts."
Semma,9647155204543834055,"60 Greenwich Ave, New York, NY 10011, USA",OPERATIONAL,hello@semma.nyc,https://www.semma.nyc/ | https://www.semma.nyc/draft-events,,press@uafoods.nyc (press/marketing),,,,,email,http://semma.nyc/,,2026-10-03T21:49:55.745852+00:00,"No messages sent or forms submitted. Mailbox delivery and form submission are untested. Email roles are routing heuristics, not confirmed dietary/allergy contacts."
Ba Xuyên,9760671949773415119,"4222 8th Ave, Brooklyn, NY 11232, USA",OPERATIONAL,,,,,,,,,no_text_route_found_in_checked_sources,https://orderbaxuyen.com/,(718) 633-6601,2026-10-04T20:53:15.459397+00:00,No messages sent or forms submitted. Mailbox delivery and form submission are untested.
Döner Haus,12480295216927689248,"240 E 14th St, New York, NY 10003, USA",OPERATIONAL,info@doner.haus,https://doner.haus/contact,,,,,,,email,https://www.doner.haus/,(914) 275-0840,2026-10-03T21:48:30.837253+00:00,"No messages sent or forms submitted. Mailbox delivery and form submission are untested. Email roles are routing heuristics, not confirmed dietary/allergy contacts."
Kong Sihk Tong,10748335056092115031,"65 Bayard St, New York, NY 10013, USA",OPERATIONAL,,,,,,https://www.facebook.com/people/Kong-Sihk-Tong-KST/100063929327030/ | https://www.instagram.com/kongsihktong/,kstchinatown88@gmail.com,"kstchinatown88@gmail.com: Primary applicant/correspondence mailbox in a 2020 trademark application matching 65 Bayard Street. Legal/registration source, not verified as a current customer contact.",unverified_email_leads_only,https://kongsihktong.com/,(646) 850-6140,2026-10-04T20:53:17.025144+00:00,"No messages sent or forms submitted. Mailbox delivery and form submission are untested. Social links are leads, not proof that private messaging is enabled; login may be required."
All'Antico Vinaio,6409947166988064911,"225 Sullivan St, New York, NY 10012, USA",OPERATIONAL,info@allanticovinaionyc.com,https://www.allanticovinaiousa.com/ | https://www.allanticovinaiousa.com/about-us/ | https://www.allanticovinaiousa.com/contact/ | https://www.allanticovinaiousa.com/private-events/ | https://www.allanticovinaiousa.com/store-locator/,,press@allanticovinaiousa.com (press/marketing),,,,,email,https://www.allanticovinaiousa.com/,(917) 672-2641,2026-10-03T21:48:05.209465+00:00,"No messages sent or forms submitted. Mailbox delivery and form submission are untested. Email roles are routing heuristics, not confirmed dietary/allergy contacts."
Coffee Project New York | Chelsea,5191776571549983482,"155 7th Ave, New York, NY 10011, USA",OPERATIONAL,,,https://coffeeprojectny.com/contact/,,,https://www.facebook.com/coffeeprojectny.eastvillage/ | https://www.facebook.com/coffeeprojectny/,,,general_contact_form,https://coffeeprojectny.com/?utm_source=google&utm_medium=organic&utm_campaign=gmb_ch,(917) 388-3399,2026-10-04T20:53:21.579684+00:00,"No messages sent or forms submitted. Mailbox delivery and form submission are untested. Social links are leads, not proof that private messaging is enabled; login may be required."
Ray's Candy Store,5721710366205074679,"113 Avenue A, New York, NY 10009, USA",OPERATIONAL,,,,,,https://www.facebook.com/RaysCandyStoreNYC/,,,social_profile_leads_only,http://www.rayscandystore.com/,,2026-10-04T20:53:36.186086+00:00,"No messages sent or forms submitted. Mailbox delivery and form submission are untested. Social links are leads, not proof that private messaging is enabled; login may be required."
Saigon Shack,5171944737705201929,"114 MacDougal St, New York, NY 10012, USA",OPERATIONAL,saigonshack114@gmail.com,https://www.saigonshack.com/ | https://www.saigonshack.com/contact,,,,,,,email,http://saigonshack.com/,(212) 228-0588,2026-10-03T21:49:51.428228+00:00,"No messages sent or forms submitted. Mailbox delivery and form submission are untested. Email roles are routing heuristics, not confirmed dietary/allergy contacts."
Cafe W & Bakery / Dessert,15643694756987022989,"35-29 154th St, Queens, NY 11354, USA",OPERATIONAL,management@cafew.com | order@cafew.com,https://cafew.com/ | https://cafew.com/about | https://cafew.com/location | https://cafew.com/reservation,,,,,,,email,https://cafew.com/,(718) 799-0264,2026-10-03T21:48:14.426338+00:00,"No messages sent or forms submitted. Mailbox delivery and form submission are untested. Email roles are routing heuristics, not confirmed dietary/allergy contacts."
Mexicocina Mezcaleria,6201826531685934909,"503 Jackson Ave, Bronx, NY 10455, USA",OPERATIONAL,,,https://mexicocinanyc.com/contact-us/,,,,,,general_contact_form,http://mexicocinanyc.com/,(347) 498-1055,2026-10-04T20:53:37.704090+00:00,No messages sent or forms submitted. Mailbox delivery and form submission are untested.
Mtskheta Cafe,5157574877634861755,"2568 86th St, Brooklyn, NY 11214, USA",OPERATIONAL,,,,,,,,,no_text_route_found_in_checked_sources,https://www.facebook.com/Mtskheta-Cafe-196702580341113/,(718) 676-1868,2026-10-04T20:53:49.507599+00:00,No messages sent or forms submitted. Mailbox delivery and form submission are untested.
Ubani - Bay Ridge,15632242401924124877,"8309 3rd Ave, Brooklyn, NY 11209, USA",OPERATIONAL,,,,,,,,,no_text_route_found_in_checked_sources,https://ubaniny.com/,(718) 333-5363,2026-10-04T20:54:23.793321+00:00,No messages sent or forms submitted. Mailbox delivery and form submission are untested. Some lookups failed or were blocked; missing contacts are not proof none exist.
Chavela's,11063974879855678350,"736 Franklin Ave, Brooklyn, NY 11238, USA",OPERATIONAL,,,,,,https://www.facebook.com/ChavelasRestaurantNYC/ | https://www.instagram.com/chavelasnyc/?hl=es,d.detoy@chavelasnyc.com | info@chavelasnyc.com,d.detoy@chavelasnyc.com: Restaurant-specific address published by a third-party source; business ownership/current use not confirmed. Do not disclose allergy information before confirming the recipient. | info@chavelasnyc.com: Restaurant-specific address published by a third-party source; business ownership/current use not confirmed. Do not disclose allergy information before confirming the recipient.,unverified_email_leads_only,http://chavelasnyc.com/,(718) 622-3100,2026-10-04T20:54:37.263180+00:00,"No messages sent or forms submitted. Mailbox delivery and form submission are untested. Social links are leads, not proof that private messaging is enabled; login may be required."
Kung Fu Little Steamed Buns Ramen,4828226785207487210,"146 E 55th St, New York, NY 10022, USA",OPERATIONAL,,,,,,,,,no_text_route_found_in_checked_sources,https://kungfutogo.com/,(212) 804-8556,2026-10-04T20:54:50.874727+00:00,No messages sent or forms submitted. Mailbox delivery and form submission are untested.
For All Things Good Bed-Stuy,14797985381113345126,"343 Franklin Ave, Brooklyn, NY 11238, USA",OPERATIONAL,,,https://www.forallthingsgoodbk.com/contact,,,https://www.instagram.com/forallthingsgoodbk/,,,general_contact_form,http://forallthingsgoodbk.com/,(646) 238-2068,2026-10-04T20:54:54.362936+00:00,"No messages sent or forms submitted. Mailbox delivery and form submission are untested. Social links are leads, not proof that private messaging is enabled; login may be required."
TONCHIN NEW YORK,5095634395467051887,"13 W 36th St., New York, NY 10018, USA",OPERATIONAL,,,https://www.tonchinus.com/contact-us,,,https://www.facebook.com/tonchinnyc/ | https://www.instagram.com/tonchinus/,,,general_contact_form,https://tonchinus.com/,(646) 692-9912,2026-10-04T20:54:55.430281+00:00,"No messages sent or forms submitted. Mailbox delivery and form submission are untested. Social links are leads, not proof that private messaging is enabled; login may be required."
Sobaya,5964181862579498887,"229 E 9th St, New York, NY 10003, USA",OPERATIONAL,info@sobaya-nyc.com,https://sobaya.square.site/,,,,https://www.instagram.com/sobaya.nyc/,,,email,http://www.sobaya-nyc.com/,(212) 533-6966,2026-10-04T20:54:58.223900+00:00,"No messages sent or forms submitted. Mailbox delivery and form submission are untested. Social links are leads, not proof that private messaging is enabled; login may be required. Email roles are routing heuristics, not confirmed dietary/allergy contacts."
Nyonya,7688614298524263028,"199 Grand St, New York, NY 10013, USA",OPERATIONAL,,,,,,,,,no_text_route_found_in_checked_sources,https://nyonya.store/,(212) 334-3669,2026-10-04T20:55:03.768450+00:00,No messages sent or forms submitted. Mailbox delivery and form submission are untested.
Omusubi Gonbei,3431354121350001699,"370 Lexington Ave, New York, NY 10017, USA",OPERATIONAL,,,,,,https://www.instagram.com/omusubigonbei_france/ | https://www.instagram.com/omusubigonbei_us/,,,social_profile_leads_only,http://www.omusubi-gonbei.com/en/,(917) 472-7025,2026-10-04T20:55:30.945967+00:00,"No messages sent or forms submitted. Mailbox delivery and form submission are untested. Social links are leads, not proof that private messaging is enabled; login may be required."
Yummy Noodle House,16404464916640054482,"33-35 Francis Lewis Blvd, Flushing, NY 11358, USA",OPERATIONAL,yummynoodlehousenyc@gmail.com,https://yummynoodlehousenyc.wixsite.com/home | https://yummynoodlehousenyc.wixsite.com/home/contact | https://yummynoodlehousenyc.wixsite.com/home/contact-us,,,,,,,email,https://yummynoodlehousenyc.wixsite.com/home,(718) 888-7848,2026-10-03T21:50:26.533421+00:00,"No messages sent or forms submitted. Mailbox delivery and form submission are untested. Email roles are routing heuristics, not confirmed dietary/allergy contacts."
Om Wok,11648506349746079878,"89-17 Northern Blvd, Jackson Heights, NY 11372, USA",OPERATIONAL,,,,,,https://www.facebook.com/p/Om-Wok-100070394431550/,,,social_profile_leads_only,https://www.omwokmenu.com/,(718) 639-8800,2026-10-04T20:55:43.159063+00:00,"No messages sent or forms submitted. Mailbox delivery and form submission are untested. Social links are leads, not proof that private messaging is enabled; login may be required."
Shanghai You Garden,4760850291251534227,"135-33 40th Rd, Flushing, NY 11354, USA",OPERATIONAL,,,,,,https://www.facebook.com/ShanghaiYouGardenNYC/ | https://www.instagram.com/shanghaiyougarden/,,,social_profile_leads_only,https://www.shanghaiyougardennyc.com/,(718) 886-2286,2026-10-04T20:55:54.067102+00:00,"No messages sent or forms submitted. Mailbox delivery and form submission are untested. Social links are leads, not proof that private messaging is enabled; login may be required."
S Wan Cafe,12639773439199160587,"85 Eldridge St, New York, NY 10002, USA",OPERATIONAL,,,,,,https://www.facebook.com/profile.php/?id=100860169959366,,,social_profile_leads_only,,(212) 966-8269,2026-10-04T20:56:02.478435+00:00,"No messages sent or forms submitted. Mailbox delivery and form submission are untested. Social links are leads, not proof that private messaging is enabled; login may be required."
Ootoya Times Square,7170979597550604571,"141 W 41st St, New York, NY 10036, USA",OPERATIONAL,chelsea@ootoya.us | corporate@ootoya.us | timessquare@ootoya.us | unionsquare@ootoya.us,https://www.ootoya.us/about | https://www.ootoya.us/join-our-team | https://www.ootoya.us/locations | https://www.ootoya.us/reservations,,recruit@ootoya.us (careers),,,,,email,http://ootoya.us/,(212) 704-0833,2026-10-03T21:49:39.266649+00:00,"No messages sent or forms submitted. Mailbox delivery and form submission are untested. Email roles are routing heuristics, not confirmed dietary/allergy contacts."
Momo Crave,11780410401205593046,"38-07 69th St, Woodside, NY 11377, USA",OPERATIONAL,momocrave@gmail.com | whoisanup@gmail.com,https://momocrave.com/,,,,,,,email,https://momocrave.com/,(718) 255-1714,2026-10-03T21:49:29.166026+00:00,"No messages sent or forms submitted. Mailbox delivery and form submission are untested. Email roles are routing heuristics, not confirmed dietary/allergy contacts."
Emily,8025592648345834275,"919 Fulton St, Brooklyn, NY 11238, USA",OPERATIONAL,hello@emilybrooklyn.com,https://www.pizzalovesemily.com/location/brooklyn/,,catering@pizzalovesemily.com (events/catering),,,,,email,https://www.pizzalovesemily.com/location/brooklyn/,(347) 844-9588,2026-10-03T21:48:39.379469+00:00,"No messages sent or forms submitted. Mailbox delivery and form submission are untested. Email roles are routing heuristics, not confirmed dietary/allergy contacts."
Calle Dao,17596097098839429423,"38 W 39th St, New York, NY 10018, USA",OPERATIONAL,,,https://www.calledao.com/contact/,,,https://www.facebook.com/CalleDaoNYC/ | https://www.instagram.com/calledaonyc/,,,general_contact_form,https://www.calledao.com/location/calle-dao-bryant-park/,(646) 476-5696,2026-10-04T20:56:04.039362+00:00,"No messages sent or forms submitted. Mailbox delivery and form submission are untested. Social links are leads, not proof that private messaging is enabled; login may be required."
Meijin Ramen,15033858259812608396,"1574 2nd Ave, New York, NY 10028, USA",OPERATIONAL,meijinramen@gmail.com,https://www.meijinramen.com/ | https://www.meijinramen.com/about,,,,,,,email,https://www.meijinramen.com/,(212) 327-2800,2026-10-03T21:49:24.150685+00:00,"No messages sent or forms submitted. Mailbox delivery and form submission are untested. Email roles are routing heuristics, not confirmed dietary/allergy contacts."
Corgi Jianbing LIC 可吉煎饼,13061660373333470705,"44-05 Hunter St, Long Island City, NY 11101",OPERATIONAL,,,,,,,,,no_text_route_found_in_checked_sources,,(347) 685-5433,2026-10-04T20:56:18.302414+00:00,No messages sent or forms submitted. Mailbox delivery and form submission are untested.
Birria LES Saint Marks Place,8067244649699926470,"34 St Marks Pl, New York, NY 10003, USA",OPERATIONAL,,,,,,,,,no_text_route_found_in_checked_sources,,(917) 262-0970,2026-10-04T20:56:29.218769+00:00,No messages sent or forms submitted. Mailbox delivery and form submission are untested.
Mrs. Fish,11180059991966506763,"34 Pell St, New York, NY 10013, USA",OPERATIONAL,,,,,,,,,no_text_route_found_in_checked_sources,,(212) 267-8885,2026-10-04T20:56:35.375632+00:00,No messages sent or forms submitted. Mailbox delivery and form submission are untested.
Taiwan Pork Chop House,16288395632486299010,"3 Doyers St, New York, NY 10013, USA",OPERATIONAL,,,,,website technical support: https://www.taiwanporkchop.com/reportbug,,,,limited_purpose_only,https://www.taiwanporkchop.com/,(212) 791-7007,2026-10-04T20:59:29.584091+00:00,No messages sent or forms submitted. Mailbox delivery and form submission are untested.
Pranakhon,753707069040689621,"88 University Pl, New York, NY 10003, USA",OPERATIONAL,info@pranakhonnyc.com,https://pranakhonnyc.com/,,,,,,,email,https://pranakhonnyc.com/,(212) 786-6789,2026-10-03T21:49:46.310139+00:00,"No messages sent or forms submitted. Mailbox delivery and form submission are untested. Email roles are routing heuristics, not confirmed dietary/allergy contacts."
Saranrom Thai,18090653985916178654,"8110 Broadway, Elmhurst, NY 11373, USA",OPERATIONAL,,,https://saranromthai.com/contact/,,,https://www.facebook.com/saranrom.nyc/,,,general_contact_form,https://saranromthai.dine.online/,(347) 808-0545,2026-10-04T20:59:35.580683+00:00,"No messages sent or forms submitted. Mailbox delivery and form submission are untested. Social links are leads, not proof that private messaging is enabled; login may be required."
Empanadas Cafe,4869359911306237887,"5627 Van Doren St, Corona, NY 11368, USA",OPERATIONAL,infoempanadascafe@gmail.com,https://empanadascafe.com/,,,,,,,email,http://www.empanadascafe.com/,(718) 592-7288,2026-10-03T21:48:40.325703+00:00,"No messages sent or forms submitted. Mailbox delivery and form submission are untested. Email roles are routing heuristics, not confirmed dietary/allergy contacts."
La Nueva Victoria,5473186940670172109,"2536 Broadway, New York, NY 10025, USA",OPERATIONAL,,,,,,https://www.facebook.com/LaNuevaVictoriaRestaurant/,,,social_profile_leads_only,,(212) 865-1810,2026-10-04T20:59:43.674379+00:00,"No messages sent or forms submitted. Mailbox delivery and form submission are untested. Social links are leads, not proof that private messaging is enabled; login may be required."
Nenes Taqueria,1313393509608954549,"660 Degraw St, Brooklyn, NY 11217, USA",OPERATIONAL,,,,,,,,,no_text_route_found_in_checked_sources,https://nenestaqueria.com/,(929) 607-4551,2026-10-04T21:00:30.034772+00:00,No messages sent or forms submitted. Mailbox delivery and form submission are untested. Some lookups failed or were blocked; missing contacts are not proof none exist.
Daesung korean Noodle,9855602223233361039,"45-04 162nd St, Flushing, NY 11358, USA",OPERATIONAL,,,,,,,,,no_text_route_found_in_checked_sources,https://daesungkoreannoodle.site/,(718) 460-0088,2026-10-04T21:00:41.611560+00:00,No messages sent or forms submitted. Mailbox delivery and form submission are untested.
Thirteen Water,12781873610572442462,"208 E 7th St, New York, NY 10009, USA",OPERATIONAL,hello@thirteenwaterwest.com | omakase@thirteenwater.com,https://www.thirteenwater.com/contact | https://www.thirteenwater.com/reservations,,,,,,,email,http://thirteenwater.com/,(718) 598-8556,2026-10-03T21:50:11.199043+00:00,"No messages sent or forms submitted. Mailbox delivery and form submission are untested. Email roles are routing heuristics, not confirmed dietary/allergy contacts."
Tomi Jazz,6121479050493913244,"239 E 53rd St, New York, NY 10022, USA",OPERATIONAL,,,https://www.tomijazz.com/contact/,,,,,,general_contact_form,http://www.tomijazz.com/,,2026-10-04T21:00:42.879069+00:00,No messages sent or forms submitted. Mailbox delivery and form submission are untested.
Market 57,11474939886169690106,"25 11th Ave, New York, NY 10011, USA",OPERATIONAL,pier57info@jamestownlp.com,https://pier57nyc.com/about/ | https://pier57nyc.com/bookings/privateevents/ | https://pier57nyc.com/events/ | https://pier57nyc.com/events/?events-category=market-57-food-hall | https://pier57nyc.com/location/ | https://pier57nyc.com/market-57/,,,,,,,email,https://pier57nyc.com/market-57,,2026-10-03T21:49:21.237329+00:00,"No messages sent or forms submitted. Mailbox delivery and form submission are untested. Email roles are routing heuristics, not confirmed dietary/allergy contacts."
ARIARI,7693712546969276816,"119 1st Ave, New York, NY 10003, USA",OPERATIONAL,info@ariarinyc.com,https://ariarinyc.com/ | https://ariarinyc.com/about | https://ariarinyc.com/contactus,,,,,,,email,https://ariarinyc.com/,(646) 422-7466,2026-10-03T21:48:07.199695+00:00,"No messages sent or forms submitted. Mailbox delivery and form submission are untested. Email roles are routing heuristics, not confirmed dietary/allergy contacts."
Mile End Delicatessen,3781591695421244719,"97 Hoyt St, Brooklyn, NY 11217, USA",OPERATIONAL,,,,,,,info@mileenddeli.com,info@mileenddeli.com: Restaurant-specific address published by a third-party source; business ownership/current use not confirmed. Do not disclose allergy information before confirming the recipient.,unverified_email_leads_only,http://www.mileenddeli.com/,(718) 852-7510,2026-10-04T21:00:51.477580+00:00,No messages sent or forms submitted. Mailbox delivery and form submission are untested.
Nami Nori West Village,14835147868684124242,"33 Carmine St, New York, NY 10014, USA",OPERATIONAL,info@naminori.nyc,https://www.naminori.us/ | https://www.naminori.us/atlantic-park | https://www.naminori.us/reservations,,,,,,,email,http://naminori.nyc/,(646) 998-4588,2026-10-03T21:49:32.768747+00:00,"No messages sent or forms submitted. Mailbox delivery and form submission are untested. Email roles are routing heuristics, not confirmed dietary/allergy contacts."
969 NYC Coffee,8045822350553533969,"3761 80th St, Jackson Heights, NY 11372, USA",OPERATIONAL,,,,,,,,,no_text_route_found_in_checked_sources,https://969nyccoffee.shop/,(646) 203-7304,2026-10-04T21:01:29.898974+00:00,No messages sent or forms submitted. Mailbox delivery and form submission are untested. Some lookups failed or were blocked; missing contacts are not proof none exist.
Casa Adela,7708228827112940491,"66 Loisaida Ave, New York, NY 10009, USA",OPERATIONAL,,,,,,https://www.facebook.com/p/Casa-Adela-100064056964827/ | https://www.facebook.com/people/Casa-Adela/100064056964827/,casaadelarestaurant@gmail.com,"casaadelarestaurant@gmail.com: Third-party public listing matches Casa Adela name, 66 Avenue C, and phone. Restaurant ownership/current use not confirmed; ask by phone before sharing allergy information.",unverified_email_leads_only,https://casa-adela.shop/,(212) 473-1882,2026-10-04T21:01:39.425181+00:00,"No messages sent or forms submitted. Mailbox delivery and form submission are untested. Social links are leads, not proof that private messaging is enabled; login may be required. Some lookups failed or were blocked; missing contacts are not proof none exist."
St. Anselm,6018727318801750525,"355 Metropolitan Ave, Brooklyn, NY 11211, USA",OPERATIONAL,stanselmrestaurant@gmail.com,https://www.stanselm.net/ | https://www.stanselm.net/contact,,,,,,,email,http://www.stanselm.net/,(718) 384-5054,2026-10-03T21:49:59.994740+00:00,"No messages sent or forms submitted. Mailbox delivery and form submission are untested. Email roles are routing heuristics, not confirmed dietary/allergy contacts."
West New Malaysia,6694318096916995327,"69 Bayard St, New York, NY 10013, USA",OPERATIONAL,w.n.malaysiarestaurant@gmail.com,https://westnewmalaysia.org/ | https://westnewmalaysia.org/-reservations?source=pop_up&spot_id=130693&destination=reservations&promotion=reservations | https://westnewmalaysia.org/new-york-chinatown-west-new-malaysia-catering | https://westnewmalaysia.org/new-york-chinatown-west-new-malaysia-events | https://westnewmalaysia.org/new-york-chinatown-west-new-malaysia-reservations,,,,,,,email,https://westnewmalaysia.org/,(212) 964-0284,2026-10-03T21:50:23.454447+00:00,"No messages sent or forms submitted. Mailbox delivery and form submission are untested. Email roles are routing heuristics, not confirmed dietary/allergy contacts."
dùndú,9737517409101643443,"140 E 41st St, New York, NY 10017, USA",OPERATIONAL,,,,,,,info@eatdundu.com,info@eatdundu.com: Restaurant-specific address published by a third-party source; business ownership/current use not confirmed. Do not disclose allergy information before confirming the recipient.,unverified_email_leads_only,http://www.eatdundu.com/,(646) 767-0100,2026-10-04T21:02:04.037536+00:00,No messages sent or forms submitted. Mailbox delivery and form submission are untested.
Zuma New York,11459088206792412934,"261 Madison Ave, New York, NY 10016, USA",OPERATIONAL,info.ny@zumarestaurant.us,https://www.zumarestaurant.com/en/new-york | https://www.zumarestaurant.com/en/new-york?utm_source=InfoButtonClick&utm_medium=Home&utm_campaign=GoogleBusinessProfile,,events.ny@zumarestaurant.us (events/catering),,,,,email,https://www.zumarestaurant.com/en/new-york?utm_source=InfoButtonClick&utm_medium=Home&utm_campaign=GoogleBusinessProfile,(212) 544-9862,2026-10-03T21:50:27.220647+00:00,"No messages sent or forms submitted. Mailbox delivery and form submission are untested. Email roles are routing heuristics, not confirmed dietary/allergy contacts."
Momosan Ramen & Sake,118667181793542670,"342 Lexington Ave, New York, NY 10016, USA",OPERATIONAL,info@momosanramen.com,https://momosanramen.com/takeout-and-delivery/,,,,https://instagram.com/MomosanRamen | https://www.facebook.com/MomosanRamen,,,email,http://momosanramen.com/,(646) 201-5529,2026-10-04T21:02:11.030253+00:00,"No messages sent or forms submitted. Mailbox delivery and form submission are untested. Social links are leads, not proof that private messaging is enabled; login may be required. Email roles are routing heuristics, not confirmed dietary/allergy contacts."
Radio Bakery,9128233383889069733,"135 India St, Brooklyn, NY 11222, USA",OPERATIONAL,,,https://www.radiobakery.nyc/contact,,,https://www.instagram.com/radiobakerynyc/,,,general_contact_form,http://radiobakery.nyc/,,2026-10-04T21:02:13.854522+00:00,"No messages sent or forms submitted. Mailbox delivery and form submission are untested. Social links are leads, not proof that private messaging is enabled; login may be required."
Calabash African Kitchen,7248397667907902240,"1750 S Rainbow Blvd Suite 6-8, Las Vegas, NV 89146, USA",OPERATIONAL,calabashlv@gmail.com,https://www.calabashafricankitchen.com/contact-us/,,,,,,,email,http://www.calabashafricankitchen.com/,(702) 331-6440,2026-10-03T21:48:15.792884+00:00,"No messages sent or forms submitted. Mailbox delivery and form submission are untested. Email roles are routing heuristics, not confirmed dietary/allergy contacts."
303 In the Cut,7879206639448509507,"4120 Spring Mountain Rd, Las Vegas, NV 89102, USA",OPERATIONAL,303inthecut@gmail.com | info@303inthecut.com,https://303inthecut.com/catering-%26-events | https://303inthecut.com/contact-us,,,,,,,email,http://303inthecut.com/,(702) 786-7278,2026-10-03T21:48:03.205316+00:00,"No messages sent or forms submitted. Mailbox delivery and form submission are untested. Email roles are routing heuristics, not confirmed dietary/allergy contacts."
Sam's Falafel Stand,7513293134736873657,"100 Cedar St #90, New York, NY 10006, USA",OPERATIONAL,,,,,,,,,no_text_route_found_in_checked_sources,,,2026-10-04T21:02:32.485586+00:00,No messages sent or forms submitted. Mailbox delivery and form submission are untested.
Lhasa,6124083237205411752,"177 1st Ave, New York, NY 10003, USA",OPERATIONAL,,,,,,,,,no_text_route_found_in_checked_sources,,(917) 388-2230,2026-10-04T21:02:45.111952+00:00,No messages sent or forms submitted. Mailbox delivery and form submission are untested.
King's Sandwich Shop,4495292523829767347,"701 Foster St, Durham, NC 27701, USA",OPERATIONAL,,,,,,https://www.facebook.com/100057393550811/about/ | https://www.facebook.com/profile.php?id=100057393550811 | https://www.instagram.com/kingssandwichshop/,info@kingssandwichshop.com,info@kingssandwichshop.com: Restaurant-specific address published by a third-party source; business ownership/current use not confirmed. Do not disclose allergy information before confirming the recipient.,unverified_email_leads_only,https://kingssandwichshop.com/index.html,(919) 682-0071,2026-10-04T21:02:55.731480+00:00,"No messages sent or forms submitted. Mailbox delivery and form submission are untested. Social links are leads, not proof that private messaging is enabled; login may be required."
Bullock's Bar-B-Cue,17436381961949487963,"3330 Quebec Dr, Durham, NC 27705, USA",OPERATIONAL,,,,,,https://www.facebook.com/fb-answers/barbecue-restaurants-in-durham-nc/,bullocksbbq@gmail.com,bullocksbbq@gmail.com: Restaurant-specific address published by a third-party source; business ownership/current use not confirmed. Do not disclose allergy information before confirming the recipient.,unverified_email_leads_only,http://www.bullocks-bbq.com/,(919) 383-3211,2026-10-04T21:03:09.717773+00:00,"No messages sent or forms submitted. Mailbox delivery and form submission are untested. Social links are leads, not proof that private messaging is enabled; login may be required. Some lookups failed or were blocked; missing contacts are not proof none exist."
Ama’Gees Jamaican Cuisine,11787504368950996370,"911 Fayetteville St, Durham, NC 27701, USA",OPERATIONAL,amageesjafood@gmail.com,https://www.amagees.com/contact-us,,,,,,,email,http://amagees.com/,(919) 450-6351,2026-10-03T21:48:05.247387+00:00,"No messages sent or forms submitted. Mailbox delivery and form submission are untested. Email roles are routing heuristics, not confirmed dietary/allergy contacts."
