Name,Place ID,Address,Email,Role,Suggested For Allergy Inquiry,Source URLs,Checked At,Publication and Routing Notes,Delivery Tested,Website
12 Matcha,ChIJYQM4uYJZwokRtU7IAZdSHZ0,"54 Bond St, New York, NY 10012, USA",info@12matcha.com,general/unspecified,True,https://www.12matcha.com/contact,2026-10-03T21:59:53.830329+00:00,,False,https://12matcha.com/
303 In the Cut,ChIJl1ffnv1GrY0RQ0w6WLGQWG0,"4120 Spring Mountain Rd, Las Vegas, NV 89102, USA",303inthecut@gmail.com,general/unspecified,True,https://303inthecut.com/catering-%26-events,2026-10-03T21:48:03.205316+00:00,,False,http://303inthecut.com/
303 In the Cut,ChIJl1ffnv1GrY0RQ0w6WLGQWG0,"4120 Spring Mountain Rd, Las Vegas, NV 89102, USA",info@303inthecut.com,general/unspecified,True,https://303inthecut.com/contact-us,2026-10-03T21:48:03.205316+00:00,,False,http://303inthecut.com/
375° Chicken 'n Fries,ChIJ4VMjWotZwokRnkSXezyMBgc,"649 9th Ave, New York, NY 10036, USA",info@375chicken.com,privacy/legal,False,https://www.375chicken.com/privacy-policy,2026-10-05T08:21:32.554233+00:00,"Brand-level general address on official legal/contact page rather than a branch-specific mailbox; no branch-specific email was published anywhere on the site. Contact-page form kept as fallback. Parent reinspection confirms explicit Statement of Privacy-only questions/comments, not general despite info local-part. Brand operator website identifies saved Hells Kitchen branch.",False,https://www.375chicken.com/
Adel's Famous Halal Food,ChIJNRe1Mf9YwokRvxBdos5UEY4,"1221 6th Ave, New York, NY 10020, USA",adelsfamoushalalfood@gmail.com,general/unspecified,True,https://www.adelsfamousnyc.com/ | https://www.adelsfamousnyc.com/location/adels-famous-halal-food/,2026-10-03T21:48:04.096065+00:00,,False,http://adelsfamousnyc.com/
All'Antico Vinaio,ChIJAaxcldRZwokRj1hYrfy09Fg,"225 Sullivan St, New York, NY 10012, USA",info@allanticovinaionyc.com,general/unspecified,True,https://www.allanticovinaiousa.com/ | https://www.allanticovinaiousa.com/contact/ | https://www.allanticovinaiousa.com/about-us/ | https://www.allanticovinaiousa.com/store-locator/ | https://www.allanticovinaiousa.com/private-events/,2026-10-03T21:48:05.209465+00:00,,False,https://www.allanticovinaiousa.com/
All'Antico Vinaio,ChIJAaxcldRZwokRj1hYrfy09Fg,"225 Sullivan St, New York, NY 10012, USA",press@allanticovinaiousa.com,press/marketing,False,https://www.allanticovinaiousa.com/ | https://www.allanticovinaiousa.com/contact/ | https://www.allanticovinaiousa.com/about-us/ | https://www.allanticovinaiousa.com/store-locator/ | https://www.allanticovinaiousa.com/private-events/,2026-10-03T21:48:05.209465+00:00,,False,https://www.allanticovinaiousa.com/
Ama’Gees Jamaican Cuisine,ChIJJxTLMcflrIkRkm2wS8WglaM,"911 Fayetteville St, Durham, NC 27701, USA",amageesjafood@gmail.com,general/unspecified,True,https://www.amagees.com/contact-us,2026-10-03T21:48:05.247387+00:00,,False,http://amagees.com/
ARIARI,ChIJhUDJFUVZwokRkNERZsyOxWo,"119 1st Ave, New York, NY 10003, USA",info@ariarinyc.com,general/unspecified,True,https://ariarinyc.com/ | https://ariarinyc.com/contactus | https://ariarinyc.com/about,2026-10-03T21:48:07.199695+00:00,,False,https://ariarinyc.com/
ATOMIX,ChIJ3bmAHghZwokRRXYO57yLuss,"104 E 30th St, New York, NY 10016, USA",career@atomixnyc.com,careers,False,https://www.atomixnyc.com/about,2026-10-03T21:48:07.960017+00:00,,False,http://www.atomixnyc.com/
ATOMIX,ChIJ3bmAHghZwokRRXYO57yLuss,"104 E 30th St, New York, NY 10016, USA",info@atomixnyc.com,general/unspecified,True,https://www.atomixnyc.com/about,2026-10-03T21:48:07.960017+00:00,,False,http://www.atomixnyc.com/
ATOMIX,ChIJ3bmAHghZwokRRXYO57yLuss,"104 E 30th St, New York, NY 10016, USA",naeun@hellobecca.com,general/unspecified,True,https://www.atomixnyc.com/about,2026-10-03T21:48:07.960017+00:00,,False,http://www.atomixnyc.com/
Ayat Astoria,ChIJN1WcdwBfwokRt42atleHGwI,"33-25 Crescent St, Astoria, NY 11106, USA",ayatnyc@gmail.com,privacy/legal,False,https://www.ayatnyc.com/privacy-policy/,2026-10-05T08:21:32.555189+00:00,"Brand-level published address with a privacy/legal purpose on an official page; no Astoria-branch-specific mailbox was published. General contact form retained as fallback for branch-level contact. Parent reinspection confirms publication for access/deletion/CCPA requests. Brand website includes Astoria branch; accept only privacy/legal, not dietary/general.",False,https://www.ayatnyc.com/location/astoria/?utm_source=google&utm_medium=organic&utm_campaign=gbp-profile%20&utm_content=ast
Bajeko Sekuwa,ChIJcbpWrW5fwokRu5R0WlKyVgk,"43-16 Queens Blvd, Sunnyside, NY 11104, USA",bajekosekuwa2019@gmail.com,general/unspecified,True,https://bajekosekuwaus.com/sunnyside?utm_source=google,2026-10-03T21:59:54.265282+00:00,,False,https://bajekosekuwaus.com/sunnyside?utm_source=google
Bajeko Sekuwa,ChIJcbpWrW5fwokRu5R0WlKyVgk,"43-16 Queens Blvd, Sunnyside, NY 11104, USA",myofficecolorado@gmail.com,general/unspecified,True,https://bajekosekuwaus.com/sunnyside?utm_source=google,2026-10-03T21:59:54.265282+00:00,,False,https://bajekosekuwaus.com/sunnyside?utm_source=google
Bajeko Sekuwa,ChIJcbpWrW5fwokRu5R0WlKyVgk,"43-16 Queens Blvd, Sunnyside, NY 11104, USA",namastenepalbajeko@gmail.com,general/unspecified,True,https://bajekosekuwaus.com/sunnyside?utm_source=google,2026-10-03T21:59:54.265282+00:00,,False,https://bajekosekuwaus.com/sunnyside?utm_source=google
Bark Barbecue,ChIJ051SSnpbwokRRHizOSfAQjA,"55 Water St #5FL, Brooklyn, NY 11201, USA",info@barkbarbecueny.com,general/unspecified,True,https://barkbarbecueny.com/,2026-10-03T21:59:55.717249+00:00,,False,http://barkbarbecueny.com/
Barkada Social Club,ChIJT1BhMQpfwokRi3rOsB0QErg,"3305 Broadway, Astoria, NY 11106, USA",support@spoton.com,general/unspecified,True,https://www.barkadasocialclub.com/,2026-10-03T21:48:08.444807+00:00,,False,https://barkadasocialclub.com/
Bengal Tiger,ChIJXzb29flYwokR_lqUiFOLRBI,"234 W 56th St, New York, NY 10019, USA",bengaltigerindianfood@gmail.com,general/unspecified,True,https://www.bengaltigerindianfood.com/,2026-10-03T21:48:08.889250+00:00,,False,http://www.bengaltigerindianfood.com/
Berimbau Brazilian Kitchen - West Village,ChIJpZm095JZwokRGez02CCWhpE,"43 Carmine St, New York, NY 10014, USA",info@berimbaurestaurant.com,general/unspecified,True,https://www.berimbaunyc.com/ | https://www.berimbaunyc.com/events,2026-10-03T21:48:09.103252+00:00,,False,https://www.berimbaunyc.com/
Bigoi Venezia,ChIJgdnYQcBYwokRDEGzKagrEfE,"1415 2nd Ave, New York, NY 10021, USA",contact@bigoivenezia.com,general/unspecified,True,https://bigoivenezia.com/ | https://bigoivenezia.com/new-york-manhattan-bigoi-venezia-about,2026-10-03T21:48:09.837191+00:00,,False,http://www.bigoivenezia.com/
Bánh,ChIJs_09yZ73wokRD-K3t2y0nH8,"942 Amsterdam Ave, New York, NY 10025, USA",banhvny@gmail.com,general/unspecified,True,https://www.banhny.com/,2026-10-04T20:06:38.501199+00:00,,False,http://banhny.com/
Bánh Mì Cô Út,ChIJDRVqZc1ZwokRzdh0pU9CskI,"83 Elizabeth St, New York, NY 10013, USA",pewin176@icloud.com,general/unspecified,True,https://www.facebook.com/banhmicoutnyc/,2026-10-05T06:22:42.090415+00:00,"Published on the restaurant's own official Facebook page intro as its public contact, with exact address and phone match. Address is a proprietor-style icloud.com mailbox (published business-purpose proprietor address serving this restaurant); delivery/ownership beyond publication not verified. Exact casing preserved as published. Parent independently re-rendered the public business page and verified literal publication immediately alongside matching 83 Elizabeth St address and (646) 767-0444 phone. Professional/business-purpose proprietor mailbox, not an inferred personal contact.",False,https://www.instagram.com/banh_mi_co_ut_nyc/
Bodega Truck,,,bodegacity@icloud.com,general/unspecified,True,https://www.bodegacity.com/contact,2026-10-03T22:07:05.134719+00:00,,False,http://www.bodegatruck.com/
Bonjour Banh Mi & Tea,ChIJi5F3d5n6rIkR-ncYfJLmBNk,"2121 TW Alexander Dr Suite 111, Morrisville, NC 27560, USA",bonjourbanhmi@gmail.com,general/unspecified,True,https://www.bonjourbanhmi-tea.com/,2026-10-03T21:48:10.291866+00:00,,False,https://www.bonjourbanhmi-tea.com/
Brooklyn Ball Factory,ChIJqybi5fxbwokR3x90J-l6QaM,"95 Montrose Ave, Brooklyn, NY 11206, USA",orders@brooklynballfactory.com,general/unspecified,True,https://www.brooklynballfactory.com/location/,2026-10-05T08:21:32.556462+00:00,"Address-prefixed mailbox named 'orders@'; treat as general/orders line rather than a named individual. Parent's search lead independently surfaced the same address on the same page, now verified in-session via live mailto extraction. Original browser tool output independently audited: primary Location & Hours page publishes mailbox and mailto beside exact saved 95 Montrose Ave. Phone differs (718-387-5092 vs cached 5296), preserved routing caveat; primary contact block has no orders-only restriction. Parent replays returned blank DOM.",False,https://www.brooklynballfactory.com/
C as in Charlie,ChIJx-bMHr1ZwokRd3i_y7F3VlE,"5 Bleecker St, New York, NY 10012, USA",charlie@c-asincharlie.com,general/unspecified,True,https://www.c-asincharlie.com/ | https://www.c-asincharlie.com | https://www.c-asincharlie.com/about-1,2026-10-03T21:48:14.281287+00:00,,False,http://c-asincharlie.com/
Café China,ChIJhXTKrQBZwokRDA7Vijnq1AE,"59 W 37th St, New York, NY 10018, USA",cafechina.nyc@gmail.com,general/unspecified,True,https://cafechina.nyc/ | https://cafechina.nyc/about | https://cafechina.nyc/events,2026-10-03T21:59:56.906615+00:00,,False,http://cafechina.nyc/
CAFE 2BY2,ChIJsQRP-h5ZwokRDlo_A3pfjCg,"84 E 10th St 2nd FL, New York, NY 10003, USA",gracedessertev@gmail.com,general/unspecified,True,https://www.cafe2by2.com/contact-us,2026-10-04T20:29:56.937199+00:00,,False,
Cafe W & Bakery / Dessert,ChIJNcVSuBphwokRjS7aZH-RGdk,"35-29 154th St, Queens, NY 11354, USA",management@cafew.com,general/unspecified,True,https://cafew.com/ | https://cafew.com/about | https://cafew.com/location | https://cafew.com/reservation,2026-10-03T21:48:14.426338+00:00,,False,https://cafew.com/
Cafe W & Bakery / Dessert,ChIJNcVSuBphwokRjS7aZH-RGdk,"35-29 154th St, Queens, NY 11354, USA",order@cafew.com,general/unspecified,True,https://cafew.com/ | https://cafew.com/about | https://cafew.com/location | https://cafew.com/reservation,2026-10-03T21:48:14.426338+00:00,,False,https://cafew.com/
Calabash African Kitchen,ChIJ93aBhkfByIARIJtrekZ7l2Q,"1750 S Rainbow Blvd Suite 6-8, Las Vegas, NV 89146, USA",calabashlv@gmail.com,general/unspecified,True,https://www.calabashafricankitchen.com/contact-us/,2026-10-03T21:48:15.792884+00:00,,False,http://www.calabashafricankitchen.com/
Casa Adela,ChIJ5xneO3FZwokRyyN-P0ch-Wo,"66 Loisaida Ave, New York, NY 10009, USA",casaadelarestaurant@gmail.com,general/unspecified,True,https://www.facebook.com/p/Casa-Adela-100064056964827/,2026-10-05T06:22:42.091399+00:00,"Upgrades the prior third-party candidate (callejero-nueva-york.openalfa.com listing) to a publication on the restaurant's OWN official Facebook page with matching address and phone. Ownership of the gmail inbox beyond publication not verified; do not share allergy data before phone confirmation. Primary business-page publication verified in original child browser tool output (e7141c74 output-0.log line 904), not merely its final answer. 66 Avenue C and (212) 473-1882 match the saved restaurant. Parent's repeat visit was login-walled; recorded without bypass. Materially better first-party publication resolves the previous third-party candidate; retain original quarantine decision in history.",False,https://casa-adela.shop/
Charles Pan-Fried Chicken,ChIJgZ9BHmX3wokRbTO_1t6253k,"439 W 125th St, New York, NY 10027, USA",bledesma@charlespanfriedchicken.com,events/catering,False,https://www.charlespanfriedchicken.com/catering,2026-10-05T08:21:32.558042+00:00,"Staff-personal local-part (bledesma) on the official domain, published as the direct catering email contact. Parent confirmed official Email Catering mailto with subject New Catering Inquiry and exact saved Harlem West Side address/phone. Named staff business contact, catering only.",False,http://charlespanfriedchicken.com/
Charles Pan-Fried Chicken,ChIJgZ9BHmX3wokRbTO_1t6253k,"439 W 125th St, New York, NY 10027, USA",qslobert@charlespanfriedchicken.com,press,False,https://www.charlespanfriedchicken.com/press,2026-10-05T08:21:32.558042+00:00,"Company-domain mailbox published as the explicit press contact ('or simply email us'). Brand-level address; individual three-branch brand so it plausibly serves the 125th St branch. No general email published. Parent confirmed official Press Inquiry mailto and saved Harlem West Side address/phone in footer. Press-only named staff business contact, not general.",False,http://charlespanfriedchicken.com/
Chavela's,ChIJJ5J8yJ9bwokRjpOkpYgii5k,"736 Franklin Ave, Brooklyn, NY 11238, USA",info@chavelasnyc.com,general/unspecified,True,https://www.facebook.com/ChavelasRestaurantNYC/,2026-10-05T06:22:42.092614+00:00,"Promotes the prior allbiz candidate to source-backed: the same domain-matching address is now confirmed published on the restaurant's OWN Facebook page with exact address/phone match. Primary-source publication verified live this run. Original child browser tool output (e7141c74 output-0.log line 955) directly captured the business-page contact, matching 736 Franklin Ave, (718) 622-3100 and official chavelasnyc.com domain. Parent repeat visit was login-walled; no bypass. Resolve only this prior candidate, retain d.detoy and all original decisions.",False,http://chavelasnyc.com/
Chef Papa Vietnamese Kitchen,ChIJgYndA8phwokRgjxSQGi_Ruk,"42-05 162nd St, Flushing, NY 11358, USA",chefpapanyc@gmail.com,general/unspecified,True,https://www.chefpapanyc.com/,2026-10-04T20:45:19.379857+00:00,,False,
CHELI MANHATTAN 浙里,ChIJn7k4jxlZwokRhDkNH9383-o,"19 St Marks Pl, New York, NY 10003, USA",cheli.press@gmail.com,press/marketing,False,https://www.che-li.com/ | https://www.che-li.com/contact/ | https://www.che-li.com/location/che-li-flushing/ | https://www.che-li.com/private-events-and-catering/ | https://www.che-li.com/location/che-li-east-village/ | https://www.che-li.com/#,2026-10-03T22:08:11.448154+00:00,,False,http://www.che-li.com/
CHILI,ChIJJS3mqONZwokR9KlP3H_7MNg,"13 E 37th St, New York, NY 10016, USA",operation@chilinyc.com,general/unspecified,True,https://chilinyc.com/ | https://chilinyc.com/new-york-midtown-manhattan-chili-about,2026-10-03T21:48:22.650798+00:00,,False,https://www.chilinyc.com/
Chongqing Lao Zao,ChIJu4mR1fFhwokR94Uup8tbWZE,"37-04 Prince St, Flushing, NY 11354, USA",chongqinglaozao.media@gmail.com,press,False,https://www.chongqinglaozao.com/,2026-10-05T07:37:41.901387+00:00,"Re-verifies the packet's existing sourced email (prior outcome limited_purpose_only). The address is literally published as a mailto link on the homepage, but its label/context is media-oriented; no general-inquiry email exists on the site. Site nav contains only Home and Menu; no contact, about, or privacy pages to yield a second address. Parent independently confirmed literal primary-site publication beside saved 37-04 Prince St and 917-563-7171. Explicit label Press / Media; not a general or dietary recipient.",False,https://www.chongqinglaozao.com/
Chubby Cattle BBQ | New York,ChIJ82C5uURZwokRgCm9U5LSEjk,"206 Spring St, New York, NY 10012, USA",hi@chubbygroup.com,privacy/legal,False,https://www.chubbycattle.com/privacy-policy/,2026-10-05T06:22:42.094913+00:00,"Brand-level address published for questions/comments/requests; it is explicitly labeled to the Privacy Policy context, so it is not proven as the branch's general dining inbox. Improves on the prior sweep, which only captured the malformed career address hr@www.chubbygroup.com (re-confirmed on chubbygroup.com/contact-us, quoted as 'Send your resume to hr@www.chubbygroup.com' - career-only and malformed; still rejected). The branch New York page itself publishes no email. Parent directly verified policy publication and Chubby Cattle International/Chubby Group identity. Exact context restricts questions/comments/requests to THIS PRIVACY POLICY. Accept as a published limited-purpose corporate contact, NOT a general or dietary recipient unless broader primary evidence is found.",False,https://www.chubbycattle.com/project/chubby-cattle-new-york/
Churrascaria Plataforma,ChIJP9idxlZYwokRLH-I1mNfzYQ,"316 W 49th St, New York, NY 10019, USA",info@plataformanyc.com,general/unspecified,True,https://plataformaonline.com/contact-steakhouse-nyc/,2026-10-05T06:22:42.095425+00:00,"This is a literal published general email on the restaurant's own site - a concrete improvement over the prior social_profile_leads_only outcome. The root https://plataformaonline.com/ was previously robot_excluded; I first fetched robots.txt, which disallows nothing ('User-agent: * Disallow:' with empty path, Yoast block), so no robots rule barred inspection, and I still avoided the root entirely, entering via /contact-steakhouse-nyc/ and /group-dining-new-york/. The mailto anchor appears once per page as a footer social-icon link labeled 'Email'. Parent independently confirmed literal mailto link on known restaurant website's Contact Us page. Original child tool output verified Email icon label and (212) 245-0505 phone match. Not the historical engineering-company false positive.",False,https://plataformaonline.com/
Coffee Project New York | Chelsea,ChIJjdjCLlJZwokR-qJu3EjlDEg,"155 7th Ave, New York, NY 10011, USA",class@coffeeprojectny.com,classes/education,False,https://coffeeprojectny.com/about/faq/,2026-10-05T08:21:32.559651+00:00,"Only literal email address published anywhere on the site (checked contact, wholesale, about, careers, locations, FAQ). Purpose is class scheduling/gift vouchers. Parent confirmed three literal mailto links in official FAQ, restricted to classes, cancellation/rescheduling and class gift vouchers. Chelsea 155 7th Ave confirmed on official brand locations page. Not a general cafe/allergy contact.",False,https://coffeeprojectny.com/?utm_source=google&utm_medium=organic&utm_campaign=gmb_ch
Coffee Project New York | Hell's Kitchen,ChIJfe_2P1NZwokR6CnObz22-7M,"401 W 53rd St, New York, NY 10019, USA",class@coffeeprojectny.com,classes/education,False,https://coffeeprojectny.com/about/faq/,2026-10-05T08:21:32.560383+00:00,"Restricted-purpose address for class/cancellation matters; included because it is a real published mailbox, but not a substitute for general customer inquiries. Parent confirmed official FAQ literal mailtos; class/cancellation/rescheduling only. Brand-level route, not a branch-specific cafe/general contact.",False,http://www.coffeeprojectny.com/
Coffee Project New York | Hell's Kitchen,ChIJfe_2P1NZwokR6CnObz22-7M,"401 W 53rd St, New York, NY 10019, USA",contact@coffeeprojectny.com,website accessibility,False,https://coffeeprojectny.com/accessibility-statement/,2026-10-05T08:21:32.560383+00:00,"Company-level address, not branch-specific. Accessibility statement uses it as the 'contact us' route; likely doubles as the general inbox but parent should weigh the accessibility-only framing. The contact page itself is form-only with no address. Parent confirmed live official accessibility statement explicitly asks for website barrier/assistive-technology details. Website-accessibility route only, NOT general despite contact local-part.",False,http://www.coffeeprojectny.com/
Consuelo,ChIJjzfZ3Vj3wokRuEIdA0m8EX8,"224 W 104th St, New York, NY 10025, USA",cocinaconsuelonyc@gmail.com,general/unspecified,True,https://www.facebook.com/cocinaconsuelonyc/,2026-10-05T06:22:42.095843+00:00,"Published email on the restaurant's officially linked Facebook page (no login needed; public Intro block). Caveat: the FB page's Intro phone (646) 250-7172 corresponds to the brand's original Harlem/Hamilton Pl location, and the page tagline says Harlem, while the saved branch is the Upper West Side location (646) 391-1123 - the email is brand-level and likely reaches the same operator, but it is not proven to be the UWS branch's own inbox. Improvement over the prior social_profile_leads_only outcome, where no email was extracted. Original child browser output (0c4870e2 output-0.log line 717) captured public business-page publication. The saved UWS location page links the same business page; documented brand relationship, not name-only inference. Brand-level inbox; Facebook phone is original Harlem location, so confirm routing to the saved UWS branch before sensitive disclosure.",False,https://www.cocinaconsuelonyc.com/consuelouws
Corima,ChIJgaiXlpNbwokRN0vlYTshs-c,"3 Allen St, New York, NY 10002, USA",info@corimanyc.com,general/unspecified,True,https://www.corimanyc.com/ | https://www.corimanyc.com/events,2026-10-03T21:48:26.010324+00:00,,False,http://www.corimanyc.com/
Cosme,ChIJT-gYZKFZwokR7O8LLYuYMjU,"35 E 21st St, New York, NY 10010, USA",info@casamata.com,general/unspecified,True,https://cosmenyc.com/,2026-10-03T21:48:26.208202+00:00,,False,http://www.cosmenyc.com/
Cosme,ChIJT-gYZKFZwokR7O8LLYuYMjU,"35 E 21st St, New York, NY 10010, USA",info@cosmenyc.com,general/unspecified,True,https://cosmenyc.com/,2026-10-03T21:48:26.208202+00:00,,False,http://www.cosmenyc.com/
Cosme,ChIJT-gYZKFZwokR7O8LLYuYMjU,"35 E 21st St, New York, NY 10010, USA",maya@casamata.com,general/unspecified,True,https://cosmenyc.com/,2026-10-03T21:48:26.208202+00:00,,False,http://www.cosmenyc.com/
Cozy Royale,ChIJcUYuBjVZwokR0hbpWj6d6X4,"434 Humboldt St, Brooklyn, NY 11211, USA",hello@cozyroyale.com,general/unspecified,True,https://www.cozyroyale.com/ | https://www.cozyroyale.com/about | https://www.cozyroyale.com/events,2026-10-03T21:59:59.121800+00:00,,False,http://cozyroyale.com/
Cucciolo Osteria Durham,ChIJB1ezo-LlrIkRpA1ptS3kt4k,"601 W Main St suite c, Durham, NC 27701, USA",info@cucciolodurham.com,general/unspecified,True,https://www.facebook.com/CuccioloDurham/,2026-10-05T06:42:47.487808+00:00,"Address on the restaurant's own domain (cucciolonc.com osteria footer) confirms the business identity; the email is on the same domain as the saved website (cucciolodurham.com). Same address was previously shown by the third-party bizarchive lead, now corroborated by the restaurant's own Facebook page. Publication does not prove inbox delivery; recommend initial contact avoid sensitive data until confirmed. Parent independently verified literal public business-contact publication. Facebook intro lists the exact saved address '601 W Main St. Suite C, Durham, NC' and exact saved phone '(984) 243-8744'; page name 'Cucciolo Osteria Durham' and website link 'cucciolodurham.com' match the saved website domain Address on the restaurant's own domain (cucciolonc.com osteria footer) confirms the business identity; the email is on the same domain as the saved website (cucciolodurham.com). Same address was previously shown by the third-party bizarchive lead, now corroborated by the restaurant's own Facebook page. Publication does not prove inbox delivery; recommend initial contact avoid sensitive data until confirmed.",False,http://www.cucciolodurham.com/
Dallas BBQ Times Square,ChIJn5a71FRYwokRGB7grb84QaI,"241 W 42nd St, New York, NY 10036, USA",collabs@dallasbbq.com,general/unspecified,True,https://www.dallasbbq.com/contact,2026-10-03T21:48:27.255015+00:00,,False,https://dallasbbq.com/
Dallas BBQ Times Square,ChIJn5a71FRYwokRGB7grb84QaI,"241 W 42nd St, New York, NY 10036, USA",hello@dallasbbq.com,general/unspecified,True,https://www.dallasbbq.com/contact,2026-10-03T21:48:27.255015+00:00,,False,https://dallasbbq.com/
Dallas BBQ Times Square,ChIJn5a71FRYwokRGB7grb84QaI,"241 W 42nd St, New York, NY 10036, USA",marketing@dallasbbq.com,press/marketing,False,https://www.dallasbbq.com/contact,2026-10-03T21:48:27.255015+00:00,,False,https://dallasbbq.com/
Dallas BBQ Times Square,ChIJn5a71FRYwokRGB7grb84QaI,"241 W 42nd St, New York, NY 10036, USA",rosa@dallasbbq.com,general/unspecified,True,https://www.dallasbbq.com/contact,2026-10-03T21:48:27.255015+00:00,,False,https://dallasbbq.com/
Dallas BBQ Times Square,ChIJn5a71FRYwokRGB7grb84QaI,"241 W 42nd St, New York, NY 10036, USA",saha@dallasbbq.com,general/unspecified,True,https://www.dallasbbq.com/contact,2026-10-03T21:48:27.255015+00:00,,False,https://dallasbbq.com/
Davelle,ChIJk1s5AIFZwokRymNr0rhKWFE,"102 Suffolk St, New York, NY 10002, USA",hello@davellenewyork.com,general/unspecified,True,https://www.facebook.com/davelle.nyc/,2026-10-05T06:42:47.489534+00:00,Published on the restaurant's own Facebook page with matching address/phone and its own domain (davellenewyork.com). Official website itself (davellenewyork.com) is a single-page site with no contact page or mailto; email only appears on the official FB page. Parent independently verified literal public business-contact publication. Facebook intro lists '102 Suffolk St' and '(646) 988-1973' — exact match to saved address and phone; linked website 'davellenewyork.com' matches the saved website Published on the restaurant's own Facebook page with matching address/phone and its own domain (davellenewyork.com). Official website itself (davellenewyork.com) is a single-page site with no contact page or mailto; email only appears on the official FB page.,False,http://davellenewyork.com/
Dialogue Coffee & Flowers,ChIJj1_yRahZwokRr6Ktp4IQ4Ew,"188 Allen St, New York, NY 10002, USA",dialogue@idleflora.com,general/unspecified,True,https://www.dialogue.nyc/ | https://www.dialogue.nyc/contact,2026-10-03T21:48:29.906148+00:00,,False,https://dialogue.nyc/
Dialogue Coffee & Flowers,ChIJj1_yRahZwokRr6Ktp4IQ4Ew,"188 Allen St, New York, NY 10002, USA",hi@dialogue.nyc,general/unspecified,True,https://www.dialogue.nyc/ | https://www.dialogue.nyc/contact,2026-10-03T21:48:29.906148+00:00,,False,https://dialogue.nyc/
District Saigon,ChIJVeu9vztfwokRjvnSb6ovSn8,"3715 Broadway, Astoria, NY 11103, USA",districtmotnyc@gmail.com,general/unspecified,True,https://www.districtsaigonnyc.com/reservations/events,2026-10-03T21:48:30.376955+00:00,,False,http://www.districtsaigonnyc.com/
Döner Haus,ChIJRRfRarNZwokRIEr7WGDqMq0,"240 E 14th St, New York, NY 10003, USA",info@doner.haus,general/unspecified,True,https://doner.haus/contact,2026-10-03T21:48:30.837253+00:00,,False,https://www.doner.haus/
Dominique Ansel Workshop,ChIJo7FBbQdZwokR923ixkRp0xQ,"17 E 27th St, New York, NY 10016, USA",info@dominiqueanselworkshop.com,general/unspecified,True,https://www.dominiqueanselworkshop.com/catering/,2026-10-03T21:48:30.970041+00:00,,False,http://dominiqueanselworkshop.com/
Donovan's Pub,ChIJa5DECx5fwokRnuzeOoYBvbQ,"57-24 Roosevelt Ave, Woodside, NY 11377, USA",info@donovansny.com,general/unspecified,True,https://donovansny.com/ | https://donovansny.com/about,2026-10-03T21:48:31.253690+00:00,,False,http://donovansny.com/
dùndú,ChIJ6fVE7-dZwokRs36v832cIoc,"140 E 41st St, New York, NY 10017, USA",info@eatdundu.com,general/unspecified,True,https://eatdundu.com/contact-us/,2026-10-05T06:42:47.491116+00:00,"Primary-source publication on the restaurant's own WooCommerce/WordPress site. Same page also offers a general Contact Form 7 (name, e-mail, phone, company, message) as redundant route. Publication does not verify delivery; the packet's prior candidate info@eatdundu.com from findit.city is now independently confirmed on the primary source. Parent independently verified literal public business-contact publication. Same page lists the exact saved address '140 E 41st St, New York, NY 10017, USA' and phone '646 767 0100' (saved phone (646) 767-0100); footer repeats the address and links Instagram (@eatdundu) / Facebook (Eatdundu) Primary-source publication on the restaurant's own WooCommerce/WordPress site. Same page also offers a general Contact Form 7 (name, e-mail, phone, company, message) as redundant route. Publication does not verify delivery; the packet's prior candidate info@eatdundu.com from findit.city is now independently confirmed on the primary source.",False,http://www.eatdundu.com/
Durham Food Hall,ChIJM5mle8PlrIkRiVJVIhrzwHM,"530 Foster St Suite 1, Durham, NC 27701, USA",events@durhamfoodhall.com,events/catering,False,https://durhamfoodhall.com/gather/,2026-10-03T21:48:34.277172+00:00,,False,http://durhamfoodhall.com/
Durham Food Hall,ChIJM5mle8PlrIkRiVJVIhrzwHM,"530 Foster St Suite 1, Durham, NC 27701, USA",info@durhamfoodhall.com,general/unspecified,True,https://durhamfoodhall.com/ | https://durhamfoodhall.com/about/ | https://durhamfoodhall.com/gather/,2026-10-03T21:48:34.277172+00:00,,False,http://durhamfoodhall.com/
Economy Candy,ChIJNdebOIFZwokR0JEfqeQONrQ,"108 Rivington St, New York, NY 10002, USA",help@economycandy.com,general/unspecified,True,https://economycandy.com/ | https://economycandy.com/contact-us/ | https://economycandy.com/product-category/all-products/allergy-friendly/ | https://economycandy.com/faqs/ | https://economycandy.com/about-economy-candy/ | https://economycandy.com/product-category/all-products/allergy-friendly/page/2/,2026-10-03T21:48:35.392940+00:00,,False,https://www.economycandy.com/
Ekhaya,ChIJQdCMCEnlrIkReatrqOC1jek,"406 Blackwell St Suite 100, Durham, NC 27701, USA",info@zwelis.com,general/unspecified,True,https://zwelisekhaya.com/ | https://zwelisekhaya.com/durham-zweli-s-ekhaya-about,2026-10-03T21:48:35.552337+00:00,,False,https://zwelisekhaya.com/
El Castillo De Jagua,ChIJB1mzOIFZwokRkElevjezXJw,"113 Rivington St, New York, NY 10002, USA",info@castillodejagua.com,general/unspecified,True,https://www.facebook.com/ElCastillodeJaguaRivington/about/,2026-10-05T06:42:47.492606+00:00,"Published on the restaurant's own public Facebook contact-info section; address and phone match the saved Google business exactly and the email is on the restaurant's own domain. Publication does not verify inbox delivery; official website is currently behind a Cloudflare challenge so the same address could not be confirmed on the primary site this run. Parent independently verified literal public business-contact publication. Official Facebook page 'El Castillo de Jagua' (Dominican Restaurant) publishes the exact saved address 113 Rivington St, New York, NY 10002 and the exact saved phone (212) 982-6412, and links castillodejagua.com as the restaurant's own website (same domain as the email). Published on the restaurant's own public Facebook contact-info section; address and phone match the saved Google business exactly and the email is on the restaurant's own domain. Publication does not verify inbox delivery; official website is currently behind a Cloudflare challenge so the same address could not be confirmed on the primary site this run.",False,https://www.castillodejagua2.com/
Emily,ChIJYeJEs6RbwokRI9OjBP6hYG8,"919 Fulton St, Brooklyn, NY 11238, USA",catering@pizzalovesemily.com,events/catering,False,https://www.pizzalovesemily.com/private-events-west-village/,2026-10-03T21:48:39.379469+00:00,,False,https://www.pizzalovesemily.com/location/brooklyn/
Emily,ChIJYeJEs6RbwokRI9OjBP6hYG8,"919 Fulton St, Brooklyn, NY 11238, USA",hello@emilybrooklyn.com,general/unspecified,True,https://www.pizzalovesemily.com/location/brooklyn/,2026-10-03T21:48:39.379469+00:00,,False,https://www.pizzalovesemily.com/location/brooklyn/
Empanadas Cafe,ChIJJyc8c9JfwokRv5fvVApxk0M,"5627 Van Doren St, Corona, NY 11368, USA",infoempanadascafe@gmail.com,general/unspecified,True,https://empanadascafe.com/,2026-10-03T21:48:40.325703+00:00,,False,http://www.empanadascafe.com/
Esse Taco,ChIJNcghJthZwokRbXz53Nk9gU4,"219 Bedford Ave, Brooklyn, NY 11211, USA",info@essetaco.com,general/unspecified,True,https://www.essetaco.com/ | https://www.essetaco.com/about/ | https://www.essetaco.com/location/esse-taco/,2026-10-03T21:59:59.978587+00:00,,False,http://essetaco.com/
Falafel Tanami,ChIJVYUouLhEwokR0P6kpq9x2pk,"1305 E 17th St, Brooklyn, NY 11230, USA",galitanami@gmail.com,general/unspecified,True,https://www.facebook.com/TanamiBK/about/,2026-10-05T06:42:47.493828+00:00,"Phone number matches the saved business exactly and the page is the restaurant's official Facebook presence ('Falafel Tanami', Mediterranean Restaurant, matches saved name). Street-address discrepancy on the FB page (1824 Avenue M vs 1305 E 17th St) leaves slight attribution uncertainty — 'galitanami' plausibly refers to owner Gali Tanami. Parent may promote or hold as candidate; do not send sensitive information before confirming recipient. Parent independently verified literal public business-contact publication. Official Facebook page for Falafel Tanami publishes the exact saved phone (718) 483-9100 and ZIP 11230, matching the saved business. Caveat: the FB page lists street address '1824 Avenue M' while the saved Google address is 1305 E 17th St, Brooklyn, NY 11230 (same ZIP). Phone number matches the saved business exactly and the page is the restaurant's official Facebook presence ('Falafel Tanami', Mediterranean Restaurant, matches saved name). Street-address discrepancy on the FB page (1824 Avenue M vs 1305 E 17th St) leaves slight attribution uncertainty — 'galitanami' plausibly refers to owner Gali Tanami. Parent may promote or hold as candidate; do not send sensitive information before confirming recipient.",False,http://www.falafeltanami.getsauce.com/?utm_source=GMB&utm_medium=Website%20button&utm_id=Falafel%20Tanami
Fay Da Bakery,ChIJcZSxyJNZwokRE_3Snje_so4,"321 6th Ave, New York, NY 10014, USA",info@fayda.com,general/unspecified,True,https://www.instagram.com/faydabakery/,2026-10-05T06:42:47.494914+00:00,"Address is published in the official website's contact-form recipient config (brand-level email, serves all Fay Da locations including the saved 321 6th Ave branch) and independently as the brand Instagram bio's all-inquiries email. Live fayda.com rendered only the header in the isolated headless session (body length 62 chars), so the archived official copy plus the parent's fresh Instagram snippet were used. Publication does not verify delivery. Fresh parent browser search directly retrieved the brand Instagram bio advertising ALL INQUIRIES: info@fayda.com, and the official brand locations page lists saved 321 6th Ave branch. This acceptance is based on intentionally advertised business contact in the indexed public bio, NOT archived hidden form-recipient configuration. Direct Instagram replay was login-walled. Brand-level routing and current mailbox delivery require confirmation.",False,http://www.fayda.com/
Fish Cheeks,ChIJgc7fPIVZwokRQMnqTxTf_Qk,"55 Bond St, New York, NY 10012, USA",info@fishcheeksnyc.com,general/unspecified,True,https://www.fishcheeksnyc.com/ | https://www.fishcheeksnyc.com/about/ | https://www.fishcheeksnyc.com/reservations/ | https://www.fishcheeksnyc.com/location/fish-cheeks/ | https://www.fishcheeksnyc.com/large-parties-and-private-events/ | https://www.fishcheeksnyc.com/location/fish-cheeks-williamsburg/,2026-10-03T22:00:01.823713+00:00,,False,https://www.fishcheeksnyc.com/
Fish Cheeks,ChIJgc7fPIVZwokRQMnqTxTf_Qk,"55 Bond St, New York, NY 10012, USA",reservation@fishcheeksbk.com,reservations,True,https://www.fishcheeksnyc.com/reservations/,2026-10-03T22:00:01.823713+00:00,,False,https://www.fishcheeksnyc.com/
Fish Cheeks,ChIJgc7fPIVZwokRQMnqTxTf_Qk,"55 Bond St, New York, NY 10012, USA",reservation@fishcheeksnyc.com,reservations,True,https://www.fishcheeksnyc.com/reservations/,2026-10-03T22:00:01.823713+00:00,,False,https://www.fishcheeksnyc.com/
For All Things Good Bed-Stuy,ChIJpRiQFlFbwokRZjSvEE0BXc0,"343 Franklin Ave, Brooklyn, NY 11238, USA",matt@forallthingsgoodbk.com,general/unspecified,True,https://brooklyn-molino-llc.square.site/,2026-10-05T08:21:32.561858+00:00,"Personal-named (matt@) proprietor address published on the business's own ordering property with an Email icon; clearly serving this restaurant's customers. Publication evidence is the literal mailto attribute; the icon has no visible text label. Original browser tool capture independently audited: publicly advertised Email icon mailto on business Square storefront linked from saved restaurant homepage. Business-purpose named proprietor route on its own domain, not inferred private mailbox. Parent replay empty; publication does not prove inbox delivery/branch routing.",False,http://forallthingsgoodbk.com/
Forsythia NYC,ChIJ6Xa02cFZwokRv_5HQ3fHoHk,"9 Stanton St, New York, NY 10002, USA",info@forsythianyc.com,general/unspecified,True,https://www.forsythianyc.com/contact | https://www.forsythianyc.com/private-event-request,2026-10-03T22:00:04.300944+00:00,,False,http://forsythianyc.com/
French Louie,ChIJgRjO3E1awokRoC9SdsHbe-w,"320 Atlantic Ave, Brooklyn, NY 11201, USA",info@frenchlouienyc.com,general/unspecified,True,https://frenchlouienyc.com/location/,2026-10-05T06:42:47.495587+00:00,"Published on the restaurant's own live website with exact address/phone match. Note: the site root http://frenchlouienyc.com/ was in prior robot_excluded_urls; before navigating I fetched https://frenchlouienyc.com/robots.txt, which currently disallows nothing ('User-agent: * / Disallow:'), so the /location/ visit was robots-compliant. Parent independently verified literal public business-contact publication. Official frenchlouienyc.com location page publishes the exact saved address 320 Atlantic Ave, Brooklyn, NY 11201 and exact saved phone (718) 935-1200; site footer '©2026 320 Atlantic Restaurant LLC'. Published on the restaurant's own live website with exact address/phone match. Note: the site root http://frenchlouienyc.com/ was in prior robot_excluded_urls; before navigating I fetched https://frenchlouienyc.com/robots.txt, which currently disallows nothing ('User-agent: * / Disallow:'), so the /location/ visit was robots-compliant.",False,http://frenchlouienyc.com/
French Louie,ChIJgRjO3E1awokRoC9SdsHbe-w,"320 Atlantic Ave, Brooklyn, NY 11201, USA",john@frenchlouienyc.com,events/catering,False,https://frenchlouienyc.com/location/,2026-10-05T06:42:47.495587+00:00,"Purpose-specific address; do not use for general inquiries. Distinct from RestaurantJump's earlier garbled '[email protected]' rendering — the live page shows the literal address. Parent independently verified publication and exact context: TACT hours & location Lunch Tuesday – Friday: 11:30am-3pm Dinner Sunday – Monday: 5pm – 9pm Tuesday – Thursday: 5pm – 9:30pm Friday – Saturday: 5pm – 10:30pm Brunch Saturday & Sunday: 11am-3pm Location 320 Atlantic Ave Brooklyn, NY 11201 Between Smith and Hoyt (718) 935-1200 info@frenchlouienyc.com reservations Reservations can be made up to 30 days in advance via . For groups of ten or more, please email john@frenchlouienyc.com. join our mailing list ©2026 320 Atlantic Restaurant LLC, All Rights Reserved. Accessibility Website by Orion Concepts Purpose restricted; not a general-inquiry/dietary recipient.",False,http://frenchlouienyc.com/
Friendship BBQ,ChIJtwnTmxpgwokRdQokoSPg5Lk,"136-76 39th Ave, Flushing, NY 11354, USA",yangsong1201@gmail.com,general/unspecified,True,https://www.friendshipbbq.com/ | https://www.friendshipbbq.com/contact | https://www.friendshipbbq.com/about,2026-10-03T21:48:50.684370+00:00,,False,https://www.friendshipbbq.com/
From Lucie,ChIJFylaePFZwokRfRdNdH7ujXI,"263 E 10th St, New York, NY 10009, USA",orders@fromlucie.com,general/unspecified,True,https://fromlucie.com/ | https://fromlucie.com/?info=1 | https://fromlucie.com/pages/faqs,2026-10-03T22:00:04.572675+00:00,,False,http://www.fromlucie.com/
Gai Kitchen,ChIJT_0oqlpbwokR6wjYsXzMWL8,"51 Mott St, New York, NY 10013, USA",gaikitchenchinatown@gmail.com,general/unspecified,True,https://gaikitchen.com/page/contact-us,2026-10-04T20:49:41.456805+00:00,,False,https://www.grubhub.com/restaurant/gai-kitchen-51-mott-street-new-york/4611272
Gai Kitchen,ChIJT_0oqlpbwokR6wjYsXzMWL8,"51 Mott St, New York, NY 10013, USA",gaikitchennyc@gmail.com,general/unspecified,True,https://gaikitchen.com/,2026-10-04T20:49:41.456805+00:00,,False,https://www.grubhub.com/restaurant/gai-kitchen-51-mott-street-new-york/4611272
GanBlaze,ChIJP8DBhlFhwokRNYw10D3xX8w,"37-09 College Point Boulevard Space #FH9&10, Flushing, NY 11354, USA",byganblaze@gmail.com,general/unspecified,True,https://www.facebook.com/p/%E5%B9%B2%E6%9D%AF-GanBlaze-61582891985772/,2026-10-05T06:42:47.497602+00:00,"Published by the business itself on its official Facebook Page alongside its exact address and phone; 'byganblaze' is the brand's own published handle-style address. Publication verified live 2026-10-05; inbox delivery/ownership not independently verified. This is the restaurant's own page contact, NOT the Tangram landlord addresses (info@tangramnyc.com / events@tangramnyc.com), which remain correctly rejected. Parent independently verified literal public business-contact publication. Exact match to saved record: address '37-09 College Point Blvd #FH9&10, Flushing, NY' matches saved '37-09 College Point Boulevard Space #FH9&10, Flushing, NY 11354'; phone (929) 520-6667 matches saved phone; page title '干杯 GanBlaze | Flushing NY' is the restaurant's official Facebook Page (same page URL was captured in the prior sweep's search results as the brand's social profile) Published by the business itself on its official Facebook Page alongside its exact address and phone; 'byganblaze' is the brand's own published handle-style address. Publication verified live 2026-10-05; inbox delivery/ownership not independently verified. This is the restaurant's own page contact, NOT the Tangram landlord addresses (info@tangramnyc.com / events@tangramnyc.com), which remain correctly rejected.",False,
Gazala’s Mediterranean Restaurant,ChIJzTGU4GxZwokRi7JGJTqGBtw,"447 Amsterdam Ave, New York, NY 10024, USA",gazalasrestaurant@gmail.com,general/unspecified,True,https://gazalasnyc.com/book-a-private-party,2026-10-03T21:48:51.924661+00:00,,False,http://gazalasnyc.com/
Genesis,ChIJWfhuH95gwokRY__oqutnc_w,"162-23 Hillside Ave., Jamaica, NY 11432, USA",genesis1rest@gmail.com,general/unspecified,True,http://www.genesis1restaurant.com/contact/,2026-10-03T21:48:52.023517+00:00,,False,http://www.genesis1restaurant.com/
Gennaro Restaurant,ChIJgZf5t4JYwokREzCI3PUjwvY,"Gennaro Restaurant, 665 Amsterdam Ave, New York, NY 10025, USA",gennaro@gennaronyc.com,general/unspecified,True,https://www.gennaronyc.com/,2026-10-03T22:00:06.463413+00:00,,False,https://www.gennaronyc.com/
Go Nonna,ChIJWXJ-2MhZwokRsTD37pczIVg,"44-64 11th St, Long Island City, NY 11101, USA",gononnalic@gmail.com,general/unspecified,True,https://gononna.com/,2026-10-03T21:48:52.223229+00:00,,False,http://gononna.com/
Golden Diner,ChIJ1-mW-LhbwokR7Ryv5ha-gzc,"123 Madison St, New York, NY 10002, USA",talkto@goldendinerny.com,general/unspecified,True,https://www.goldendinerny.com/ | https://www.goldendinerny.com/faq | https://www.goldendinerny.com/about | https://www.goldendinerny.com/events-and-catering,2026-10-03T21:48:53.771700+00:00,,False,http://www.goldendinerny.com/
Golden HOF - Korean Bar & Grill,ChIJc6vecABZwokRBHqMFj4UsbY,"16 W 48th St, New York, NY 10036, USA",talkto@goldenhof.com,general/unspecified,True,https://www.goldenhof.com/ | https://www.goldenhof.com/about | https://www.goldenhof.com/parties-and-events,2026-10-03T22:00:06.909639+00:00,,False,https://www.goldenhof.com/
Good Time Country Buffet,ChIJLyAweABZwokRUplPxH-_6ZM,"166 1st Ave, New York, NY 10009, USA",contact@goodtimebuffet.com,general/unspecified,True,https://www.goodtimebuffet.com/,2026-10-03T22:00:07.192811+00:00,,False,http://www.goodtimebuffet.com/
Good Time Country Buffet,ChIJLyAweABZwokRUplPxH-_6ZM,"166 1st Ave, New York, NY 10009, USA",goodtime@hellobecca.com,general/unspecified,True,https://www.goodtimebuffet.com/,2026-10-03T22:00:07.192811+00:00,,False,http://www.goodtimebuffet.com/
Hady's Restaurant International Cuisine,ChIJYZC8dOpfrIkRdT9stANRzWA,"717 E Martin St Suite 199, Raleigh, NC 27601, USA",info@hadyinternational.com,general/unspecified,True,https://hadyinternational.com/,2026-10-03T22:08:54.113018+00:00,,False,https://hadyinternational.com/
HAGS,ChIJp0ha1dFZwokRK9WxgN9HVuY,"163 1st Ave, New York, NY 10003, USA",info@hagsnyc.com,general/unspecified,True,https://hagsnyc.com/,2026-10-03T22:09:01.282212+00:00,,False,https://hagsnyc.com/
Hainan,ChIJ86jijMhhwokRItWSGT6dpW8,"41-25 162nd St, Flushing, NY 11358, USA",hainanflushing@gmail.com,general/unspecified,True,https://hainannyc.com/,2026-10-03T22:00:07.753581+00:00,,False,https://hainannyc.com/
Hanamizuki Cafe,ChIJhfKwda9ZwokRoibXlAvU0Ig,"143 W 29th St, New York, NY 10001, USA",info@hanamizukinyc.com,general/unspecified,True,https://www.hanamizukinyc.com/ | https://www.hanamizukinyc.com/about,2026-10-03T21:48:56.197445+00:00,,False,http://www.hanamizukinyc.com/
Handsome Rice,ChIJPYZsDhFZwokRMMRoYT7c2Uk,"133 E 31st St, New York, NY 10016, USA",handsomericenyc@gmail.com,general/unspecified,True,https://www.handsomerice.com/,2026-10-03T21:48:57.064497+00:00,,False,http://www.handsomerice.com/
Handsome Rice,ChIJPYZsDhFZwokRMMRoYT7c2Uk,"133 E 31st St, New York, NY 10016, USA",hello@handsomerice.com,general/unspecified,True,https://www.handsomerice.com/general-5,2026-10-03T21:48:57.064497+00:00,,False,http://www.handsomerice.com/
Happy Zoe Vegan Bakery,ChIJTSX5qcdZwokRfVmgTWBDxZI,"102 B Nassau Ave, Brooklyn, NY 11222, USA",happyzoeveganbakery@gmail.com,general/unspecified,True,https://www.happyzoeveganbakery.com/,2026-10-03T22:09:06.310842+00:00,,False,https://www.happyzoeveganbakery.com/
Hashi Market,ChIJI_a-KgBZwokRIW5rtu3J4_M,"330 5th Ave, New York, NY 10001, USA",info@hashimarket.com,general/unspecified,True,https://www.hashimarket.com/ | https://www.hashimarket.com/blank-3 | https://www.hashimarket.com/blank | https://www.hashimarket.com/blank-2,2026-10-03T21:48:57.311390+00:00,,False,http://www.hashimarket.com/
HOJOKBAN NYC,ChIJ92UIyldZwokRj4AVxzDTXgU,"128 Madison Ave, New York, NY 10016, USA",hojokban@handhospitality.com,general/unspecified,True,https://hojokban.com/new-york/contact-us,2026-10-04T21:17:15.926321+00:00,Only the New York mailbox retained; Los Angeles mailbox deliberately excluded.,False,https://www.hojokbannyc.com/
Hometown Bar-B-Que,ChIJ0VWwJI9awokRoiFWFqYZMQ8,"454 Van Brunt St, Brooklyn, NY 11231, USA",info@hometownbarbque.com,general/unspecified,True,https://hometownbbq.com/eat-together,2026-10-03T21:48:58.157929+00:00,,False,http://www.hometownbarbque.com/
Hometown Bar-B-Que,ChIJ0VWwJI9awokRoiFWFqYZMQ8,"454 Van Brunt St, Brooklyn, NY 11231, USA",info@hometownbbq.com,general/unspecified,True,https://hometownbbq.com/ | https://hometownbbq.com/eat-together | https://hometownbbq.com/event-catering,2026-10-03T21:48:58.157929+00:00,,False,http://www.hometownbarbque.com/
Hug Esan,ChIJNQQa86pfwokRObYWOXqAYIg,"77-16 Woodside Ave, Elmhurst, NY 11373, USA",hugesannyc@gmail.com,general/unspecified,True,https://www.hugesannyc.net/ | https://www.hugesannyc.net | https://www.hugesannyc.net/catering-inquiry,2026-10-03T21:48:59.430057+00:00,,False,http://www.hugesannyc.net/
Hungry Thirsty,ChIJMRzjDuVbwokRXPeo4rKGGjQ,"407 Smith St, Brooklyn, NY 11231, USA",info@hungrythirstynyc.com,general/unspecified,True,https://www.hungrythirstynyc.com/ | https://www.hungrythirstynyc.com/contact | https://www.hungrythirstynyc.com/faq | https://www.hungrythirstynyc.com/about,2026-10-03T22:00:08.668933+00:00,,False,https://www.hungrythirstynyc.com/
HYDERABADI ZAIQA,ChIJjV-YTgBZwokRVeWJgF_z7eE,"184 Lexington Ave, New York, NY 10016, USA",hyderabadizaiqalexington@gmail.com,general/unspecified,True,https://www.hyderabadizaiqalexington.com/,2026-10-05T07:37:41.918192+00:00,"Address is case-preserved as published ('Hyderabadizaiqalexington@gmail.com'); page renders two mailto: links to the same address. Site initially served a 5-second browser check page which passed automatically; no challenge bypass performed. Parent packet's prior error for this URL was 'browser_challenge_or_unavailable' - now resolved and page fully loaded. Original official-site browser output independently audited: exact literal mailbox and mailto in FIND US block beside 184 Lexington Ave and 646-454-0033, matching saved identity. Parent replay encountered browser-check page. Publication is verified from original capture, not search inference.",False,https://hyderabadizaiqalexington.com/
I Love Paraguay Restaurant,ChIJ2YiAK9pewokRNHMumPYb3EU,"43-16 Greenpoint Ave, Sunnyside, NY 11104, USA",info@ilovepy.com,general/unspecified,True,https://www.ilovepy.com/ | https://www.ilovepy.com/pages/contact-us | https://www.ilovepy.com/pages/about-us | https://www.ilovepy.com/pages/reservation | https://www.ilovepy.com/pages/join-our-team | https://www.ilovepy.com/pages/hours-location,2026-10-03T22:00:09.483845+00:00,,False,http://www.ilovepy.com/
IBN Hamido Seafood,ChIJV6G4us9fwokRy4GOF89i6nE,"3129 Ditmars Blvd, Astoria, NY 11105, USA",ibnhamidonyc@gmail.com,general/unspecified,True,https://www.facebook.com/HamidoSeafood/,2026-10-05T06:42:47.501657+00:00,"Email extracted from the publicly rendered (logged-out) Facebook page Intro/About contact info; no login used. Official website hamidoseafood.com itself publishes no email anywhere (homepage, FAQ, footer checked; contact routes are tel: link and online ordering). Parent independently verified literal public business-contact publication. Strong: the official Facebook page 'IBN Hamido Seafood NYC' publishes the exact saved address 3129 Ditmars Blvd, Astoria, NY and the exact saved phone (718) 535-4700 alongside the email; the same page is linked from the footer of the saved official website hamidoseafood.com. Email extracted from the publicly rendered (logged-out) Facebook page Intro/About contact info; no login used. Official website hamidoseafood.com itself publishes no email anywhere (homepage, FAQ, footer checked; contact routes are tel: link and online ordering).",False,http://hamidoseafood.com/
Ichibantei,ChIJ5dru_nVZwokRarWwk6cjQZk,"100 3rd Ave, New York, NY 10003, USA",info@ichibanteiny.com,general/unspecified,True,https://ichibanteiny.com/private-event/ | https://ichibanteiny.com/corporate-event-space-near-union-square-nyc/,2026-10-03T22:00:10.680849+00:00,,False,https://ichibanteiny.com/?utm_source=google&utm_medium=organic&utm_campaign=gbp
Iki,ChIJrXWjZg5gwokRW_QM1gYAXyc,"133-42 39th Ave STE H04, Flushing, NY 11354, USA",info@ikicuisine.com,general/unspecified,True,https://ikirestaurant.com/,2026-10-03T21:49:01.543770+00:00,,False,http://ikirestaurant.com/
Il Nonno Ristorante,ChIJPQSqAQBfwokRkCRWBn84M4Q,"25-17 Astoria Blvd, Astoria, NY 11102, USA",ilnonnonyc@gmail.com,general/unspecified,True,https://www.ilnonnonyc.com/contact-us,2026-10-04T20:13:29.662018+00:00,,False,
Izakaya Juraku,ChIJKWcwq0FZwokRaLzSIo7SMXI,"121 Ludlow St, New York, NY 10002, USA",hello@izakayajuraku.com,general/unspecified,True,https://www.izakayajuraku.com/ | https://www.izakayajuraku.com/faq | https://www.izakayajuraku.com/about | https://www.izakayajuraku.com/events | https://www.izakayajuraku.com/events/juraku-olympics | https://www.izakayajuraku.com/events/brotaku-may-2026,2026-10-03T21:49:03.687089+00:00,,False,http://www.izakayajuraku.com/
Izakaya MEW,ChIJh_4leqlZwokRJxjh98xRrd4,"53 W 35th St, New York, NY 10001, USA",mew.manhattan@handhospitality.com,general/unspecified,True,http://mewnyc.com/mew35contact,2026-10-03T21:49:05.857452+00:00,,False,http://mewnyc.com/
Jora,ChIJMRDMWiRZwokRclRF5GXOLKM,"47-46 11th St, Long Island City, NY 11101, USA",reservations@jorany.com,reservations,True,https://www.jorany.com/reservations,2026-10-03T21:49:06.430246+00:00,,False,http://www.jorany.com/
Jua,ChIJfTgbIE9ZwokRdRjFE2OMZN8,"36 E 22nd St, New York, NY 10010, USA",info@juanyc.com,general/unspecified,True,https://juanyc.com/about | https://juanyc.com/event | https://juanyc.com/reservation,2026-10-03T21:49:06.542798+00:00,,False,http://www.juanyc.com/
Çka Ka Qëllue,ChIJJa93rKRZwokRPoOmc_ta6DU,"118 E 31st St, New York, NY 10016, USA",info@ckakaqellu.com,general/unspecified,True,https://ckakaqellu.com/new-york/,2026-10-03T21:49:06.947022+00:00,,False,https://ckakaqellue.com/
Kabab Cafe,ChIJR3kMeWpfwokRhQMUqlJb9jE,"25-12 Steinway St, Astoria, NY 11103, USA",kababcafe@hotmail.com,general/unspecified,True,https://www.kababcafenyc.com/ | https://www.kababcafenyc.com/about-us,2026-10-03T22:00:11.329043+00:00,,False,http://www.kababcafenyc.com/
Kalye Rivington,ChIJzxi2CEFZwokRGLb3H5aeHDU,"111 Rivington St, New York, NY 10002, USA",info@kalyenyc.com,general/unspecified,True,https://www.kalye.com/boodleevents,2026-10-03T21:49:07.685323+00:00,,False,https://kalye.com/
Karczma,ChIJ9d0I6kBZwokRHVwTlrpWxss,"136 Greenpoint Ave, Brooklyn, NY 11222, USA",info@karczmabrooklyn.com,general/unspecified,True,https://karczmabrooklyn.com/en/ | https://karczmabrooklyn.com/en/contact/,2026-10-03T21:49:08.224962+00:00,,False,http://karczmabrooklyn.com/en/
Kashin Japanese Restaurant,ChIJB0rwLpr0rIkRoXPNr5zMd5I,"309 Crossroads Blvd, Cary, NC 27518, USA",kashinjapaneserestaurant@gmail.com,general/unspecified,True,https://www.facebook.com/kashinsushi/about,2026-10-05T06:42:47.503771+00:00,"Published on the restaurant's own Facebook page (rendered publicly without login) alongside exact-matching phone and website. Publication proves intent as the restaurant's contact route; Gmail address and inbox ownership/delivery not independently verified. The restaurant's own site kashin.com is robot_excluded from prior sweeps and was not revisited. Parent independently verified literal public business-contact publication. Same official Facebook page lists phone (919) 851-7101 (exact match to saved phone) and website http://www.kashin.com/ (exact match to saved website); page titled 'Kashin Japanese Restaurant | Cary NC', 'established 1991', 'Page · Sushi Restaurant'. Published on the restaurant's own Facebook page (rendered publicly without login) alongside exact-matching phone and website. Publication proves intent as the restaurant's contact route; Gmail address and inbox ownership/delivery not independently verified. The restaurant's own site kashin.com is robot_excluded from prior sweeps and was not revisited.",False,http://www.kashin.com/
Kemo's Hot Kitchen Bites,ChIJM_8k-PpbwokRHosHIiSEajY,"574 Atlantic Ave, Brooklyn, NY 11217, USA",kemo.hotkitchen@gmail.com,general/unspecified,True,https://kemoshotkitchen.com/,2026-10-03T21:49:08.674697+00:00,,False,https://www.kemoshotkitchen.com/
KIMCHI RED - ALPHARETTA,ChIJpy06gX2f9YgRQEbNsauGzC0,"3630 Old Milton Pkwy #110, Alpharetta, GA 30005, USA",forum@kimchiredusa.com,general/unspecified,True,https://kimchiredusa.com/,2026-10-03T21:49:09.240722+00:00,,False,https://kimchiredusa.com/
KIMCHI RED - ALPHARETTA,ChIJpy06gX2f9YgRQEbNsauGzC0,"3630 Old Milton Pkwy #110, Alpharetta, GA 30005, USA",johnscreek@kimchiredusa.com,general/unspecified,True,https://kimchiredusa.com/,2026-10-03T21:49:09.240722+00:00,,False,https://kimchiredusa.com/
KIMCHI RED - ALPHARETTA,ChIJpy06gX2f9YgRQEbNsauGzC0,"3630 Old Milton Pkwy #110, Alpharetta, GA 30005, USA",krx@kimchiredusa.com,general/unspecified,True,https://kimchiredusa.com/ | https://kimchiredusa.com/kimchi-red-locations,2026-10-03T21:49:09.240722+00:00,,False,https://kimchiredusa.com/
Kimura,ChIJR6LukiNZwokR-MTHVUbu4q8,"31 St Marks Pl, New York, NY 10003, USA",kimura.press@gmail.com,events/catering,False,https://www.kimuranyc.com/services-3,2026-10-05T06:42:47.504622+00:00,"Genuine published restaurant-specific address on the official site, but purpose is catering/press routing, not a verified general-inquiry mailbox; keep the routing caveat when promoting. Publication does not verify inbox delivery/ownership. Parent independently verified publication and exact context: Catering & Events Contact kimura.press@gmail.com for all catering inquires All dishes are served buffet style. ​ Half tray serving recommended for 3-4guests Full tray serving recommended for 6-7guests Starter Edamame $35 (Half tray) $60 (Full tray) Fried chicken karaage $40 (Half tray) $75 (Full tray) Shrimp Shumai(steamed dumplings) $40 (Half tray) $75 (Full tray) Homemade pork gyoza(pan fried dumplings) *contains nuts $40 (Half tray) $75 (Full tray) ​ Grilled beef tongue slices $60 (Half tray) $11 Purpose restricted; not a general-inquiry/dietary recipient.",False,https://www.kimuranyc.com/
King's Sandwich Shop,ChIJ03gwMXTkrIkRs6xXvLt8Yj4,"701 Foster St, Durham, NC 27701, USA",tjmcdiv@gmail.com,general/unspecified,True,https://kingsdurham.square.site/,2026-10-05T07:37:41.922779+00:00,"Personal-style Gmail published in the business's own official contact footer with exact address/phone match; publication proves the restaurant publishes it as a contact route, but inbox ownership/delivery not verified. The mailto link is rendered as mailto:tjmcdiv@gmail.com on the page. Original browser tool capture independently audited: official Square ordering-site contact footer lists 701 Foster Street, Durham NC 27701, (919) 682-0071, and the exact mailbox, plus mailto. Parent replay had empty DOM. Business-purpose publication, not private-person inference.",False,https://kingssandwichshop.com/index.html
K.O. Burger,ChIJm4yElBpbwokRySmxMRM14O4,"1-3 Eldridge St Store B, New York, NY 10002, USA",info@koburger.com,privacy/legal,False,https://www.koburger.com/privacy-policy,2026-10-05T08:21:32.562510+00:00,"Per contract, a real published company email on a legal page is valid but labeled by actual purpose: privacy/legal contact for KOB NYC LLC at the Eldridge Street address. No other email is published anywhere on koburger.com (contact/catering/about/location pages checked); the contact page is a form with inquiry-type dropdown. Parent confirmed literal official policy Contact Information publication scoped to Statement of Privacy, with KOB NYC LLC at exact 1-3 Eldridge Street address. Not general despite info local-part.",False,https://www.koburger.com/
Koi Omakase,ChIJSWqCsoJbwokR4sr-BlYWi08,"55 5th Ave, Brooklyn, NY 11217, USA",koiomakase@gmail.com,general/unspecified,True,https://www.facebook.com/p/KimyoOmakase-61559828941812/,2026-10-05T07:37:41.924747+00:00,"Published twice in the page Intro (email string appears in Intro block). Brand evolution Koi Omakase -> Kimyo Omakase documented; address and phone exactly match the saved record. Address case preserved as published ('Koiomakase@gmail.com'; lowercase equivalent koiomakase@gmail.com). Original public Facebook tool capture independently audited: KimyoOmakase sushi-business contact block publishes this exact mailbox at 55 Fifth Ave and (917) 728-7563, both matching the saved Koi venue. Rebrand/old-name routing caveat; parent replay was login-walled. No login/bypass/delivery test.",False,https://koiomakase.square.site/
konban NYC,ChIJvWTRis1ZwokRTT9Et9dTcLE,"311 W 17th St, New York, NY 10011, USA",hello@konbannyc.com,general/unspecified,True,https://www.konbannyc.com/ | https://www.konbannyc.com/about,2026-10-03T21:49:10.895374+00:00,,False,https://www.konbannyc.com/
Kopitiam,ChIJCSo-rSlawokRXSVW0IKZ3vQ,"151 E Broadway, New York, NY 10002, USA",email@email.com,general/unspecified,True,https://www.kopitiamnyc.com/,2026-10-03T21:49:11.646526+00:00,,False,https://www.kopitiamnyc.com/
Kopitiam,ChIJCSo-rSlawokRXSVW0IKZ3vQ,"151 E Broadway, New York, NY 10002, USA",hello@kopitiamnyc.com,general/unspecified,True,https://www.kopitiamnyc.com/ | https://www.kopitiamnyc.com/contact-1 | https://www.kopitiamnyc.com/faq-1,2026-10-03T21:49:11.646526+00:00,,False,https://www.kopitiamnyc.com/
Kuku Korean Cuisine LIC,ChIJx9WY5JtZwokR68C8WLI5KsY,"12-09 Jackson Ave, Long Island City, NY 11101, USA",info@eatkuku.com,general/unspecified,True,https://eatkuku.com/locations,2026-10-03T21:49:12.894023+00:00,,False,https://eatkuku.com/
Kyma,ChIJq6pu4qJZwokRARFMcQsmd6Y,"15 W 18th St, New York, NY 10011, USA",flatiron@kymarestaurants.com,general/unspecified,True,https://www.kymarestaurants.com/location/kyma-flatiron/,2026-10-04T20:47:05.001532+00:00,,False,https://kymarestaurants.com/
L.A. Burdick Handmade Chocolates,ChIJZb4iO2h344kRYlGCFOd866I,"52 Brattle St, Cambridge, MA 02138, USA",burdick@burdickchocolate.com,general/unspecified,True,https://www.burdickchocolate.com/pages/contact | https://www.burdickchocolate.com/pages/faq,2026-10-03T22:00:13.710830+00:00,,False,https://www.burdickchocolate.com/
L.A. Burdick Handmade Chocolates,ChIJZb4iO2h344kRYlGCFOd866I,"52 Brattle St, Cambridge, MA 02138, USA",press@burdickchocolate.com,press/marketing,False,https://www.burdickchocolate.com/pages/contact,2026-10-03T22:00:13.710830+00:00,,False,https://www.burdickchocolate.com/
La Dong,ChIJzRCbxRVZwokRDAzYpDpbyG4,"11 E 17th St, New York, NY 10003, USA",reservation@ladongnyc.com,reservations,True,https://www.ladongnyc.com/,2026-10-03T22:00:14.134165+00:00,,False,http://www.ladongnyc.com/
Laghman Express,ChIJS4XlsltFwokRi2JwjMocEAI,"2376 Coney Island Ave, Brooklyn, NY 11223, USA",laghmanexpress@gmail.com,general/unspecified,True,https://www.facebook.com/people/Laghman-Express/61574716337327/,2026-10-05T07:21:04.916184+00:00,"Published twice in the Intro. Caveat: the Facebook page lists phone (315) 621-0525, which differs from the saved (718) 233-8333 (possibly a newer/catering line); address and the official laghmanexpress.com link provide the identity match. Delivery not verified. Parent independently verified public publication and context. Page lists address '2376 Coney Island Ave, New York, NY' exactly matching the saved record (2376 Coney Island Ave, Brooklyn, NY 11223) and links to laghmanexpress.com — the saved official website. Page posts reference 'both Brooklyn locations'. Published twice in the Intro. Caveat: the Facebook page lists phone (315) 621-0525, which differs from the saved (718) 233-8333 (possibly a newer/catering line); address and the official laghmanexpress.com link provide the identity match. Delivery not verified. Source-specific purpose preserved; not inferred from mailbox local-part.",False,http://laghmanexpress.com/
LaRina Pastificio & Vino,ChIJweAtELhbwokRO1AexCvuRo0,"387 Myrtle Ave, Brooklyn, NY 11205, USA",larinabrooklyn@gmail.com,general/unspecified,True,https://larinabrooklyn.com/ | https://larinabrooklyn.com/events | https://larinabrooklyn.com/contact | https://larinabrooklyn.com/about,2026-10-03T21:49:16.033847+00:00,,False,http://larinabk.com/
Le Sia,ChIJq2WjhLVZwokRBNFohweL-NA,"651 9th Ave, New York, NY 10036, USA",lesiahellskitchen@gmail.com,general/unspecified,True,https://www.lesianyc.com/ | https://www.lesianyc.com,2026-10-03T21:49:16.038986+00:00,,False,http://lesianyc.com/
Lena's Italian Kitchen (UES),ChIJBTSGOAdZwokRQriZNbOP4u4,"1167 2nd Ave, New York, NY 10065, USA",info1167@lenasitaliankitchentogo.com,general/unspecified,True,https://www.lenasitaliankitchentogo.com/ny1167/menu.php,2026-10-05T08:21:32.562975+00:00,"Location-specific mailbox for the 1167 2nd Ave branch (saved restaurant), distinct from the Kips Bay branch (which would use its own ny551 address). Literal published mailto including display name 'Lena's Italian Kitchen'. Parent confirmed both exact literal email and standalone mailto in UES ordering-site footer beside 1167 2nd Avenue and (212)725-5362, matching saved branch. Official site links ORDER ONLINE (UES) to this business storefront. Location contact/refund questions; no general-use prohibition observed.",False,https://www.lenasitaliankitchen.com/
Little Bull,ChIJt1-VgdLlrIkRTwobcHHBJNQ,"810 N Mangum St, Durham, NC 27701, USA",info@littlebullnc.com,general/unspecified,True,https://littlebullnc.com/ | https://littlebullnc.com/durham-downtown-little-bull-about,2026-10-03T21:49:17.091760+00:00,,False,http://littlebullnc.com/
Loopy's Eatery,ChIJHy30AiW0t4kRn50ZBb8bGQA,"156 W 29th St, New York, NY 10001, USA",contact@loopyseatery.com,general/unspecified,True,https://loopyseatery.com/ | https://loopyseatery.com/new-york-chelsea-loopy-s-eatery-about,2026-10-03T21:49:18.248751+00:00,,False,https://loopyseatery.com/
Lucia Pizza,ChIJ05JUTBBgwokR5r9N-VKn6Rg,"136-55B, 136 - 55 Roosevelt Ave, Flushing, NY 11354, USA",myluciapizza@aol.com,general/unspecified,True,https://www.luciapizzany.com/ | https://www.luciapizzany.com,2026-10-03T21:49:18.830890+00:00,,False,https://www.luciapizzany.com/
Lulu and Dino Cafe Bakery,ChIJD0Nq6y5hwokRvcc2c-GhBjM,"219-02 Northern Blvd, Bayside, NY 11361, USA",info@luludinocafe.com,general/unspecified,True,https://lulu-dino.square.site/,2026-10-03T22:09:47.288968+00:00,,False,http://luludinocafe.com/
Luna Rotisserie and Empanadas,ChIJP59o423krIkRSMWfvuK7-GY,"112 W Main St, Durham, NC 27701, USA",infodurham@lunarotisserie.com,general/unspecified,True,https://www.lunarotisserie.com/ | https://www.lunarotisserie.com/about,2026-10-03T21:49:19.081847+00:00,,False,http://www.lunarotisserie.com/
Madame Vo,ChIJqRaETJxZwokRik6wrAXTOd4,"212 E 10th St, New York, NY 10003, USA",hello@madamevonyc.com,general/unspecified,True,https://www.madamevo.com/contact,2026-10-03T21:49:19.660144+00:00,,False,http://www.madamevo.com/
Madame Vo,ChIJqRaETJxZwokRik6wrAXTOd4,"212 E 10th St, New York, NY 10003, USA",yen@madamevonyc.com,general/unspecified,True,https://www.madamevo.com/contact,2026-10-03T21:49:19.660144+00:00,,False,http://www.madamevo.com/
Mala Hot Pot,ChIJU_jf_XxZwokRGPLWEYVWR7w,"35 W 36th St., New York, NY 10018, USA",kevin@malahotpotnyc.com,general/unspecified,True,https://www.malahotpotnyc.com/ | https://www.malahotpotnyc.com,2026-10-03T21:49:19.917717+00:00,,False,https://www.malahotpotnyc.com/
Malai,ChIJrcsOH9pbwokRJV7eZEpW0tU,"268 Smith St, Brooklyn, NY 11231, USA",events@malai.co,events/catering,False,https://www.malai.co/contact,2026-10-03T21:49:20.205986+00:00,,False,https://www.malai.co/
Malai,ChIJrcsOH9pbwokRJV7eZEpW0tU,"268 Smith St, Brooklyn, NY 11231, USA",info@malai.co,general/unspecified,True,https://www.malai.co/contact,2026-10-03T21:49:20.205986+00:00,,False,https://www.malai.co/
Malai,ChIJrcsOH9pbwokRJV7eZEpW0tU,"268 Smith St, Brooklyn, NY 11231, USA",press@malai.co,press/marketing,False,https://www.malai.co/contact,2026-10-03T21:49:20.205986+00:00,,False,https://www.malai.co/
Malai,ChIJrcsOH9pbwokRJV7eZEpW0tU,"268 Smith St, Brooklyn, NY 11231, USA",wholesale@malai.co,general/unspecified,True,https://www.malai.co/contact,2026-10-03T21:49:20.205986+00:00,,False,https://www.malai.co/
Mango Mango Dessert,ChIJvVoqMxBgwokRAUqvd8VcSk4,"136-28 39th Ave, Flushing, NY 11354, USA",customerservice@mangomangodessert.com,privacy/legal,False,https://www.mangomangodessert.com/privacy,2026-10-05T07:21:04.919980+00:00,"Found in this run's deeper inspection of the official site privacy page (not present on career/franchise pages, which are form-only). Purpose is customer-service/communications per the privacy-page wording, so treat as general customer-service address rather than a location-specific inbox. Publication verified only; inbox delivery not probed. Parent independently verified literal publication on brand privacy page, scoped to policy/data/communications questions. Saved Flushing branch confirmed on official brand location evidence. Accepted only as privacy/legal; not general despite customerservice local-part.",False,https://www.mangomangodessert.com/
Market 57,ChIJ48Dfk_tZwokR-g8blgctP58,"25 11th Ave, New York, NY 10011, USA",pier57info@jamestownlp.com,general/unspecified,True,https://pier57nyc.com/market-57/ | https://pier57nyc.com/about/ | https://pier57nyc.com/events/ | https://pier57nyc.com/location/ | https://pier57nyc.com/bookings/privateevents/ | https://pier57nyc.com/events/?events-category=market-57-food-hall,2026-10-03T21:49:21.237329+00:00,,False,https://pier57nyc.com/market-57
Matsunori Handroll Bar,ChIJKYSwRQRZwokRrQ427R4G4BQ,"27-09 Thomson Ave, Long Island City, NY 11101, USA",lic@matsunori.com,general/unspecified,True,https://matsunori.com/lic/,2026-10-03T22:00:16.713690+00:00,,False,https://matsunori.com/lic
Meijin Ramen,ChIJx1q8UrlYwokRjOmzO2_-otA,"1574 2nd Ave, New York, NY 10028, USA",meijinramen@gmail.com,general/unspecified,True,https://www.meijinramen.com/ | https://www.meijinramen.com/about,2026-10-03T21:49:24.150685+00:00,,False,https://www.meijinramen.com/
Mexicocina Mezcaleria,ChIJySFE9rn1wokRPae7M19QEVY,"503 Jackson Ave, Bronx, NY 10455, USA",mexicocinabny@gmail.com,general/unspecified,True,https://www.getsauce.com/order/site/mexicocina-mezcaleria/,2026-10-05T08:21:32.565050+00:00,Published as a literal mailto link (mailto:mexicocinabny@gmail.com) on the restaurant's official ordering platform matching saved address and phone. Publication verified in isolated browser session; inbox delivery not tested. Parent confirmed advertised mailbox/mailto on ordinary ordering-site home Contact block and sitewide footer beside saved 503 Jackson Ave and (347)498-1055. Not hiring-only; corroborated on homepage rather than merely hiring page.,False,http://mexicocinanyc.com/
Mile End Delicatessen,ChIJLb9vlE1awokRL4Ume5zpejQ,"97 Hoyt St, Brooklyn, NY 11217, USA",catering@mileenddeli.com,events/catering,False,https://devmileend.squarespace.com/catering,2026-10-05T07:21:04.922083+00:00,"Also published on the contact page as 'CATERING & EVENTS: catering@mileenddeli.com'. Purpose is catering-specific; use only for catering inquiries unless promoted as general by parent. Parent independently verified public publication and context. Same business-owned site; catering page footer states '97A HOYT STREET, BROOKLYN, NY 11217 (718) 852 - 7510' matching saved address/phone Also published on the contact page as 'CATERING & EVENTS: catering@mileenddeli.com'. Purpose is catering-specific; use only for catering inquiries unless promoted as general by parent. Source-specific purpose preserved; not inferred from mailbox local-part.",False,http://www.mileenddeli.com/
Mile End Delicatessen,ChIJLb9vlE1awokRL4Ume5zpejQ,"97 Hoyt St, Brooklyn, NY 11217, USA",hello@mileenddeli.com,press,False,https://devmileend.squarespace.com/contact,2026-10-05T07:21:04.922083+00:00,"Live domain www.mileenddeli.com/contact was blocked by a Cloudflare security verification this run; the identical business-owned Squarespace site (devmileend.squarespace.com, same nav/branding/address/phone) publishes this address. Purpose label is media inquiries — a general hello address, though not explicitly a customer-service label. Parent independently verified public publication and context. Page footer states '97A HOYT STREET, BROOKLYN, NY 11217 (718) 852 - 7510' matching saved address 97 Hoyt St, Brooklyn, NY 11217 and saved phone (718) 852-7510 Live domain www.mileenddeli.com/contact was blocked by a Cloudflare security verification this run; the identical business-owned Squarespace site (devmileend.squarespace.com, same nav/branding/address/phone) publishes this address. Purpose label is media inquiries — a general hello address, though not explicitly a customer-service label. Source-specific purpose preserved; not inferred from mailbox local-part.",False,http://www.mileenddeli.com/
Mitr Thai Restaurant,ChIJ3aKC18JZwokRV_edM73h9UI,"37 W 46th St, New York, NY 10036, USA",info@mitrthainyc.com,general/unspecified,True,https://mitrthainyc.com/,2026-10-03T21:49:26.000597+00:00,,False,http://mitrthainyc.com/
Momo Crave,ChIJPfcKgMVfwokR1iMtONhsfKM,"38-07 69th St, Woodside, NY 11377, USA",momocrave@gmail.com,general/unspecified,True,https://momocrave.com/,2026-10-03T21:49:29.166026+00:00,,False,https://momocrave.com/
Momo Crave,ChIJPfcKgMVfwokR1iMtONhsfKM,"38-07 69th St, Woodside, NY 11377, USA",whoisanup@gmail.com,general/unspecified,True,https://momocrave.com/,2026-10-03T21:49:29.166026+00:00,,False,https://momocrave.com/
Momosan Ramen & Sake,ChIJucFsVwFZwokRDgJNUSyXpQE,"342 Lexington Ave, New York, NY 10016, USA",info@momosanramen.com,general/unspecified,True,https://momosanramen.com/takeout-and-delivery/,2026-10-04T21:02:11.030253+00:00,,False,http://momosanramen.com/
Mr P's Homemade Ice Cream,ChIJz82DrkhbwokR-4Uqpwog0Wo,"1397 Nostrand Ave, Brooklyn, NY 11226, USA",mrpsicecream@gmail.com,general/unspecified,True,https://mr-ps-homemade-ice-cream.com/,2026-10-05T07:37:41.934503+00:00,"Address published as 'Mrpsicecream@gmail.com' (case as published); no mailto link observed. Also corroborated by thesugar.app lead listing language 'mr-ps-homemade-ice-cream.com @ mrpsicecream phone +19736403200'. The earlier local.us-info.com partial-email lead ('..con@..') is superseded by this official-site find. Original official-site rendered tool output independently audited: homepage CONTACT footer openly publishes exact mailbox with +1 (973) 640-3200 matching saved phone and Flatbush/Brooklyn identity. Parent replay encountered browser-check page. Source is public business contact, not guessed personal mailbox.",False,
Mrs. Fish,ChIJLUVoTmBbwokRC1-4BFSNJ5s,"34 Pell St, New York, NY 10013, USA",sichuanhotpotcuisine@gmail.com,general/unspecified,True,https://www.facebook.com/mrs.fishnyc/about/,2026-10-05T07:21:04.923243+00:00,"Verified this run directly in an isolated browser: the official page publicly lists this address in its Contact info with matching Pell St address. The site it advertises (mrsfishnyc.com) fails with SSL protocol error / DNS resolution failure, so no primary-site corroboration was possible; note the Facebook-listed phone (212) 267-8886 differs by one digit from the saved (212) 267-8885. Gmail address published as the business's own contact, not a personal individual address. Parent independently verified public publication and context. Published on the official Mrs. Fish Facebook page alongside the saved address 34 Pell St, New York, NY 10013 and the business phone; category 'Szechuan/Sichuan Restaurant' matches Verified this run directly in an isolated browser: the official page publicly lists this address in its Contact info with matching Pell St address. The site it advertises (mrsfishnyc.com) fails with SSL protocol error / DNS resolution failure, so no primary-site corroboration was possible; note the Facebook-listed phone (212) 267-8886 differs by one digit from the saved (212) 267-8885. Gmail address published as the business's own contact, not a personal individual address. Source-specific purpose preserved; not inferred from mailbox local-part.",False,
Naks,ChIJQfYrEfNZwokRFPKHZM6aH4w,"201 1st Ave, New York, NY 10003, USA",hello@naks.nyc,general/unspecified,True,https://www.naks.nyc/ | https://www.naks.nyc/private-events-1 | https://www.naks.nyc/private-events | https://www.naks.nyc/cateringinquiry,2026-10-03T21:49:32.478622+00:00,,False,http://naks.nyc/
Naks,ChIJQfYrEfNZwokRFPKHZM6aH4w,"201 1st Ave, New York, NY 10003, USA",press@uafoods.nyc,press/marketing,False,https://www.naks.nyc/ | https://www.naks.nyc/private-events-1 | https://www.naks.nyc/private-events | https://www.naks.nyc/cateringinquiry,2026-10-03T21:49:32.478622+00:00,,False,http://naks.nyc/
Namaste,ChIJbaNJYKpbwokRt-22jFjSBE4,"195 5th Ave, Brooklyn, NY 11217, USA",hello@divibrewery.com,general/unspecified,True,https://namastebk.com/contact/,2026-10-03T21:49:32.582834+00:00,,False,http://www.namastebk.com/
Namaste,ChIJbaNJYKpbwokRt-22jFjSBE4,"195 5th Ave, Brooklyn, NY 11217, USA",info@namastebk.com,general/unspecified,True,https://namastebk.com/contact/,2026-10-03T21:49:32.582834+00:00,,False,http://www.namastebk.com/
Namaste Tasi Delek Restaurant & Bar,ChIJ6Sx0LQdfwokR4xVSoZkDkyo,"37-66 74th St., Jackson Heights, NY 11372, USA",prajwalmishra5@gmail.com,general/unspecified,True,https://namastetasidelek.com/ | https://namastetasidelek.com/Contact,2026-10-03T22:10:20.143294+00:00,,False,https://namastetasidelek.com/
Nami Nori West Village,ChIJcfbyqFNZwokRUoBP92II4c0,"33 Carmine St, New York, NY 10014, USA",info@naminori.nyc,general/unspecified,True,https://www.naminori.us/ | https://www.naminori.us/atlantic-park | https://www.naminori.us/reservations,2026-10-03T21:49:32.768747+00:00,,False,http://naminori.nyc/
"Nan Xiang Express - Williamsburg, NY",ChIJs-DAOahZwokR22b9nTj-IWE,"167 Grand St, Brooklyn, NY 11249, USA",catering@nanxiangexpress.com,events/catering,False,https://nanxiangexpress.com/catering/,2026-10-05T07:21:04.924909+00:00,"Explicitly published literal address next to a catering inquiry form; restricted to catering, not general inquiries. Parent independently verified literal public publication and source-specific purpose. Published on the official brand website (nanxiangexpress.com) that is the saved website of the Williamsburg branch; catering serves all Nan Xiang Express locations. Explicitly published literal address next to a catering inquiry form; restricted to catering, not general inquiries.",False,https://nanxiangexpress.com/
"Nan Xiang Express - Williamsburg, NY",ChIJs-DAOahZwokR22b9nTj-IWE,"167 Grand St, Brooklyn, NY 11249, USA",hello@nanxiangexpress.com,general/unspecified,True,https://nanxiangexpress.com/catering/,2026-10-05T07:21:04.924909+00:00,"Brand-level general address published on the official site footer; the saved Williamsburg branch has no branch-specific mailbox published. Parent may prefer this as the brand route for the Williamsburg branch or keep as promoted-with-caveat. Parent independently verified literal public publication and source-specific purpose. nanxiangexpress.com is the website saved on this branch's Google listing (saved website field = https://nanxiangexpress.com/); the brand operates Nan Xiang Express branches including 167 Grand St, Williamsburg (third-party listings restaurantjump/wheree/checkle describe the Williamsburg branch as a Nan Xiang Express location of the Nan Xiang Xiao Long Bao brand). robots.txt of nanxiangexpress.com disallows only /admin/, /includes/, /config/, /logs/, /backup/, /.env, /wp-admin/, /wp-includes/ - the packet's robot_excluded root URL was not revisited; only robots-permitted subpages (/catering/, /location) were opened. Brand-level general address published on the official site footer; the saved Williamsburg branch has no branch-specific mailbox published. Parent may prefer this as the brand route for the Williamsburg branch or keep as promoted-with-caveat.",False,https://nanxiangexpress.com/
Nan Xiang Soup Dumplings - Flushing,ChIJVz4MXA5gwokRhGRy5-dJryQ,"39-16 Prince St #104, Flushing, NY 11354, USA",catering@nanxiangxiaolongbao.com,events/catering,False,https://nanxiangxiaolongbao.com/catering/,2026-10-05T07:21:04.925533+00:00,"Literal published address on the official site; catering-restricted, not a general mailbox. The packet's robot_excluded root (nanxiangxiaolongbao.com/?utm...) was NOT revisited; robots.txt disallows only /admin/ /includes/ /config/ /logs/ /backup/ /.env /wp-admin/ /wp-includes/, and navigation used observed nav links (/catering/, /contact, /press, /story, /partnership). Parent independently verified literal public publication and source-specific purpose. nanxiangxiaolongbao.com is the website saved on this Flushing branch's Google listing (saved website = https://nanxiangxiaolongbao.com/?utm_source=gbp&utm_medium=organic&utm_content=flushing); the site's own contact form 'Location visited' dropdown includes 'Flushing New York', confirming the Flushing branch is served by this official site. Literal published address on the official site; catering-restricted, not a general mailbox. The packet's robot_excluded root (nanxiangxiaolongbao.com/?utm...) was NOT revisited; robots.txt disallows only /admin/ /includes/ /config/ /logs/ /backup/ /.env /wp-admin/ /wp-includes/, and navigation used observed nav links (/catering/, /contact, /press, /story, /partnership).",False,https://nanxiangxiaolongbao.com/?utm_source=gbp&utm_medium=organic&utm_content=flushing
Nikos,ChIJ_x9-aXHlrIkRftJI4-J7huQ,"BrightLeaf Square, 905 W Main St Unit 21B, Durham, NC 27701, USA",info@nikosdurham.com,general/unspecified,True,https://www.nikosdurham.com/ | https://www.nikosdurham.com/contact/ | https://www.nikosdurham.com/join-our-team/ | https://www.nikosdurham.com/upcomingevents/ | https://www.nikosdurham.com/private-events/ | https://www.nikosdurham.com/event/opa-hour-1/,2026-10-03T21:49:34.785300+00:00,,False,https://www.nikosdurham.com/
Nōksu,ChIJSfeOCf5ZwokRWuoMT5Kc6KY,"49 W 32nd St, New York, NY 10001, USA",info@noksunyc.com,general/unspecified,True,https://noksunyc.com/?SEO_id=GMB--R-NYCCUQQ-2&y_source=1_MTA0NTQ1Mjg1MS03MTUtbG9jYXRpb24ud2Vic2l0ZQ%3D%3D,2026-10-03T21:49:35.219570+00:00,,False,https://noksunyc.com/?SEO_id=GMB--R-NYCCUQQ-2&y_source=1_MTA0NTQ1Mjg1MS03MTUtbG9jYXRpb24ud2Vic2l0ZQ%3D%3D
Nōksu,ChIJSfeOCf5ZwokRWuoMT5Kc6KY,"49 W 32nd St, New York, NY 10001, USA",reservations@noksunyc.com,reservations,True,https://noksunyc.com/?SEO_id=GMB--R-NYCCUQQ-2&y_source=1_MTA0NTQ1Mjg1MS03MTUtbG9jYXRpb24ud2Vic2l0ZQ%3D%3D,2026-10-03T21:49:35.219570+00:00,,False,https://noksunyc.com/?SEO_id=GMB--R-NYCCUQQ-2&y_source=1_MTA0NTQ1Mjg1MS03MTUtbG9jYXRpb24ud2Vic2l0ZQ%3D%3D
Nōksu,ChIJSfeOCf5ZwokRWuoMT5Kc6KY,"49 W 32nd St, New York, NY 10001, USA",steven@hallpr.com,general/unspecified,True,https://noksunyc.com/?SEO_id=GMB--R-NYCCUQQ-2&y_source=1_MTA0NTQ1Mjg1MS03MTUtbG9jYXRpb24ud2Vic2l0ZQ%3D%3D,2026-10-03T21:49:35.219570+00:00,,False,https://noksunyc.com/?SEO_id=GMB--R-NYCCUQQ-2&y_source=1_MTA0NTQ1Mjg1MS03MTUtbG9jYXRpb24ud2Vic2l0ZQ%3D%3D
Nowon East Village,ChIJjReAQKxZwokRnnraeb2WJ18,"507 E 6th St, New York, NY 10009, USA",eastvillage@nowonusa.com,general/unspecified,True,https://www.nowonusa.com/eastvillageinfo,2026-10-04T20:09:17.570226+00:00,,False,https://www.nowonusa.com/
Oh! Calcutta,ChIJafVB3NhZwokR1Hp1ajjjkck,"10-57 Jackson Ave, Long Island City, NY 11101, USA",ohcalcuttanyc@gmail.com,general/unspecified,True,https://ohcalcuttanyc.com/,2026-10-03T21:49:37.110313+00:00,,False,https://ohcalcuttanyc.com/
OKONOMI Brooklyn,ChIJ2YwyMVhZwokRE47dTb7x1fo,"150 Ainslie St, Brooklyn, NY 11211, USA",okonomi@handhospitality.com,careers,False,https://nyc.mixb.net/job/articles/240139,2026-10-05T07:21:04.928495+00:00,"Literal address published on MixB (Japanese community classifieds) on 2026-06-30 for this exact branch/address. Purpose is hiring only; parent should decide whether a restricted-purpose address is useful. No general customer email found on okonomi.us. Parent independently verified literal public publication and source-specific purpose. The posting is explicitly for OKONOMI Brooklyn at the saved address 150 Ainslie St, Brooklyn, NY 11211, with company HAND HOSPITALITY and contact person Yugo. Literal address published on MixB (Japanese community classifieds) on 2026-06-30 for this exact branch/address. Purpose is hiring only; parent should decide whether a restricted-purpose address is useful. No general customer email found on okonomi.us.",False,https://www.okonomi.us/
Ootoya Times Square,ChIJOYze16pZwokRG9GTU_NvhGM,"141 W 41st St, New York, NY 10036, USA",chelsea@ootoya.us,general/unspecified,True,https://www.ootoya.us/locations,2026-10-03T21:49:39.266649+00:00,,False,http://ootoya.us/
Ootoya Times Square,ChIJOYze16pZwokRG9GTU_NvhGM,"141 W 41st St, New York, NY 10036, USA",corporate@ootoya.us,general/unspecified,True,https://www.ootoya.us/about | https://www.ootoya.us/reservations | https://www.ootoya.us/join-our-team,2026-10-03T21:49:39.266649+00:00,,False,http://ootoya.us/
Ootoya Times Square,ChIJOYze16pZwokRG9GTU_NvhGM,"141 W 41st St, New York, NY 10036, USA",recruit@ootoya.us,careers,False,https://www.ootoya.us/join-our-team,2026-10-03T21:49:39.266649+00:00,,False,http://ootoya.us/
Ootoya Times Square,ChIJOYze16pZwokRG9GTU_NvhGM,"141 W 41st St, New York, NY 10036, USA",timessquare@ootoya.us,general/unspecified,True,https://www.ootoya.us/locations,2026-10-03T21:49:39.266649+00:00,,False,http://ootoya.us/
Ootoya Times Square,ChIJOYze16pZwokRG9GTU_NvhGM,"141 W 41st St, New York, NY 10036, USA",unionsquare@ootoya.us,general/unspecified,True,https://www.ootoya.us/locations,2026-10-03T21:49:39.266649+00:00,,False,http://ootoya.us/
OTB,ChIJ51pNHN9bwokROF0EWcMTsoU,"141 Broadway, Brooklyn, NY 11211, USA",otbbrooklyn@gmail.com,general/unspecified,True,http://www.otbbk.com/ | http://www.otbbk.com/hours-location,2026-10-03T21:49:39.879847+00:00,,False,http://www.otbbk.com/
owambe,ChIJIUPX8lNtiEcReRmPKNepEWw,"Via Tolmino, 50/Int 16, 10141 Torino TO, Italy",info@owambe.it,general/unspecified,True,https://www.owambe.it/,2026-10-03T22:10:49.517607+00:00,,False,http://www.owambe.it/
Pasta de Pasta,ChIJS_F8t5lZwokRewskQW2Tzk8,"165 1st Ave, New York, NY 10003, USA",hello@pastadepasta.com,general/unspecified,True,https://pastadepasta.com/,2026-10-03T22:00:19.225064+00:00,,False,https://pastadepasta.com/
Pasta Louise Cafe,ChIJUT2KUtFbwokRql5GDwF2rq8,"803 8th Ave, Brooklyn, NY 11215, USA",cheers@pastalouise.com,general/unspecified,True,https://www.barlouisenyc.com/about,2026-10-03T22:10:57.172286+00:00,"Shared restaurant-group/sister-venue contact, not a verified cafe-specific mailbox. Confirm cafe routing before disclosing allergy information.",False,https://www.pastalouise.com/
Peaches HotHouse,ChIJoxuT5Y5bwokR4BUNuEswrcI,"415 Tompkins Ave, Brooklyn, NY 11216, USA",peachesgrand@gmail.com,general/unspecified,True,https://www.bcrestaurantgroup.com/location/peaches-grand/,2026-10-03T21:49:42.020224+00:00,,False,http://www.bcrestaurantgroup.com/hothouse
Peppercorn Station 青花椒 纽约,ChIJ5ckmp3JZwokRYISySgjWO7k,"66 W 39th St, New York, NY 10018, USA",peppercornstation@gmail.com,general/unspecified,True,https://www.peppercornstation.com/,2026-10-03T21:49:42.827053+00:00,,False,http://www.peppercornstation.com/
Pierozek,ChIJl-l0rSdZwokReqiZ7S2yx0A,"592 Manhattan Ave, Brooklyn, NY 11222, USA",catering@pierozekbrooklyn.com,general/unspecified,True,https://www.pierozekbrooklyn.com/ | https://www.pierozekbrooklyn.com/events | https://www.pierozekbrooklyn.com/home,2026-10-05T07:21:04.932965+00:00,"Published literally in visible page text (footer of home, /events, /catering-1) with matching address/phone. Label caveat: address is branded 'catering@' and is the site's designated catch-all including 'Website Inquiry' mailto routing; it is a de-facto general route but its advertised name is catering. Beyond the previously known /events citation, this sweep adds the homepage footer text, the Website-Inquiry mailto, and the catering-order usage. Parent independently verified literal public publication and source-specific purpose. Footer on the same page as the email shows 592 Manhattan Ave., Brooklyn, NY 11222 and (718) 576-3866, matching the saved business address and phone exactly; site is pierozekbrooklyn.com per saved website field Published literally in visible page text (footer of home, /events, /catering-1) with matching address/phone. Label caveat: address is branded 'catering@' and is the site's designated catch-all including 'Website Inquiry' mailto routing; it is a de-facto general route but its advertised name is catering. Beyond the previously known /events citation, this sweep adds the homepage footer text, the Website-Inquiry mailto, and the catering-order usage. General-role override is based on the sole site-wide contact mailto explicitly prefilled with subject Website Inquiry, not a guess based on local-part. Address remains catering-named; confirm handling of dietary inquiries.",False,http://www.pierozekbrooklyn.com/
Pig and Khao,ChIJmWvEAIZYwokRpvhPBfDbi_k,"433 Amsterdam Ave, New York, NY 10024, USA",events@pigandkhao.com,events/catering,False,https://www.pigandkhao.com/contact | https://www.pigandkhao.com/events,2026-10-05T07:21:04.933261+00:00,"Limited-purpose only; no general mailbox published anywhere on the site (contact, press-take-2 pages checked; /jobs is a 404). Stays limited-purpose per parent guidance. Parent independently verified literal public publication and source-specific purpose. Same site's Visit Us page (https://www.pigandkhao.com/uws) footer shows 'UPPER WEST SIDE 433 AMSTERDAM AVENUE NEW YORK, NY 10024', matching the saved UWS branch address; contact page is the brand's official contact route covering this location Limited-purpose only; no general mailbox published anywhere on the site (contact, press-take-2 pages checked; /jobs is a 404). Stays limited-purpose per parent guidance.",False,https://www.pigandkhao.com/uws
pinkFROG cafe,ChIJif490AJZwokRtX3kYQ2ey04,"221 N 9th St, Brooklyn, NY 11211, USA",eventpinkfrogcafe@gmail.com,events/catering,False,https://pinkfrogcafe.com/?page_id=135,2026-10-03T21:49:44.742769+00:00,,False,http://pinkfrogcafe.com/
pinkFROG cafe,ChIJif490AJZwokRtX3kYQ2ey04,"221 N 9th St, Brooklyn, NY 11211, USA",hello@pinkfrogcafe.com,general/unspecified,True,https://pinkfrogcafe.com/ | https://pinkfrogcafe.com/?page_id=135 | https://pinkfrogcafe.com/?page_id=10729,2026-10-03T21:49:44.742769+00:00,,False,http://pinkfrogcafe.com/
Pochana Thai Kitchen,ChIJS6RtpzhfwokREkNkq6h__dQ,"33-16 30th Ave., Astoria, NY 11103, USA",pochananyc@gmail.com,general/unspecified,True,https://www.pochananyc.com/ | https://www.pochananyc.com,2026-10-03T21:49:46.060169+00:00,,False,http://pochananyc.com/
Pranakhon,ChIJeWk_ncJZwokR1QHfApa0dQo,"88 University Pl, New York, NY 10003, USA",info@pranakhonnyc.com,general/unspecified,True,https://pranakhonnyc.com/,2026-10-03T21:49:46.310139+00:00,,False,https://pranakhonnyc.com/
Queen’s Room,ChIJS0-CIGZfwokRgs6ADyiQEKE,"36-02 Ditmars Blvd, Astoria, NY 11105, USA",events@queensroomnyc.com,events/catering,False,https://www.queensroomnyc.com/contact,2026-10-03T22:00:20.068018+00:00,,False,http://queensroomnyc.com/
Queen’s Room,ChIJS0-CIGZfwokRgs6ADyiQEKE,"36-02 Ditmars Blvd, Astoria, NY 11105, USA",info@queensroomnyc.com,general/unspecified,True,https://www.queensroomnyc.com/ | https://www.queensroomnyc.com/contact | https://www.queensroomnyc.com/about | https://www.queensroomnyc.com/reservationsandevents,2026-10-03T22:00:20.068018+00:00,,False,http://queensroomnyc.com/
R40,ChIJmfa2wdVZwokRQhZSfY9P4p0,"47-16 Vernon Blvd, Long Island City, NY 11101, USA",events@r40lic.com,events/catering,False,https://www.r40lic.com/ | https://www.r40lic.com/contact-1,2026-10-03T22:00:20.628615+00:00,,False,http://www.r40lic.com/
R40,ChIJmfa2wdVZwokRQhZSfY9P4p0,"47-16 Vernon Blvd, Long Island City, NY 11101, USA",jobs@r40lic.com,careers,False,https://www.r40lic.com/ | https://www.r40lic.com/contact-1,2026-10-03T22:00:20.628615+00:00,,False,http://www.r40lic.com/
R40,ChIJmfa2wdVZwokRQhZSfY9P4p0,"47-16 Vernon Blvd, Long Island City, NY 11101, USA",maitred@r40lic.com,general/unspecified,True,https://www.r40lic.com/,2026-10-03T22:00:20.628615+00:00,,False,http://www.r40lic.com/
R40,ChIJmfa2wdVZwokRQhZSfY9P4p0,"47-16 Vernon Blvd, Long Island City, NY 11101, USA",r40lic@gmail.com,general/unspecified,True,https://www.r40lic.com/ | https://www.r40lic.com/contact-1 | https://www.r40lic.com/events,2026-10-03T22:00:20.628615+00:00,,False,http://www.r40lic.com/
Ravagh Persian Grill,ChIJa7gEeahZwokRXPN6Y_WqYO0,"173 Madison Ave, New York, NY 10016, USA",info@ravaghrestaurants.com,general/unspecified,True,https://www.ravaghrestaurants.com/ | https://www.ravaghrestaurants.com/location,2026-10-03T22:00:20.997328+00:00,,False,https://www.ravaghrestaurants.com/
Red Hook Tavern,ChIJv0LelZRbwokRrUvqWn_7o98,"329 Van Brunt St, Brooklyn, NY 11231, USA",reservations@redhooktavern.com,reservations,True,https://www.redhooktavern.com/contact,2026-10-03T21:49:48.930648+00:00,,False,http://www.redhooktavern.com/
Red Rooster Harlem,ChIJFcYLJw32wokRnP5A9xO9JqM,"310 Lenox Ave, New York, NY 10027, USA",dina@redroosterharlem.com,general/unspecified,True,https://www.redroosterharlem.com/ | https://www.redroosterharlem.com/reservations | https://www.redroosterharlem.com/private-events | https://www.redroosterharlem.com/inquiry-private-events,2026-10-03T21:49:49.478800+00:00,,False,https://www.redroosterharlem.com/
Red Rooster Harlem,ChIJFcYLJw32wokRnP5A9xO9JqM,"310 Lenox Ave, New York, NY 10027, USA",info@redroosterharlem.com,general/unspecified,True,https://www.redroosterharlem.com/ | https://www.redroosterharlem.com/reservations | https://www.redroosterharlem.com/private-events | https://www.redroosterharlem.com/inquiry-private-events,2026-10-03T21:49:49.478800+00:00,,False,https://www.redroosterharlem.com/
Rolo’s,ChIJWUhoPQhdwokRYsDwo5qMnMU,"853 Onderdonk Ave, Ridgewood, NY 11385, USA",bigparties@rolosnyc.com,events/catering,False,https://www.rolosnyc.com/location/rolos/,2026-10-03T21:49:50.700982+00:00,,False,http://www.rolosnyc.com/
Rolo’s,ChIJWUhoPQhdwokRYsDwo5qMnMU,"853 Onderdonk Ave, Ridgewood, NY 11385, USA",info@rolosnyc.com,general/unspecified,True,https://www.rolosnyc.com/ | https://www.rolosnyc.com/location/rolos/,2026-10-03T21:49:50.700982+00:00,,False,http://www.rolosnyc.com/
Sac's Place,ChIJ9yi_ITdfwokR-NlVT6D9tMw,"35-11 35th Ave, Astoria, NY 11106, USA",sacsplace@gmail.com,general/unspecified,True,https://sacsplace.com,2026-10-03T22:00:21.676051+00:00,,False,http://www.sacsplace.com/
Saigon Shack,ChIJp7CcJ5JZwokRCZHeOFZwxkc,"114 MacDougal St, New York, NY 10012, USA",saigonshack114@gmail.com,general/unspecified,True,https://www.saigonshack.com/ | https://www.saigonshack.com/contact,2026-10-03T21:49:51.428228+00:00,,False,http://saigonshack.com/
Sailor,ChIJ2xcAfQFbwokRSBBCp0svARQ,"228 Dekalb Ave, Brooklyn, NY 11205, USA",ahoy@sailor.nyc,general/unspecified,True,https://www.sailor.nyc/ | https://www.sailor.nyc/contact/ | https://www.sailor.nyc/reserve/ | https://www.sailor.nyc/our-team/ | https://www.sailor.nyc/about-us/ | https://www.sailor.nyc/details-faqs/,2026-10-03T22:00:22.687716+00:00,,False,https://www.sailor.nyc/
SALSWEE,ChIJLyg8CaBZwokRbwSEztdB0Y8,"180 5th Ave, New York, NY 10010, USA",info@salswee.com,general/unspecified,True,https://salswee.com/ | https://salswee.com/pages/faq | https://salswee.com/pages/about | https://salswee.com/pages/loaction,2026-10-03T21:49:52.154097+00:00,,False,https://www.salswee.com/
Salt Hank’s,ChIJ330HVABZwokRvqws3mNYmsU,"280 Bleecker St, New York, NY 10014, USA",contact@salthanks.com,general/unspecified,True,https://salthanks.com/,2026-10-03T22:00:22.695677+00:00,,False,https://salthanks.com/
Sanyuu West,ChIJeTRXkt1ZwokRzC-G7wRz4X0,"228 W 18th St, New York, NY 10011, USA",hello@sanyuuwest.com,general/unspecified,True,https://www.sanyuuwest.com/ | https://www.sanyuuwest.com/reservations,2026-10-03T21:49:54.767224+00:00,,False,http://sanyuuwest.com/
Sao Mai,ChIJiRyw_Z1ZwokRJoGTZBGAwHY,"203 1st Ave, New York, NY 10003, USA",info@saomainyc.com,general/unspecified,True,https://saomainyc.com/contact.html,2026-10-03T21:49:54.906800+00:00,,False,http://saomainyc.com/
Semma,ChIJxZmzO7hZwokRx2fls4uU4YU,"60 Greenwich Ave, New York, NY 10011, USA",hello@semma.nyc,general/unspecified,True,https://www.semma.nyc/ | https://www.semma.nyc/draft-events,2026-10-03T21:49:55.745852+00:00,,False,http://semma.nyc/
Semma,ChIJxZmzO7hZwokRx2fls4uU4YU,"60 Greenwich Ave, New York, NY 10011, USA",press@uafoods.nyc,press/marketing,False,https://www.semma.nyc/ | https://www.semma.nyc/draft-events,2026-10-03T21:49:55.745852+00:00,,False,http://semma.nyc/
sendo,ChIJ147VsupZwokRC6Jn6kFXQPU,"876 6th Ave 1st Floor, New York, NY 10001, USA",team@sendo.nyc,general/unspecified,True,https://www.sendo.nyc/,2026-10-03T21:49:55.813513+00:00,,False,https://sendo.nyc/
Sendo,ChIJL0OAY2VZwokR7_beSa-EKAA,"43 W 8th St 2nd Floor, New York, NY 10011, USA",team@sendo.nyc,general/unspecified,True,https://www.sendo.nyc/,2026-10-03T22:00:23.709110+00:00,,False,https://sendo.nyc/
Sho Nuff Seafood,ChIJowhbU3HkrIkR819af9WuGdc,"1104 Broad St, Durham, NC 27705, USA",shonuff@shonuffseafood.com,general/unspecified,True,https://shonuffseafood.com/ | https://shonuffseafood.com/contact_us/ | https://shonuffseafood.com/about_us/,2026-10-03T21:49:56.687474+00:00,,False,http://shonuffseafood.com/
Shoo Loong Kan Hotpot Manhattan 小龙坎火锅,ChIJJccD46NZwokRu4jCJM5f_AI,"22 E 13th St, New York, NY 10003, USA",info@shooloongkan.us,general/unspecified,True,https://shooloongkan.us/ | https://shooloongkan.us/contact/ | https://shooloongkan.us/locations/ | https://shooloongkan.us/dallas-restaurant-week-reservation/,2026-10-03T21:49:57.389821+00:00,,False,http://www.shooloongkan.us/
Sobaya,ChIJVUXabZxZwokRh-_g7s0HxVI,"229 E 9th St, New York, NY 10003, USA",info@sobaya-nyc.com,general/unspecified,True,https://sobaya.square.site/,2026-10-04T20:54:58.223900+00:00,,False,http://www.sobaya-nyc.com/
Soothr,ChIJ0aS81yNZwokRIk-S2YSuvls,"204 E 13th St, New York, NY 10003, USA",info@soothrnyc.com,general/unspecified,True,https://soothrnyc.com/,2026-10-03T21:49:58.743019+00:00,,False,http://soothrnyc.com/
Sopo Korean Eats,ChIJyyiKvBNZwokRYcYmgNYPxR8,"463 7th Ave, Manhattan, NY 10018, USA",contact@eatsopo.com,general/unspecified,True,https://eatsopo.com/ | https://eatsopo.com/faq/,2026-10-03T21:49:58.898482+00:00,,False,https://eatsopo.com/
South of the Clouds 云之南 Greenwich Village,ChIJ95gIK5dZwokRwdMlTwvjFtk,"16 W 8th St, New York, NY 10011, USA",danny.liu@caliamgroup.com,general/unspecified,True,https://www.southofthecloudsnyc.com/contact,2026-10-04T20:07:49.687947+00:00,,False,
Spiga Restaurant,ChIJq5dFPYVYwokR7SJ1_3TWq1E,"57 W 84th St, New York, NY 10024, USA",spigarestaurantnyc@gmail.com,general/unspecified,True,https://spigarestaurantnyc.com/ | https://spigarestaurantnyc.com/new-york-upper-west-side-spiga-trattoria-about,2026-10-03T21:49:59.509200+00:00,,False,http://spigarestaurantnyc.com/
St. Anselm,ChIJc3Sn6BNewokR_RkenZvQhlM,"355 Metropolitan Ave, Brooklyn, NY 11211, USA",stanselmrestaurant@gmail.com,general/unspecified,True,https://www.stanselm.net/ | https://www.stanselm.net/contact,2026-10-03T21:49:59.994740+00:00,,False,http://www.stanselm.net/
Steve's Authentic Key Lime Pie,ChIJ8x57qIhawokRMX-QQ7JtIUc,"185 Van Dyke St, Brooklyn, NY 11231, USA",inquiry@keylime.com,general/unspecified,True,https://keylime.com/be-in-touch/,2026-10-05T07:37:41.953143+00:00,"Promotes the prior roadtrippers candidate (inquiry@keylime.com) to source-backed: the restaurant's own 'Talk To Us' and 'Be In Touch' pages both publish mailto:inquiry@keylime.com as the preferred contact method. NOTE: the Be In Touch page also contains one malformed duplicate anchor 'mailto:inquiry@keylime.com.com' (doubled .com) next to the correct one; the correct address inquiry@keylime.com is the one independently published on /talk-to-us/ — not repaired silently, both recorded. keylime.com root was previously robot_excluded and was not fetched; only the /talk-to-us/ and /be-in-touch/ subpages were inspected. Parent independently confirmed exact correct mailto:inquiry@keylime.com?subject=General%20Inquiry on official Be In Touch page beside 185 Van Dyke St and 718-858-5333. Page calls email preferred contact method. Another malformed duplicate ends .com.com; correct mailbox is separately published and was NOT repaired. Resolve prior directory candidate, retaining history.",False,https://keylime.com/
Sumatera Restaurant NYC,ChIJ21T-e6xfwokRy_clAmiiMDg,"86-20 Whitney Ave, Elmhurst, NY 11373, USA",sumateranyc@gmail.com,general/unspecified,True,https://www.facebook.com/61561171916557/about/,2026-10-05T07:37:41.953894+00:00,"Published on the business's own Facebook About/contact-info section (rendered publicly without login). Corroborates prior candidate-free status. Prior linktr.ee URL is robot-excluded and was not revisited. Parent independently re-rendered public business Contact info: exact mailbox beside 86-20 Whitney Ave, (347) 448-6297 and saved linktr.ee/sumatera.nyc. Intentional general business publication, no login or delivery test.",False,http://linktr.ee/sumatera.nyc
Sushi Hatsune,ChIJaUL6oqlbwokRJicLoAka3-0,"50 Eldridge St, New York, NY 10002, USA",sushihatsune50@gmail.com,general/unspecified,True,https://sushihatsunenyc.com/?utm_source=google,2026-10-03T22:00:25.174636+00:00,,False,https://sushihatsunenyc.com/?utm_source=google
Sweet Afton,ChIJWx0TrzhfwokRjlhD_Yop39c,"30-09 34th St, Astoria, NY 11103, USA",chelsea@buabar.com,general/unspecified,True,https://www.sweetaftonbar.com/ | https://www.sweetaftonbar.com/events/ | https://www.sweetaftonbar.com/hours-and-location/,2026-10-03T22:00:25.297131+00:00,,False,http://www.sweetaftonbar.com/
Sweet Afton,ChIJWx0TrzhfwokRjlhD_Yop39c,"30-09 34th St, Astoria, NY 11103, USA",events@sweetaftonbar.com,events/catering,False,https://www.sweetaftonbar.com/ | https://www.sweetaftonbar.com/events/ | https://www.sweetaftonbar.com/hours-and-location/,2026-10-03T22:00:25.297131+00:00,,False,http://www.sweetaftonbar.com/
Sweet Afton,ChIJWx0TrzhfwokRjlhD_Yop39c,"30-09 34th St, Astoria, NY 11103, USA",info@sweetaftonbar.com,general/unspecified,True,https://www.sweetaftonbar.com/ | https://www.sweetaftonbar.com/events/ | https://www.sweetaftonbar.com/hours-and-location/,2026-10-03T22:00:25.297131+00:00,,False,http://www.sweetaftonbar.com/
Sweet Afton,ChIJWx0TrzhfwokRjlhD_Yop39c,"30-09 34th St, Astoria, NY 11103, USA",livemusic@sweetaftonbar.com,general/unspecified,True,https://www.sweetaftonbar.com/ | https://www.sweetaftonbar.com/events/ | https://www.sweetaftonbar.com/hours-and-location/,2026-10-03T22:00:25.297131+00:00,,False,http://www.sweetaftonbar.com/
Sweet Afton,ChIJWx0TrzhfwokRjlhD_Yop39c,"30-09 34th St, Astoria, NY 11103, USA",media@sweetaftonbar.com,press/marketing,False,https://www.sweetaftonbar.com/ | https://www.sweetaftonbar.com/events/ | https://www.sweetaftonbar.com/hours-and-location/,2026-10-03T22:00:25.297131+00:00,,False,http://www.sweetaftonbar.com/
Sweet Afton,ChIJWx0TrzhfwokRjlhD_Yop39c,"30-09 34th St, Astoria, NY 11103, USA",music@sweetaftonbar.com,general/unspecified,True,https://www.sweetaftonbar.com/ | https://www.sweetaftonbar.com/events/ | https://www.sweetaftonbar.com/hours-and-location/,2026-10-03T22:00:25.297131+00:00,,False,http://www.sweetaftonbar.com/
Sweet Cake,ChIJsRvSV21hwokRFnXOw76ysmU,"137-06 Northern Blvd, Flushing, NY 11354, USA",sweetmomentcakeinc@gmail.com,general/unspecified,True,https://www.facebook.com/SweetCakeNY/about/,2026-10-05T07:37:41.955382+00:00,"Promotes the prior chamberofcommerce candidate: now verified as published on the restaurant's own Facebook contact-info section with matching address/phone. NY DOS record (opengovny.com/corporation/6590821) shows the operating entity is Sweet Moment Cake Inc., consistent with the address owner. The Facebook-listed website dessertsflushing.com currently redirects to an unrelated spam/slot site and should not be trusted. Parent independently re-rendered public business Contact info: exact mailbox beside saved 137-06 Northern Blvd and (929) 329-0666. Primary evidence resolves prior third-party candidate, preserving history. Listed website redirects to spam and is not used as authority.",False,https://www.instagram.com/sweetcakenewyork/
Sweet Talk Cafe,ChIJm4ed4NyTrIkRCgqkebIStvg,"2008 Creekside Landing Dr, Apex, NC 27502, USA",sweettalkcafe@gmail.com,general/unspecified,True,https://www.sweettalkcafenc.com/ | https://www.sweettalkcafenc.com/joinourteam,2026-10-03T21:50:01.237976+00:00,,False,https://www.sweettalkcafenc.com/
Sweet Talk Cafe,ChIJm4ed4NyTrIkRCgqkebIStvg,"2008 Creekside Landing Dr, Apex, NC 27502, USA",sweettalkcafenc@gmail.com,general/unspecified,True,https://www.sweettalkcafenc.com/ | https://www.sweettalkcafenc.com/joinourteam,2026-10-03T21:50:01.237976+00:00,,False,https://www.sweettalkcafenc.com/
Sybil's Bakery & Restaurant,ChIJL7GPxt1gwokRFcx-mlU8sys,"159-24 Hillside Ave., Jamaica, NY 11432, USA",sybilshillside@gmail.com,general/unspecified,True,https://www.facebook.com/SybilsHillside/about/,2026-10-05T07:37:41.955937+00:00,"Published in the page's public Contact info section (rendered without login). The family also runs a South Richmond Hill branch and a Lauderhill, FL location; this address is specifically the Hillside/Jamaica page. Note: the page also links sybilsoriginal.com, which is currently a lapsed Wix 'Reconnect Your Domain' placeholder. Original browser tool capture independently audited: public Sybils Hillside business Contact info lists exact mailbox beside saved 159-24 Hillside Ave and (718) 297-2359. Branch-specific, not other Sybils location. Parent replay login-walled; no bypass. Listed Wix domain is lapsed.",False,
Taberna Tapas,ChIJK_rmf23krIkR06taxOVUYLg,"325 W Main St, Durham, NC 27701, USA",info@tabernatapas.com,general/unspecified,True,https://tabernatapas.com/,2026-10-03T21:50:01.544622+00:00,,False,http://tabernatapas.com/
Tachi,ChIJESihDq5ZwokREKeijupCgQM,"339 W 44th St, New York, NY 10036, USA",hello@tachinyc.com,general/unspecified,True,https://www.tachinyc.com/ | https://www.tachinyc.com/contact | https://www.tachinyc.com/about,2026-10-03T22:00:25.322603+00:00,,False,https://tachinyc.com/
Tacos 1986 West Village,ChIJG4KjIzNZwokRoNPsES4eqaA,"1 Cornelia St, New York, NY 10014, USA",wecater@tacos1986.com,events/catering,False,https://tacos1986.com/catering,2026-10-05T07:37:41.956930+00:00,"Published as a mailto link on the official site's catering page. Purpose is catering-specific; the general-inquiry channel is the contact form below. Parent independently confirmed literal publication and mailto on official brand Catering page. Context expressly catering/events, not general email. Brand covers West Village via its official location page; general inquiries use existing form instead.",False,https://tacos1986.com/westvillage
Taiyaki NYC Japanese Ice Cream,ChIJJWY834lZwokRamN-INPv7Yk,"119 Baxter St, New York, NY 10013, USA",info@taiyakinyc.com,general/unspecified,True,https://taiyakinyc.com/ | https://taiyakinyc.com/contact | https://taiyakinyc.com/catering | https://taiyakinyc.com/allergen-information | https://taiyakinyc.com/about | https://taiyakinyc.com/presslog/circanews,2026-10-03T21:50:02.267578+00:00,,False,http://taiyakinyc.com/
Taverna Kyclades Astoria,ChIJ90pvtWdfwokRw86tuNLCG7g,"36-01 Ditmars Blvd, Astoria, NY 11105, USA",tavernakyclades@gmail.com,general/unspecified,True,https://www.tavernakyclades.com/,2026-10-03T22:11:39.691843+00:00,,False,http://www.tavernakyclades.com/
Teranga Midtown,ChIJi-bJgEtZwokRFayt5jCnQz0,"601 Lexington Avenue, 153 E 53rd St, New York, NY 10022, USA",info@itsteranga.com,general/unspecified,True,https://itsteranga.com/conact-us,2026-10-03T22:00:27.522561+00:00,,False,https://itsteranga.com/
Teranga Midtown,ChIJi-bJgEtZwokRFayt5jCnQz0,"601 Lexington Avenue, 153 E 53rd St, New York, NY 10022, USA",jobs@itsteranga.com,careers,False,https://itsteranga.com/conact-us,2026-10-03T22:00:27.522561+00:00,,False,https://itsteranga.com/
The Hideout Chai Bar,ChIJv_6WmoZZwokRbuo1pyegDRE,"42 Rivington St, New York, NY 10002, USA",info@thehideoutnyc.com,general/unspecified,True,https://www.thehideoutnyc.com/,2026-10-04T20:25:57.139663+00:00,,False,http://thehideoutnyc.com/
The Hugh,ChIJCwFFZmBZwokR4O1BUs_zrJU,"157 E 53rd St, New York, NY 10022, USA",thehugh@bxp.com,general/unspecified,True,https://www.thehughnyc.com/ | https://www.thehughnyc.com/about | https://www.thehughnyc.com/events,2026-10-03T21:50:07.789457+00:00,,False,http://www.thehughnyc.com/
The Mark Hotel,ChIJXYOiRJRYwokRm1i3c9R6WDA,"25 E 77th St, New York, NY 10075, USA",events@themarkhotel.com,events/catering,False,https://www.themarkhotel.com/meetings-events/,2026-10-03T21:50:08.358940+00:00,,False,https://www.themarkhotel.com/?utm_source=gmb&utm_medium=organic
The Mark Hotel,ChIJXYOiRJRYwokRm1i3c9R6WDA,"25 E 77th St, New York, NY 10075, USA",reservations@themarkhotel.com,reservations,True,https://www.themarkhotel.com/information/contact/,2026-10-03T21:50:08.358940+00:00,,False,https://www.themarkhotel.com/?utm_source=gmb&utm_medium=organic
The Mark Hotel,ChIJXYOiRJRYwokRm1i3c9R6WDA,"25 E 77th St, New York, NY 10075, USA",sales@themarkhotel.com,general/unspecified,True,https://www.themarkhotel.com/meetings-events/,2026-10-03T21:50:08.358940+00:00,,False,https://www.themarkhotel.com/?utm_source=gmb&utm_medium=organic
The Pickle Guys,ChIJXb4wVodZwokR5x8y1U_sFqA,"357 Grand St, New York, NY 10002, USA",sales@pickleguys.com,general/unspecified,True,https://pickleguys.com/ | https://pickleguys.com/pages/contact-us | https://pickleguys.com/pages/faqs | https://pickleguys.com/pages/about-us,2026-10-03T22:00:27.789617+00:00,,False,http://pickleguys.com/
The Ship on The Shore,ChIJd9qq9wS4h0gRPCl3pJsttBg,"24-26 Shore, Leith, Edinburgh EH6 6QN, UK",seafood@theshipontheshore.co.uk,general/unspecified,True,https://www.theshipontheshore.co.uk/ | https://www.theshipontheshore.co.uk/reservations/,2026-10-03T22:00:28.763683+00:00,,False,https://www.theshipontheshore.co.uk/
Theodora,ChIJJye7jZBbwokRtioAck7uEIg,"7 Greene Ave, Brooklyn, NY 11238, USA",info@theodoranyc.com,general/unspecified,True,https://www.theodoranyc.com/ | https://www.theodoranyc.com/contact | https://www.theodoranyc.com/contact-5 | https://www.theodoranyc.com/beachclub | https://www.theodoranyc.com/privateevents,2026-10-03T21:50:09.557803+00:00,,False,https://www.theodoranyc.com/
Thirteen Water,ChIJsTmHXltZwokRXisc2lNWYrE,"208 E 7th St, New York, NY 10009, USA",hello@thirteenwaterwest.com,general/unspecified,True,https://www.thirteenwater.com/contact | https://www.thirteenwater.com/reservations,2026-10-03T21:50:11.199043+00:00,,False,http://thirteenwater.com/
Thirteen Water,ChIJsTmHXltZwokRXisc2lNWYrE,"208 E 7th St, New York, NY 10009, USA",omakase@thirteenwater.com,general/unspecified,True,https://www.thirteenwater.com/contact | https://www.thirteenwater.com/reservations,2026-10-03T21:50:11.199043+00:00,,False,http://thirteenwater.com/
Tokyo Ya,ChIJAxwnU2BfwokR3rwo_uhZnx8,"36-06 Ditmars Blvd, Astoria, NY 11105, USA",tokyoyanyc@gmail.com,general/unspecified,True,https://www.tokyoyanyc.com/,2026-10-04T20:32:49.136109+00:00,,False,https://www.tokyoyaastoria.com/
Tomi Jazz,ChIJVcSnm-NYwokRnGivcMPc81Q,"239 E 53rd St, New York, NY 10022, USA",haken.performance@gmail.com,musician booking,False,https://www.tomijazz.com/booking-for-musicians/,2026-10-05T08:21:32.568440+00:00,"This is NOT a general customer-inquiry email; the official contact page (https://www.tomijazz.com/contact/) explicitly directs all questions to its on-page form ('If you have any questions, please use the form below. We do not accept any private event requests.'). Recorded because it is a real published restaurant-specific address with a labeled restricted purpose; a general address does not appear to be published. Parent confirmed explicit send music samples mailto on official musician-booking page. Text also says not currently hiring due to COVID-19 (stale notice); retain current publication with historical-purpose/monitoring caveat, never general customer contact.",False,http://www.tomijazz.com/
Tradisyon,ChIJdyk-enFZwokR1bLvV9GdJSQ,"Vanderbilt Market - Bars & Eateries, 230 Park Ave, New York, NY 10169, USA",info@tradisyonnyc.com,general/unspecified,True,https://tradisyonnyc.com/ | https://tradisyonnyc.com/new-york-tradisyon-about,2026-10-03T22:00:29.163512+00:00,,False,http://www.tradisyonnyc.com/
Untable,ChIJ_zbudV1bwokRyxgi4zQEn0Y,"529 Henry St, Brooklyn, NY 11231, USA",untablebrooklyn@gmail.com,general/unspecified,True,https://www.untablebrooklyn.com/ | https://www.untablebrooklyn.com | https://www.untablebrooklyn.com/aboutus,2026-10-03T22:00:29.940315+00:00,,False,http://www.untablebrooklyn.com/
Vezzo NYC Thin Crust Pizza,ChIJzUb4cghZwokRHMDVYRngGeI,"178 Lexington Ave, New York, NY 10016, USA",support@nycthincrust.com,privacy/legal,False,https://www.nycthincrust.com/privacy-policy,2026-10-05T08:21:32.569898+00:00,"Real published support address on the brand family's own website (privacy/legal + support purposes), covering Vezzo. It is brand-level (Gruppo/Posto/Vezzo/Spun family), not Vezzo-branch-specific, and no branch-specific email for Vezzo was found. The location page and contact form carry no published email (form only). Parent confirmed repeated literal privacy/data/marketing request mailtos on official operator-group policy covering Vezzo. Only privacy/legal purpose supported; support local-part does not establish general inquiries.",False,https://www.nycthincrust.com/location/vezzo-thin-crust/
Voilà Afrique,ChIJ2ZGvvvdZwokRkF5GiWyBOjc,"Inside Giant Farmers Market, 324 Main St, Hackensack, NJ 07601, USA",voilaafrique@yahoo.com,general/unspecified,True,https://voilaafrique.com/ | https://voilaafrique.com/hackensack-hackensack-voila-afrique-about,2026-10-03T21:50:22.945072+00:00,,False,http://voilaafrique.com/
Walter's Hot Dogs - Mamaroneck,ChIJsa5CHIqRwokRzKO1FPeVqF0,"937 Palmer Ave, Mamaroneck, NY 10543, USA",hiring@waltershotdogs.com,careers,False,http://www.waltershotdogs.com/new-page-2,2026-10-03T21:50:23.428137+00:00,,False,http://www.waltershotdogs.com/
Walter's Hot Dogs - Mamaroneck,ChIJsa5CHIqRwokRzKO1FPeVqF0,"937 Palmer Ave, Mamaroneck, NY 10543, USA",info@waltershotdogs.com,general/unspecified,True,http://www.waltershotdogs.com/ | http://www.waltershotdogs.com/new-page-2 | http://www.waltershotdogs.com/about,2026-10-03T21:50:23.428137+00:00,,False,http://www.waltershotdogs.com/
Walter's Hot Dogs - Mamaroneck,ChIJsa5CHIqRwokRzKO1FPeVqF0,"937 Palmer Ave, Mamaroneck, NY 10543, USA",press@waltershotdogs.com,press/marketing,False,http://www.waltershotdogs.com/new-page-2,2026-10-03T21:50:23.428137+00:00,,False,http://www.waltershotdogs.com/
Walter's Hot Dogs - Mamaroneck,ChIJsa5CHIqRwokRzKO1FPeVqF0,"937 Palmer Ave, Mamaroneck, NY 10543, USA",truck@waltershotdogs.com,general/unspecified,True,http://www.waltershotdogs.com/new-page-2,2026-10-03T21:50:23.428137+00:00,,False,http://www.waltershotdogs.com/
West New Malaysia,ChIJ96ZaW9RZwokR_9w0VNf-5lw,"69 Bayard St, New York, NY 10013, USA",w.n.malaysiarestaurant@gmail.com,general/unspecified,True,https://westnewmalaysia.org/ | https://westnewmalaysia.org/new-york-chinatown-west-new-malaysia-catering | https://westnewmalaysia.org/new-york-chinatown-west-new-malaysia-events | https://westnewmalaysia.org/new-york-chinatown-west-new-malaysia-reservations | https://westnewmalaysia.org/-reservations?source=pop_up&spot_id=130693&destination=reservations&promotion=reservations,2026-10-03T21:50:23.454447+00:00,,False,https://westnewmalaysia.org/
Win Son Bakery,ChIJWUWEmp9bwokRD6Q20axkQoc,"164 Graham Ave, Brooklyn, NY 11206, USA",bakery@winsonbrooklyn.com,general/unspecified,True,https://winsonbrooklyn.com/bakery,2026-10-04T20:50:13.816931+00:00,,False,http://winsonbrooklyn.com/
Xie Bao Flushing 蟹寶,ChIJw9v2VQBhwokRFqwgp_ITfG8,"133-35 Roosevelt Ave, Flushing, NY 11354, USA",hello@xiebao.com,general/unspecified,True,https://www.xiebaousa.com/about,2026-10-05T08:21:32.550656+00:00,"Brand-level email, not a verified branch-specific recipient. The published Flushing phone differs from cached (917) 563-1011. Confirm branch routing and recipient before discussing medical information. Publication was directly re-inspected in an isolated headless browser; inbox delivery untested. Parent twice directly confirmed advertised mailbox/mailto in Visit & Contact section of brand about page, expressly inviting phone/email/social and listing saved Flushing 133-35 Roosevelt Avenue. Brand-level recipient; live Flushing phone differs from cache. Confirm branch routing/ownership before sensitive disclosure.",False,
Xie Bao 蟹宝,ChIJjTA_UwBZwokRJcOl4K-BXJU,"650 9th Ave, New York, NY 10036, USA",hello@xiebao.com,general/unspecified,True,https://www.xiebaousa.com/faq | https://www.xiebaousa.com/about,2026-10-04T20:08:32.782745+00:00,,False,
Yemen Café & Restaurant,ChIJExC3nU9awokRgODOvdb3awc,"176 Atlantic Ave, Brooklyn, NY 11201, USA",yemencafe1@gmail.com,general/unspecified,True,https://yemencafe.com/yemencafrestaurantatlantic?utm_source=google | https://yemencafe.com/page/contact-us,2026-10-03T21:50:25.947778+00:00,,False,https://yemencafe.com/yemencafrestaurantatlantic?utm_source=google
Yemen Café & Restaurant,ChIJExC3nU9awokRgODOvdb3awc,"176 Atlantic Ave, Brooklyn, NY 11201, USA",yemencafe2@gmail.com,general/unspecified,True,https://yemencafe.com/yemencafrestaurantatlantic?utm_source=google | https://yemencafe.com/page/contact-us,2026-10-03T21:50:25.947778+00:00,,False,https://yemencafe.com/yemencafrestaurantatlantic?utm_source=google
Yemen Café & Restaurant,ChIJExC3nU9awokRgODOvdb3awc,"176 Atlantic Ave, Brooklyn, NY 11201, USA",yemencafe3@gmail.com,general/unspecified,True,https://yemencafe.com/yemencafrestaurantatlantic?utm_source=google | https://yemencafe.com/page/contact-us,2026-10-03T21:50:25.947778+00:00,,False,https://yemencafe.com/yemencafrestaurantatlantic?utm_source=google
Yummy Noodle House,ChIJz__1TsphwokR0jywVu1dqOM,"33-35 Francis Lewis Blvd, Flushing, NY 11358, USA",yummynoodlehousenyc@gmail.com,general/unspecified,True,https://yummynoodlehousenyc.wixsite.com/home | https://yummynoodlehousenyc.wixsite.com/home/contact | https://yummynoodlehousenyc.wixsite.com/home/contact-us,2026-10-03T21:50:26.533421+00:00,,False,https://yummynoodlehousenyc.wixsite.com/home
Zuma New York,ChIJjxZ92gBZwokRBs-63wLcBp8,"261 Madison Ave, New York, NY 10016, USA",events.ny@zumarestaurant.us,events/catering,False,https://www.zumarestaurant.com/en/new-york/private-dining,2026-10-03T21:50:27.220647+00:00,,False,https://www.zumarestaurant.com/en/new-york?utm_source=InfoButtonClick&utm_medium=Home&utm_campaign=GoogleBusinessProfile
Zuma New York,ChIJjxZ92gBZwokRBs-63wLcBp8,"261 Madison Ave, New York, NY 10016, USA",info.ny@zumarestaurant.us,general/unspecified,True,https://www.zumarestaurant.com/en/new-york?utm_source=InfoButtonClick&utm_medium=Home&utm_campaign=GoogleBusinessProfile | https://www.zumarestaurant.com/en/new-york,2026-10-03T21:50:27.220647+00:00,,False,https://www.zumarestaurant.com/en/new-york?utm_source=InfoButtonClick&utm_medium=Home&utm_campaign=GoogleBusinessProfile
